Vdd	V(vdd)	V(vin)	I(Vdd)	I(Vin)	Ib(M1)	Id(M1)	Ig(M1)	Is(M1)
Step Information: Vin=0  (Step: 1/6)
0.000000000000000e+00	0.000000e+00	0.000000e+00	0.000000e+00	0.000000e+00	0.000000e+00	0.000000e+00	0.000000e+00	-0.000000e+00
2.000000000000000e-02	2.000000e-02	0.000000e+00	-4.538488e-14	0.000000e+00	-2.538488e-14	4.538488e-14	0.000000e+00	-2.000000e-14
4.000000000000000e-02	4.000000e-02	0.000000e+00	-8.787007e-14	0.000000e+00	-4.787007e-14	8.787007e-14	0.000000e+00	-4.000000e-14
6.000000000000000e-02	6.000000e-02	0.000000e+00	-1.290170e-13	0.000000e+00	-6.901701e-14	1.290170e-13	0.000000e+00	-6.000000e-14
8.000000000000000e-02	8.000000e-02	0.000000e+00	-1.695463e-13	0.000000e+00	-8.954634e-14	1.695463e-13	0.000000e+00	-8.000000e-14
1.000000000000000e-01	1.000000e-01	0.000000e+00	-2.097906e-13	0.000000e+00	-1.097906e-13	2.097906e-13	0.000000e+00	-1.000000e-13
1.200000000000000e-01	1.200000e-01	0.000000e+00	-2.499034e-13	0.000000e+00	-1.299034e-13	2.499034e-13	0.000000e+00	-1.200000e-13
1.400000000000000e-01	1.400000e-01	0.000000e+00	-2.899554e-13	0.000000e+00	-1.499554e-13	2.899554e-13	0.000000e+00	-1.400000e-13
1.600000000000000e-01	1.600000e-01	0.000000e+00	-3.299794e-13	0.000000e+00	-1.699794e-13	3.299794e-13	0.000000e+00	-1.600000e-13
1.800000000000000e-01	1.800000e-01	0.000000e+00	-3.699905e-13	0.000000e+00	-1.899905e-13	3.699905e-13	0.000000e+00	-1.800000e-13
2.000000000000000e-01	2.000000e-01	0.000000e+00	-4.099956e-13	0.000000e+00	-2.099956e-13	4.099956e-13	0.000000e+00	-2.000000e-13
2.200000000000000e-01	2.200000e-01	0.000000e+00	-4.499980e-13	0.000000e+00	-2.299980e-13	4.499980e-13	0.000000e+00	-2.200000e-13
2.400000000000000e-01	2.400000e-01	0.000000e+00	-4.899990e-13	0.000000e+00	-2.499991e-13	4.899990e-13	0.000000e+00	-2.400000e-13
2.600000000000000e-01	2.600000e-01	0.000000e+00	-5.299995e-13	0.000000e+00	-2.699996e-13	5.299995e-13	0.000000e+00	-2.600000e-13
2.800000000000000e-01	2.800000e-01	0.000000e+00	-5.699998e-13	0.000000e+00	-2.899998e-13	5.699998e-13	0.000000e+00	-2.800000e-13
3.000000000000000e-01	3.000000e-01	0.000000e+00	-6.099999e-13	0.000000e+00	-3.099999e-13	6.099999e-13	0.000000e+00	-3.000000e-13
3.200000000000000e-01	3.200000e-01	0.000000e+00	-6.500000e-13	0.000000e+00	-3.300000e-13	6.500000e-13	0.000000e+00	-3.200000e-13
3.400000000000000e-01	3.400000e-01	0.000000e+00	-6.900000e-13	0.000000e+00	-3.500000e-13	6.900000e-13	0.000000e+00	-3.400000e-13
3.600000000000000e-01	3.600000e-01	0.000000e+00	-7.300000e-13	0.000000e+00	-3.700000e-13	7.300000e-13	0.000000e+00	-3.600000e-13
3.800000000000000e-01	3.800000e-01	0.000000e+00	-7.700000e-13	0.000000e+00	-3.900000e-13	7.700000e-13	0.000000e+00	-3.800000e-13
4.000000000000000e-01	4.000000e-01	0.000000e+00	-8.100000e-13	0.000000e+00	-4.100000e-13	8.100000e-13	0.000000e+00	-4.000000e-13
4.200000000000000e-01	4.200000e-01	0.000000e+00	-8.500000e-13	0.000000e+00	-4.300000e-13	8.500000e-13	0.000000e+00	-4.200000e-13
4.400000000000000e-01	4.400000e-01	0.000000e+00	-8.900000e-13	0.000000e+00	-4.500000e-13	8.900000e-13	0.000000e+00	-4.400000e-13
4.600000000000000e-01	4.600000e-01	0.000000e+00	-9.300000e-13	0.000000e+00	-4.700000e-13	9.300000e-13	0.000000e+00	-4.600000e-13
4.800000000000000e-01	4.800000e-01	0.000000e+00	-9.700000e-13	0.000000e+00	-4.900000e-13	9.700000e-13	0.000000e+00	-4.800000e-13
5.000000000000000e-01	5.000000e-01	0.000000e+00	-1.010000e-12	0.000000e+00	-5.100000e-13	1.010000e-12	0.000000e+00	-5.000000e-13
5.200000000000000e-01	5.200000e-01	0.000000e+00	-1.050000e-12	0.000000e+00	-5.300000e-13	1.050000e-12	0.000000e+00	-5.200000e-13
5.400000000000000e-01	5.400000e-01	0.000000e+00	-1.090000e-12	0.000000e+00	-5.500000e-13	1.090000e-12	0.000000e+00	-5.400000e-13
5.600000000000001e-01	5.600000e-01	0.000000e+00	-1.130000e-12	0.000000e+00	-5.700000e-13	1.130000e-12	0.000000e+00	-5.600000e-13
5.800000000000000e-01	5.800000e-01	0.000000e+00	-1.170000e-12	0.000000e+00	-5.900000e-13	1.170000e-12	0.000000e+00	-5.800000e-13
6.000000000000000e-01	6.000000e-01	0.000000e+00	-1.210000e-12	0.000000e+00	-6.100000e-13	1.210000e-12	0.000000e+00	-6.000000e-13
6.200000000000000e-01	6.200000e-01	0.000000e+00	-1.250000e-12	0.000000e+00	-6.300000e-13	1.250000e-12	0.000000e+00	-6.200000e-13
6.400000000000000e-01	6.400000e-01	0.000000e+00	-1.290000e-12	0.000000e+00	-6.500000e-13	1.290000e-12	0.000000e+00	-6.400000e-13
6.600000000000000e-01	6.600000e-01	0.000000e+00	-1.330000e-12	0.000000e+00	-6.700000e-13	1.330000e-12	0.000000e+00	-6.600000e-13
6.800000000000000e-01	6.800000e-01	0.000000e+00	-1.370000e-12	0.000000e+00	-6.900000e-13	1.370000e-12	0.000000e+00	-6.800000e-13
7.000000000000001e-01	7.000000e-01	0.000000e+00	-1.410000e-12	0.000000e+00	-7.100000e-13	1.410000e-12	0.000000e+00	-7.000000e-13
7.200000000000000e-01	7.200000e-01	0.000000e+00	-1.450000e-12	0.000000e+00	-7.300000e-13	1.450000e-12	0.000000e+00	-7.200000e-13
7.400000000000000e-01	7.400000e-01	0.000000e+00	-1.490000e-12	0.000000e+00	-7.500000e-13	1.490000e-12	0.000000e+00	-7.400000e-13
7.600000000000000e-01	7.600000e-01	0.000000e+00	-1.530000e-12	0.000000e+00	-7.700000e-13	1.530000e-12	0.000000e+00	-7.600000e-13
7.800000000000000e-01	7.800000e-01	0.000000e+00	-1.570000e-12	0.000000e+00	-7.900000e-13	1.570000e-12	0.000000e+00	-7.800000e-13
8.000000000000000e-01	8.000000e-01	0.000000e+00	-1.610000e-12	0.000000e+00	-8.100000e-13	1.610000e-12	0.000000e+00	-8.000000e-13
8.200000000000001e-01	8.200000e-01	0.000000e+00	-1.650000e-12	0.000000e+00	-8.300000e-13	1.650000e-12	0.000000e+00	-8.200000e-13
8.400000000000000e-01	8.400000e-01	0.000000e+00	-1.690000e-12	0.000000e+00	-8.500000e-13	1.690000e-12	0.000000e+00	-8.400000e-13
8.600000000000000e-01	8.600000e-01	0.000000e+00	-1.730000e-12	0.000000e+00	-8.700000e-13	1.730000e-12	0.000000e+00	-8.600000e-13
8.800000000000000e-01	8.800000e-01	0.000000e+00	-1.770000e-12	0.000000e+00	-8.900000e-13	1.770000e-12	0.000000e+00	-8.800000e-13
9.000000000000000e-01	9.000000e-01	0.000000e+00	-1.810000e-12	0.000000e+00	-9.100000e-13	1.810000e-12	0.000000e+00	-9.000000e-13
9.200000000000000e-01	9.200000e-01	0.000000e+00	-1.850000e-12	0.000000e+00	-9.300000e-13	1.850000e-12	0.000000e+00	-9.200000e-13
9.400000000000001e-01	9.400000e-01	0.000000e+00	-1.890000e-12	0.000000e+00	-9.500000e-13	1.890000e-12	0.000000e+00	-9.400000e-13
9.600000000000000e-01	9.600000e-01	0.000000e+00	-1.930000e-12	0.000000e+00	-9.700000e-13	1.930000e-12	0.000000e+00	-9.600000e-13
9.800000000000000e-01	9.800000e-01	0.000000e+00	-1.970000e-12	0.000000e+00	-9.900000e-13	1.970000e-12	0.000000e+00	-9.800000e-13
1.000000000000000e+00	1.000000e+00	0.000000e+00	-2.010000e-12	0.000000e+00	-1.010000e-12	2.010000e-12	0.000000e+00	-1.000000e-12
1.020000000000000e+00	1.020000e+00	0.000000e+00	-2.050000e-12	0.000000e+00	-1.030000e-12	2.050000e-12	0.000000e+00	-1.020000e-12
1.040000000000000e+00	1.040000e+00	0.000000e+00	-2.090000e-12	0.000000e+00	-1.050000e-12	2.090000e-12	0.000000e+00	-1.040000e-12
1.060000000000000e+00	1.060000e+00	0.000000e+00	-2.130000e-12	0.000000e+00	-1.070000e-12	2.130000e-12	0.000000e+00	-1.060000e-12
1.080000000000000e+00	1.080000e+00	0.000000e+00	-2.170000e-12	0.000000e+00	-1.090000e-12	2.170000e-12	0.000000e+00	-1.080000e-12
1.100000000000000e+00	1.100000e+00	0.000000e+00	-2.210000e-12	0.000000e+00	-1.110000e-12	2.210000e-12	0.000000e+00	-1.100000e-12
1.120000000000000e+00	1.120000e+00	0.000000e+00	-2.250000e-12	0.000000e+00	-1.130000e-12	2.250000e-12	0.000000e+00	-1.120000e-12
1.140000000000000e+00	1.140000e+00	0.000000e+00	-2.290000e-12	0.000000e+00	-1.150000e-12	2.290000e-12	0.000000e+00	-1.140000e-12
1.160000000000000e+00	1.160000e+00	0.000000e+00	-2.330000e-12	0.000000e+00	-1.170000e-12	2.330000e-12	0.000000e+00	-1.160000e-12
1.180000000000000e+00	1.180000e+00	0.000000e+00	-2.370000e-12	0.000000e+00	-1.190000e-12	2.370000e-12	0.000000e+00	-1.180000e-12
1.200000000000000e+00	1.200000e+00	0.000000e+00	-2.410000e-12	0.000000e+00	-1.210000e-12	2.410000e-12	0.000000e+00	-1.200000e-12
1.220000000000000e+00	1.220000e+00	0.000000e+00	-2.450000e-12	0.000000e+00	-1.230000e-12	2.450000e-12	0.000000e+00	-1.220000e-12
1.240000000000000e+00	1.240000e+00	0.000000e+00	-2.490000e-12	0.000000e+00	-1.250000e-12	2.490000e-12	0.000000e+00	-1.240000e-12
1.260000000000000e+00	1.260000e+00	0.000000e+00	-2.530000e-12	0.000000e+00	-1.270000e-12	2.530000e-12	0.000000e+00	-1.260000e-12
1.280000000000000e+00	1.280000e+00	0.000000e+00	-2.570000e-12	0.000000e+00	-1.290000e-12	2.570000e-12	0.000000e+00	-1.280000e-12
1.300000000000000e+00	1.300000e+00	0.000000e+00	-2.610000e-12	0.000000e+00	-1.310000e-12	2.610000e-12	0.000000e+00	-1.300000e-12
1.320000000000000e+00	1.320000e+00	0.000000e+00	-2.650000e-12	0.000000e+00	-1.330000e-12	2.650000e-12	0.000000e+00	-1.320000e-12
1.340000000000000e+00	1.340000e+00	0.000000e+00	-2.690000e-12	0.000000e+00	-1.350000e-12	2.690000e-12	0.000000e+00	-1.340000e-12
1.360000000000000e+00	1.360000e+00	0.000000e+00	-2.730000e-12	0.000000e+00	-1.370000e-12	2.730000e-12	0.000000e+00	-1.360000e-12
1.380000000000000e+00	1.380000e+00	0.000000e+00	-2.770000e-12	0.000000e+00	-1.390000e-12	2.770000e-12	0.000000e+00	-1.380000e-12
1.400000000000000e+00	1.400000e+00	0.000000e+00	-2.810000e-12	0.000000e+00	-1.410000e-12	2.810000e-12	0.000000e+00	-1.400000e-12
1.420000000000000e+00	1.420000e+00	0.000000e+00	-2.850000e-12	0.000000e+00	-1.430000e-12	2.850000e-12	0.000000e+00	-1.420000e-12
1.440000000000000e+00	1.440000e+00	0.000000e+00	-2.890000e-12	0.000000e+00	-1.450000e-12	2.890000e-12	0.000000e+00	-1.440000e-12
1.460000000000000e+00	1.460000e+00	0.000000e+00	-2.930000e-12	0.000000e+00	-1.470000e-12	2.930000e-12	0.000000e+00	-1.460000e-12
1.480000000000000e+00	1.480000e+00	0.000000e+00	-2.970000e-12	0.000000e+00	-1.490000e-12	2.970000e-12	0.000000e+00	-1.480000e-12
1.500000000000000e+00	1.500000e+00	0.000000e+00	-3.010000e-12	0.000000e+00	-1.510000e-12	3.010000e-12	0.000000e+00	-1.500000e-12
1.520000000000000e+00	1.520000e+00	0.000000e+00	-3.050000e-12	0.000000e+00	-1.530000e-12	3.050000e-12	0.000000e+00	-1.520000e-12
1.540000000000000e+00	1.540000e+00	0.000000e+00	-3.090000e-12	0.000000e+00	-1.550000e-12	3.090000e-12	0.000000e+00	-1.540000e-12
1.560000000000000e+00	1.560000e+00	0.000000e+00	-3.130000e-12	0.000000e+00	-1.570000e-12	3.130000e-12	0.000000e+00	-1.560000e-12
1.580000000000000e+00	1.580000e+00	0.000000e+00	-3.170000e-12	0.000000e+00	-1.590000e-12	3.170000e-12	0.000000e+00	-1.580000e-12
1.600000000000000e+00	1.600000e+00	0.000000e+00	-3.210000e-12	0.000000e+00	-1.610000e-12	3.210000e-12	0.000000e+00	-1.600000e-12
1.620000000000000e+00	1.620000e+00	0.000000e+00	-3.250000e-12	0.000000e+00	-1.630000e-12	3.250000e-12	0.000000e+00	-1.620000e-12
1.640000000000000e+00	1.640000e+00	0.000000e+00	-3.290000e-12	0.000000e+00	-1.650000e-12	3.290000e-12	0.000000e+00	-1.640000e-12
1.660000000000000e+00	1.660000e+00	0.000000e+00	-3.330000e-12	0.000000e+00	-1.670000e-12	3.330000e-12	0.000000e+00	-1.660000e-12
1.680000000000000e+00	1.680000e+00	0.000000e+00	-3.370000e-12	0.000000e+00	-1.690000e-12	3.370000e-12	0.000000e+00	-1.680000e-12
1.700000000000000e+00	1.700000e+00	0.000000e+00	-3.410000e-12	0.000000e+00	-1.710000e-12	3.410000e-12	0.000000e+00	-1.700000e-12
1.720000000000000e+00	1.720000e+00	0.000000e+00	-3.450000e-12	0.000000e+00	-1.730000e-12	3.450000e-12	0.000000e+00	-1.720000e-12
1.740000000000000e+00	1.740000e+00	0.000000e+00	-3.490000e-12	0.000000e+00	-1.750000e-12	3.490000e-12	0.000000e+00	-1.740000e-12
1.760000000000000e+00	1.760000e+00	0.000000e+00	-3.530000e-12	0.000000e+00	-1.770000e-12	3.530000e-12	0.000000e+00	-1.760000e-12
1.780000000000000e+00	1.780000e+00	0.000000e+00	-3.570000e-12	0.000000e+00	-1.790000e-12	3.570000e-12	0.000000e+00	-1.780000e-12
1.800000000000000e+00	1.800000e+00	0.000000e+00	-3.610000e-12	0.000000e+00	-1.810000e-12	3.610000e-12	0.000000e+00	-1.800000e-12
1.820000000000000e+00	1.820000e+00	0.000000e+00	-3.650000e-12	0.000000e+00	-1.830000e-12	3.650000e-12	0.000000e+00	-1.820000e-12
1.840000000000000e+00	1.840000e+00	0.000000e+00	-3.690000e-12	0.000000e+00	-1.850000e-12	3.690000e-12	0.000000e+00	-1.840000e-12
1.860000000000000e+00	1.860000e+00	0.000000e+00	-3.730000e-12	0.000000e+00	-1.870000e-12	3.730000e-12	0.000000e+00	-1.860000e-12
1.880000000000000e+00	1.880000e+00	0.000000e+00	-3.770000e-12	0.000000e+00	-1.890000e-12	3.770000e-12	0.000000e+00	-1.880000e-12
1.900000000000000e+00	1.900000e+00	0.000000e+00	-3.810000e-12	0.000000e+00	-1.910000e-12	3.810000e-12	0.000000e+00	-1.900000e-12
1.920000000000000e+00	1.920000e+00	0.000000e+00	-3.850000e-12	0.000000e+00	-1.930000e-12	3.850000e-12	0.000000e+00	-1.920000e-12
1.940000000000000e+00	1.940000e+00	0.000000e+00	-3.890000e-12	0.000000e+00	-1.950000e-12	3.890000e-12	0.000000e+00	-1.940000e-12
1.960000000000000e+00	1.960000e+00	0.000000e+00	-3.930000e-12	0.000000e+00	-1.970000e-12	3.930000e-12	0.000000e+00	-1.960000e-12
1.980000000000000e+00	1.980000e+00	0.000000e+00	-3.970000e-12	0.000000e+00	-1.990000e-12	3.970000e-12	0.000000e+00	-1.980000e-12
2.000000000000000e+00	2.000000e+00	0.000000e+00	-4.010000e-12	0.000000e+00	-2.010000e-12	4.010000e-12	0.000000e+00	-2.000000e-12
2.020000000000000e+00	2.020000e+00	0.000000e+00	-4.050000e-12	0.000000e+00	-2.030000e-12	4.050000e-12	0.000000e+00	-2.020000e-12
2.040000000000000e+00	2.040000e+00	0.000000e+00	-4.090000e-12	0.000000e+00	-2.050000e-12	4.090000e-12	0.000000e+00	-2.040000e-12
2.060000000000000e+00	2.060000e+00	0.000000e+00	-4.130000e-12	0.000000e+00	-2.070000e-12	4.130000e-12	0.000000e+00	-2.060000e-12
2.080000000000000e+00	2.080000e+00	0.000000e+00	-4.170000e-12	0.000000e+00	-2.090000e-12	4.170000e-12	0.000000e+00	-2.080000e-12
2.100000000000000e+00	2.100000e+00	0.000000e+00	-4.210000e-12	0.000000e+00	-2.110000e-12	4.210000e-12	0.000000e+00	-2.100000e-12
2.120000000000000e+00	2.120000e+00	0.000000e+00	-4.250000e-12	0.000000e+00	-2.130000e-12	4.250000e-12	0.000000e+00	-2.120000e-12
2.140000000000000e+00	2.140000e+00	0.000000e+00	-4.290000e-12	0.000000e+00	-2.150000e-12	4.290000e-12	0.000000e+00	-2.140000e-12
2.160000000000000e+00	2.160000e+00	0.000000e+00	-4.330000e-12	0.000000e+00	-2.170000e-12	4.330000e-12	0.000000e+00	-2.160000e-12
2.180000000000000e+00	2.180000e+00	0.000000e+00	-4.370000e-12	0.000000e+00	-2.190000e-12	4.370000e-12	0.000000e+00	-2.180000e-12
2.200000000000000e+00	2.200000e+00	0.000000e+00	-4.410000e-12	0.000000e+00	-2.210000e-12	4.410000e-12	0.000000e+00	-2.200000e-12
2.220000000000000e+00	2.220000e+00	0.000000e+00	-4.450000e-12	0.000000e+00	-2.230000e-12	4.450000e-12	0.000000e+00	-2.220000e-12
2.240000000000000e+00	2.240000e+00	0.000000e+00	-4.490000e-12	0.000000e+00	-2.250000e-12	4.490000e-12	0.000000e+00	-2.240000e-12
2.260000000000000e+00	2.260000e+00	0.000000e+00	-4.530000e-12	0.000000e+00	-2.270000e-12	4.530000e-12	0.000000e+00	-2.260000e-12
2.280000000000000e+00	2.280000e+00	0.000000e+00	-4.570000e-12	0.000000e+00	-2.290000e-12	4.570000e-12	0.000000e+00	-2.280000e-12
2.300000000000000e+00	2.300000e+00	0.000000e+00	-4.610000e-12	0.000000e+00	-2.310000e-12	4.610000e-12	0.000000e+00	-2.300000e-12
2.320000000000000e+00	2.320000e+00	0.000000e+00	-4.650000e-12	0.000000e+00	-2.330000e-12	4.650000e-12	0.000000e+00	-2.320000e-12
2.340000000000000e+00	2.340000e+00	0.000000e+00	-4.690000e-12	0.000000e+00	-2.350000e-12	4.690000e-12	0.000000e+00	-2.340000e-12
2.360000000000000e+00	2.360000e+00	0.000000e+00	-4.730000e-12	0.000000e+00	-2.370000e-12	4.730000e-12	0.000000e+00	-2.360000e-12
2.380000000000000e+00	2.380000e+00	0.000000e+00	-4.770000e-12	0.000000e+00	-2.390000e-12	4.770000e-12	0.000000e+00	-2.380000e-12
2.400000000000000e+00	2.400000e+00	0.000000e+00	-4.810000e-12	0.000000e+00	-2.410000e-12	4.810000e-12	0.000000e+00	-2.400000e-12
2.420000000000000e+00	2.420000e+00	0.000000e+00	-4.850000e-12	0.000000e+00	-2.430000e-12	4.850000e-12	0.000000e+00	-2.420000e-12
2.440000000000000e+00	2.440000e+00	0.000000e+00	-4.890000e-12	0.000000e+00	-2.450000e-12	4.890000e-12	0.000000e+00	-2.440000e-12
2.460000000000000e+00	2.460000e+00	0.000000e+00	-4.930000e-12	0.000000e+00	-2.470000e-12	4.930000e-12	0.000000e+00	-2.460000e-12
2.480000000000000e+00	2.480000e+00	0.000000e+00	-4.970000e-12	0.000000e+00	-2.490000e-12	4.970000e-12	0.000000e+00	-2.480000e-12
2.500000000000000e+00	2.500000e+00	0.000000e+00	-5.010000e-12	0.000000e+00	-2.510000e-12	5.010000e-12	0.000000e+00	-2.500000e-12
2.520000000000000e+00	2.520000e+00	0.000000e+00	-5.050000e-12	0.000000e+00	-2.530000e-12	5.050000e-12	0.000000e+00	-2.520000e-12
2.540000000000000e+00	2.540000e+00	0.000000e+00	-5.090000e-12	0.000000e+00	-2.550000e-12	5.090000e-12	0.000000e+00	-2.540000e-12
2.560000000000000e+00	2.560000e+00	0.000000e+00	-5.130000e-12	0.000000e+00	-2.570000e-12	5.130000e-12	0.000000e+00	-2.560000e-12
2.580000000000000e+00	2.580000e+00	0.000000e+00	-5.170000e-12	0.000000e+00	-2.590000e-12	5.170000e-12	0.000000e+00	-2.580000e-12
2.600000000000000e+00	2.600000e+00	0.000000e+00	-5.210000e-12	0.000000e+00	-2.610000e-12	5.210000e-12	0.000000e+00	-2.600000e-12
2.620000000000000e+00	2.620000e+00	0.000000e+00	-5.250000e-12	0.000000e+00	-2.630000e-12	5.250000e-12	0.000000e+00	-2.620000e-12
2.640000000000000e+00	2.640000e+00	0.000000e+00	-5.290000e-12	0.000000e+00	-2.650000e-12	5.290000e-12	0.000000e+00	-2.640000e-12
2.660000000000000e+00	2.660000e+00	0.000000e+00	-5.330000e-12	0.000000e+00	-2.670000e-12	5.330000e-12	0.000000e+00	-2.660000e-12
2.680000000000000e+00	2.680000e+00	0.000000e+00	-5.370000e-12	0.000000e+00	-2.690000e-12	5.370000e-12	0.000000e+00	-2.680000e-12
2.700000000000000e+00	2.700000e+00	0.000000e+00	-5.410000e-12	0.000000e+00	-2.710000e-12	5.410000e-12	0.000000e+00	-2.700000e-12
2.720000000000000e+00	2.720000e+00	0.000000e+00	-5.450000e-12	0.000000e+00	-2.730000e-12	5.450000e-12	0.000000e+00	-2.720000e-12
2.740000000000000e+00	2.740000e+00	0.000000e+00	-5.490000e-12	0.000000e+00	-2.750000e-12	5.490000e-12	0.000000e+00	-2.740000e-12
2.760000000000000e+00	2.760000e+00	0.000000e+00	-5.530000e-12	0.000000e+00	-2.770000e-12	5.530000e-12	0.000000e+00	-2.760000e-12
2.780000000000000e+00	2.780000e+00	0.000000e+00	-5.570000e-12	0.000000e+00	-2.790000e-12	5.570000e-12	0.000000e+00	-2.780000e-12
2.800000000000000e+00	2.800000e+00	0.000000e+00	-5.610000e-12	0.000000e+00	-2.810000e-12	5.610000e-12	0.000000e+00	-2.800000e-12
2.820000000000000e+00	2.820000e+00	0.000000e+00	-5.650000e-12	0.000000e+00	-2.830000e-12	5.650000e-12	0.000000e+00	-2.820000e-12
2.840000000000000e+00	2.840000e+00	0.000000e+00	-5.690000e-12	0.000000e+00	-2.850000e-12	5.690000e-12	0.000000e+00	-2.840000e-12
2.860000000000000e+00	2.860000e+00	0.000000e+00	-5.730000e-12	0.000000e+00	-2.870000e-12	5.730000e-12	0.000000e+00	-2.860000e-12
2.880000000000000e+00	2.880000e+00	0.000000e+00	-5.770000e-12	0.000000e+00	-2.890000e-12	5.770000e-12	0.000000e+00	-2.880000e-12
2.900000000000000e+00	2.900000e+00	0.000000e+00	-5.810000e-12	0.000000e+00	-2.910000e-12	5.810000e-12	0.000000e+00	-2.900000e-12
2.920000000000000e+00	2.920000e+00	0.000000e+00	-5.850000e-12	0.000000e+00	-2.930000e-12	5.850000e-12	0.000000e+00	-2.920000e-12
2.940000000000000e+00	2.940000e+00	0.000000e+00	-5.890000e-12	0.000000e+00	-2.950000e-12	5.890000e-12	0.000000e+00	-2.940000e-12
2.960000000000000e+00	2.960000e+00	0.000000e+00	-5.930000e-12	0.000000e+00	-2.970000e-12	5.930000e-12	0.000000e+00	-2.960000e-12
2.980000000000000e+00	2.980000e+00	0.000000e+00	-5.970000e-12	0.000000e+00	-2.990000e-12	5.970000e-12	0.000000e+00	-2.980000e-12
3.000000000000000e+00	3.000000e+00	0.000000e+00	-6.010000e-12	0.000000e+00	-3.010000e-12	6.010000e-12	0.000000e+00	-3.000000e-12
3.020000000000000e+00	3.020000e+00	0.000000e+00	-6.050000e-12	0.000000e+00	-3.030000e-12	6.050000e-12	0.000000e+00	-3.020000e-12
3.040000000000000e+00	3.040000e+00	0.000000e+00	-6.090000e-12	0.000000e+00	-3.050000e-12	6.090000e-12	0.000000e+00	-3.040000e-12
3.060000000000000e+00	3.060000e+00	0.000000e+00	-6.130000e-12	0.000000e+00	-3.070000e-12	6.130000e-12	0.000000e+00	-3.060000e-12
3.080000000000000e+00	3.080000e+00	0.000000e+00	-6.170000e-12	0.000000e+00	-3.090000e-12	6.170000e-12	0.000000e+00	-3.080000e-12
3.100000000000000e+00	3.100000e+00	0.000000e+00	-6.210000e-12	0.000000e+00	-3.110000e-12	6.210000e-12	0.000000e+00	-3.100000e-12
3.120000000000000e+00	3.120000e+00	0.000000e+00	-6.250000e-12	0.000000e+00	-3.130000e-12	6.250000e-12	0.000000e+00	-3.120000e-12
3.140000000000000e+00	3.140000e+00	0.000000e+00	-6.290000e-12	0.000000e+00	-3.150000e-12	6.290000e-12	0.000000e+00	-3.140000e-12
3.160000000000000e+00	3.160000e+00	0.000000e+00	-6.330000e-12	0.000000e+00	-3.170000e-12	6.330000e-12	0.000000e+00	-3.160000e-12
3.180000000000000e+00	3.180000e+00	0.000000e+00	-6.370000e-12	0.000000e+00	-3.190000e-12	6.370000e-12	0.000000e+00	-3.180000e-12
3.200000000000000e+00	3.200000e+00	0.000000e+00	-6.410000e-12	0.000000e+00	-3.210000e-12	6.410000e-12	0.000000e+00	-3.200000e-12
3.220000000000000e+00	3.220000e+00	0.000000e+00	-6.450000e-12	0.000000e+00	-3.230000e-12	6.450000e-12	0.000000e+00	-3.220000e-12
3.240000000000000e+00	3.240000e+00	0.000000e+00	-6.490000e-12	0.000000e+00	-3.250000e-12	6.490000e-12	0.000000e+00	-3.240000e-12
3.260000000000000e+00	3.260000e+00	0.000000e+00	-6.530000e-12	0.000000e+00	-3.270000e-12	6.530000e-12	0.000000e+00	-3.260000e-12
3.280000000000000e+00	3.280000e+00	0.000000e+00	-6.570000e-12	0.000000e+00	-3.290000e-12	6.570000e-12	0.000000e+00	-3.280000e-12
3.300000000000000e+00	3.300000e+00	0.000000e+00	-6.610000e-12	0.000000e+00	-3.310000e-12	6.610000e-12	0.000000e+00	-3.300000e-12
3.320000000000000e+00	3.320000e+00	0.000000e+00	-6.650000e-12	0.000000e+00	-3.330000e-12	6.650000e-12	0.000000e+00	-3.320000e-12
3.340000000000000e+00	3.340000e+00	0.000000e+00	-6.690000e-12	0.000000e+00	-3.350000e-12	6.690000e-12	0.000000e+00	-3.340000e-12
3.360000000000000e+00	3.360000e+00	0.000000e+00	-6.730000e-12	0.000000e+00	-3.370000e-12	6.730000e-12	0.000000e+00	-3.360000e-12
3.380000000000000e+00	3.380000e+00	0.000000e+00	-6.770000e-12	0.000000e+00	-3.390000e-12	6.770000e-12	0.000000e+00	-3.380000e-12
3.400000000000000e+00	3.400000e+00	0.000000e+00	-6.810000e-12	0.000000e+00	-3.410000e-12	6.810000e-12	0.000000e+00	-3.400000e-12
3.420000000000000e+00	3.420000e+00	0.000000e+00	-6.850000e-12	0.000000e+00	-3.430000e-12	6.850000e-12	0.000000e+00	-3.420000e-12
3.440000000000000e+00	3.440000e+00	0.000000e+00	-6.890000e-12	0.000000e+00	-3.450000e-12	6.890000e-12	0.000000e+00	-3.440000e-12
3.460000000000000e+00	3.460000e+00	0.000000e+00	-6.930000e-12	0.000000e+00	-3.470000e-12	6.930000e-12	0.000000e+00	-3.460000e-12
3.480000000000000e+00	3.480000e+00	0.000000e+00	-6.970000e-12	0.000000e+00	-3.490000e-12	6.970000e-12	0.000000e+00	-3.480000e-12
3.500000000000000e+00	3.500000e+00	0.000000e+00	-7.010000e-12	0.000000e+00	-3.510000e-12	7.010000e-12	0.000000e+00	-3.500000e-12
3.520000000000000e+00	3.520000e+00	0.000000e+00	-7.050000e-12	0.000000e+00	-3.530000e-12	7.050000e-12	0.000000e+00	-3.520000e-12
3.540000000000000e+00	3.540000e+00	0.000000e+00	-7.090000e-12	0.000000e+00	-3.550000e-12	7.090000e-12	0.000000e+00	-3.540000e-12
3.560000000000000e+00	3.560000e+00	0.000000e+00	-7.130000e-12	0.000000e+00	-3.570000e-12	7.130000e-12	0.000000e+00	-3.560000e-12
3.580000000000000e+00	3.580000e+00	0.000000e+00	-7.170000e-12	0.000000e+00	-3.590000e-12	7.170000e-12	0.000000e+00	-3.580000e-12
3.600000000000000e+00	3.600000e+00	0.000000e+00	-7.210000e-12	0.000000e+00	-3.610000e-12	7.210000e-12	0.000000e+00	-3.600000e-12
3.620000000000000e+00	3.620000e+00	0.000000e+00	-7.250000e-12	0.000000e+00	-3.630000e-12	7.250000e-12	0.000000e+00	-3.620000e-12
3.640000000000000e+00	3.640000e+00	0.000000e+00	-7.290000e-12	0.000000e+00	-3.650000e-12	7.290000e-12	0.000000e+00	-3.640000e-12
3.660000000000000e+00	3.660000e+00	0.000000e+00	-7.330000e-12	0.000000e+00	-3.670000e-12	7.330000e-12	0.000000e+00	-3.660000e-12
3.680000000000000e+00	3.680000e+00	0.000000e+00	-7.370000e-12	0.000000e+00	-3.690000e-12	7.370000e-12	0.000000e+00	-3.680000e-12
3.700000000000000e+00	3.700000e+00	0.000000e+00	-7.410000e-12	0.000000e+00	-3.710000e-12	7.410000e-12	0.000000e+00	-3.700000e-12
3.720000000000000e+00	3.720000e+00	0.000000e+00	-7.450000e-12	0.000000e+00	-3.730000e-12	7.450000e-12	0.000000e+00	-3.720000e-12
3.740000000000000e+00	3.740000e+00	0.000000e+00	-7.490000e-12	0.000000e+00	-3.750000e-12	7.490000e-12	0.000000e+00	-3.740000e-12
3.760000000000000e+00	3.760000e+00	0.000000e+00	-7.530000e-12	0.000000e+00	-3.770000e-12	7.530000e-12	0.000000e+00	-3.760000e-12
3.780000000000000e+00	3.780000e+00	0.000000e+00	-7.570000e-12	0.000000e+00	-3.790000e-12	7.570000e-12	0.000000e+00	-3.780000e-12
3.800000000000000e+00	3.800000e+00	0.000000e+00	-7.610000e-12	0.000000e+00	-3.810000e-12	7.610000e-12	0.000000e+00	-3.800000e-12
3.820000000000000e+00	3.820000e+00	0.000000e+00	-7.650000e-12	0.000000e+00	-3.830000e-12	7.650000e-12	0.000000e+00	-3.820000e-12
3.840000000000000e+00	3.840000e+00	0.000000e+00	-7.690000e-12	0.000000e+00	-3.850000e-12	7.690000e-12	0.000000e+00	-3.840000e-12
3.860000000000000e+00	3.860000e+00	0.000000e+00	-7.730000e-12	0.000000e+00	-3.870000e-12	7.730000e-12	0.000000e+00	-3.860000e-12
3.880000000000000e+00	3.880000e+00	0.000000e+00	-7.770000e-12	0.000000e+00	-3.890000e-12	7.770000e-12	0.000000e+00	-3.880000e-12
3.900000000000000e+00	3.900000e+00	0.000000e+00	-7.810000e-12	0.000000e+00	-3.910000e-12	7.810000e-12	0.000000e+00	-3.900000e-12
3.920000000000000e+00	3.920000e+00	0.000000e+00	-7.850000e-12	0.000000e+00	-3.930000e-12	7.850000e-12	0.000000e+00	-3.920000e-12
3.940000000000000e+00	3.940000e+00	0.000000e+00	-7.890000e-12	0.000000e+00	-3.950000e-12	7.890000e-12	0.000000e+00	-3.940000e-12
3.960000000000000e+00	3.960000e+00	0.000000e+00	-7.930000e-12	0.000000e+00	-3.970000e-12	7.930000e-12	0.000000e+00	-3.960000e-12
3.980000000000000e+00	3.980000e+00	0.000000e+00	-7.970000e-12	0.000000e+00	-3.990000e-12	7.970000e-12	0.000000e+00	-3.980000e-12
4.000000000000000e+00	4.000000e+00	0.000000e+00	-8.010000e-12	0.000000e+00	-4.010000e-12	8.010000e-12	0.000000e+00	-4.000000e-12
4.020000000000000e+00	4.020000e+00	0.000000e+00	-8.050000e-12	0.000000e+00	-4.030000e-12	8.050000e-12	0.000000e+00	-4.020000e-12
4.040000000000000e+00	4.040000e+00	0.000000e+00	-8.090000e-12	0.000000e+00	-4.050000e-12	8.090000e-12	0.000000e+00	-4.040000e-12
4.060000000000000e+00	4.060000e+00	0.000000e+00	-8.130000e-12	0.000000e+00	-4.070000e-12	8.130000e-12	0.000000e+00	-4.060000e-12
4.080000000000000e+00	4.080000e+00	0.000000e+00	-8.170000e-12	0.000000e+00	-4.090000e-12	8.170000e-12	0.000000e+00	-4.080000e-12
4.100000000000000e+00	4.100000e+00	0.000000e+00	-8.210000e-12	0.000000e+00	-4.110000e-12	8.210000e-12	0.000000e+00	-4.100000e-12
4.120000000000000e+00	4.120000e+00	0.000000e+00	-8.250000e-12	0.000000e+00	-4.130000e-12	8.250000e-12	0.000000e+00	-4.120000e-12
4.140000000000000e+00	4.140000e+00	0.000000e+00	-8.290000e-12	0.000000e+00	-4.150000e-12	8.290000e-12	0.000000e+00	-4.140000e-12
4.160000000000000e+00	4.160000e+00	0.000000e+00	-8.330000e-12	0.000000e+00	-4.170000e-12	8.330000e-12	0.000000e+00	-4.160000e-12
4.180000000000000e+00	4.180000e+00	0.000000e+00	-8.370000e-12	0.000000e+00	-4.190000e-12	8.370000e-12	0.000000e+00	-4.180000e-12
4.200000000000000e+00	4.200000e+00	0.000000e+00	-8.410000e-12	0.000000e+00	-4.210000e-12	8.410000e-12	0.000000e+00	-4.200000e-12
4.220000000000000e+00	4.220000e+00	0.000000e+00	-8.450000e-12	0.000000e+00	-4.230000e-12	8.450000e-12	0.000000e+00	-4.220000e-12
4.240000000000000e+00	4.240000e+00	0.000000e+00	-8.490000e-12	0.000000e+00	-4.250000e-12	8.490000e-12	0.000000e+00	-4.240000e-12
4.260000000000000e+00	4.260000e+00	0.000000e+00	-8.530000e-12	0.000000e+00	-4.270000e-12	8.530000e-12	0.000000e+00	-4.260000e-12
4.280000000000000e+00	4.280000e+00	0.000000e+00	-8.570000e-12	0.000000e+00	-4.290000e-12	8.570000e-12	0.000000e+00	-4.280000e-12
4.300000000000000e+00	4.300000e+00	0.000000e+00	-8.610000e-12	0.000000e+00	-4.310000e-12	8.610000e-12	0.000000e+00	-4.300000e-12
4.320000000000000e+00	4.320000e+00	0.000000e+00	-8.650000e-12	0.000000e+00	-4.330000e-12	8.650000e-12	0.000000e+00	-4.320000e-12
4.340000000000000e+00	4.340000e+00	0.000000e+00	-8.690000e-12	0.000000e+00	-4.350000e-12	8.690000e-12	0.000000e+00	-4.340000e-12
4.360000000000000e+00	4.360000e+00	0.000000e+00	-8.730000e-12	0.000000e+00	-4.370000e-12	8.730000e-12	0.000000e+00	-4.360000e-12
4.380000000000000e+00	4.380000e+00	0.000000e+00	-8.770000e-12	0.000000e+00	-4.390000e-12	8.770000e-12	0.000000e+00	-4.380000e-12
4.400000000000000e+00	4.400000e+00	0.000000e+00	-8.810000e-12	0.000000e+00	-4.410000e-12	8.810000e-12	0.000000e+00	-4.400000e-12
4.420000000000000e+00	4.420000e+00	0.000000e+00	-8.850000e-12	0.000000e+00	-4.430000e-12	8.850000e-12	0.000000e+00	-4.420000e-12
4.440000000000000e+00	4.440000e+00	0.000000e+00	-8.890000e-12	0.000000e+00	-4.450000e-12	8.890000e-12	0.000000e+00	-4.440000e-12
4.460000000000000e+00	4.460000e+00	0.000000e+00	-8.930000e-12	0.000000e+00	-4.470000e-12	8.930000e-12	0.000000e+00	-4.460000e-12
4.480000000000000e+00	4.480000e+00	0.000000e+00	-8.970000e-12	0.000000e+00	-4.490000e-12	8.970000e-12	0.000000e+00	-4.480000e-12
4.500000000000000e+00	4.500000e+00	0.000000e+00	-9.010000e-12	0.000000e+00	-4.510000e-12	9.010000e-12	0.000000e+00	-4.500000e-12
4.520000000000000e+00	4.520000e+00	0.000000e+00	-9.050000e-12	0.000000e+00	-4.530000e-12	9.050000e-12	0.000000e+00	-4.520000e-12
4.540000000000000e+00	4.540000e+00	0.000000e+00	-9.090000e-12	0.000000e+00	-4.550000e-12	9.090000e-12	0.000000e+00	-4.540000e-12
4.560000000000000e+00	4.560000e+00	0.000000e+00	-9.130000e-12	0.000000e+00	-4.570000e-12	9.130000e-12	0.000000e+00	-4.560000e-12
4.580000000000000e+00	4.580000e+00	0.000000e+00	-9.170000e-12	0.000000e+00	-4.590000e-12	9.170000e-12	0.000000e+00	-4.580000e-12
4.600000000000001e+00	4.600000e+00	0.000000e+00	-9.210000e-12	0.000000e+00	-4.610000e-12	9.210000e-12	0.000000e+00	-4.600000e-12
4.620000000000000e+00	4.620000e+00	0.000000e+00	-9.250000e-12	0.000000e+00	-4.630000e-12	9.250000e-12	0.000000e+00	-4.620000e-12
4.640000000000000e+00	4.640000e+00	0.000000e+00	-9.290000e-12	0.000000e+00	-4.650000e-12	9.290000e-12	0.000000e+00	-4.640000e-12
4.660000000000000e+00	4.660000e+00	0.000000e+00	-9.330000e-12	0.000000e+00	-4.670000e-12	9.330000e-12	0.000000e+00	-4.660000e-12
4.680000000000000e+00	4.680000e+00	0.000000e+00	-9.370000e-12	0.000000e+00	-4.690000e-12	9.370000e-12	0.000000e+00	-4.680000e-12
4.700000000000000e+00	4.700000e+00	0.000000e+00	-9.410000e-12	0.000000e+00	-4.710000e-12	9.410000e-12	0.000000e+00	-4.700000e-12
4.720000000000000e+00	4.720000e+00	0.000000e+00	-9.450000e-12	0.000000e+00	-4.730000e-12	9.450000e-12	0.000000e+00	-4.720000e-12
4.740000000000000e+00	4.740000e+00	0.000000e+00	-9.490000e-12	0.000000e+00	-4.750000e-12	9.490000e-12	0.000000e+00	-4.740000e-12
4.760000000000000e+00	4.760000e+00	0.000000e+00	-9.530000e-12	0.000000e+00	-4.770000e-12	9.530000e-12	0.000000e+00	-4.760000e-12
4.780000000000000e+00	4.780000e+00	0.000000e+00	-9.570000e-12	0.000000e+00	-4.790000e-12	9.570000e-12	0.000000e+00	-4.780000e-12
4.800000000000000e+00	4.800000e+00	0.000000e+00	-9.610000e-12	0.000000e+00	-4.810000e-12	9.610000e-12	0.000000e+00	-4.800000e-12
4.820000000000000e+00	4.820000e+00	0.000000e+00	-9.650000e-12	0.000000e+00	-4.830000e-12	9.650000e-12	0.000000e+00	-4.820000e-12
4.840000000000000e+00	4.840000e+00	0.000000e+00	-9.690000e-12	0.000000e+00	-4.850000e-12	9.690000e-12	0.000000e+00	-4.840000e-12
4.860000000000000e+00	4.860000e+00	0.000000e+00	-9.730000e-12	0.000000e+00	-4.870000e-12	9.730000e-12	0.000000e+00	-4.860000e-12
4.880000000000000e+00	4.880000e+00	0.000000e+00	-9.770000e-12	0.000000e+00	-4.890000e-12	9.770000e-12	0.000000e+00	-4.880000e-12
4.900000000000000e+00	4.900000e+00	0.000000e+00	-9.810000e-12	0.000000e+00	-4.910000e-12	9.810000e-12	0.000000e+00	-4.900000e-12
4.920000000000000e+00	4.920000e+00	0.000000e+00	-9.850000e-12	0.000000e+00	-4.930000e-12	9.850000e-12	0.000000e+00	-4.920000e-12
4.940000000000000e+00	4.940000e+00	0.000000e+00	-9.890000e-12	0.000000e+00	-4.950000e-12	9.890000e-12	0.000000e+00	-4.940000e-12
4.960000000000000e+00	4.960000e+00	0.000000e+00	-9.930000e-12	0.000000e+00	-4.970000e-12	9.930000e-12	0.000000e+00	-4.960000e-12
4.980000000000000e+00	4.980000e+00	0.000000e+00	-9.970000e-12	0.000000e+00	-4.990000e-12	9.970000e-12	0.000000e+00	-4.980000e-12
5.000000000000000e+00	5.000000e+00	0.000000e+00	-1.001000e-11	0.000000e+00	-5.010000e-12	1.001000e-11	0.000000e+00	-5.000000e-12
Step Information: Vin=400m  (Step: 2/6)
0.000000000000000e+00	0.000000e+00	4.000000e-01	0.000000e+00	0.000000e+00	0.000000e+00	0.000000e+00	0.000000e+00	-0.000000e+00
2.000000000000000e-02	2.000000e-02	4.000000e-01	-1.560000e-07	0.000000e+00	-2.538488e-14	1.560000e-07	0.000000e+00	-1.560000e-07
4.000000000000000e-02	4.000000e-02	4.000000e-01	-3.040001e-07	0.000000e+00	-4.787007e-14	3.040001e-07	0.000000e+00	-3.040001e-07
6.000000000000000e-02	6.000000e-02	4.000000e-01	-4.440001e-07	0.000000e+00	-6.901701e-14	4.440001e-07	0.000000e+00	-4.440001e-07
8.000000000000000e-02	8.000000e-02	4.000000e-01	-5.760002e-07	0.000000e+00	-8.954634e-14	5.760002e-07	0.000000e+00	-5.760001e-07
1.000000000000000e-01	1.000000e-01	4.000000e-01	-7.000002e-07	0.000000e+00	-1.097906e-13	7.000002e-07	0.000000e+00	-7.000001e-07
1.200000000000000e-01	1.200000e-01	4.000000e-01	-8.160002e-07	0.000000e+00	-1.299034e-13	8.160002e-07	0.000000e+00	-8.160001e-07
1.400000000000000e-01	1.400000e-01	4.000000e-01	-9.240003e-07	0.000000e+00	-1.499554e-13	9.240003e-07	0.000000e+00	-9.240001e-07
1.600000000000000e-01	1.600000e-01	4.000000e-01	-1.024000e-06	0.000000e+00	-1.699794e-13	1.024000e-06	0.000000e+00	-1.024000e-06
1.800000000000000e-01	1.800000e-01	4.000000e-01	-1.116000e-06	0.000000e+00	-1.899905e-13	1.116000e-06	0.000000e+00	-1.116000e-06
2.000000000000000e-01	2.000000e-01	4.000000e-01	-1.200000e-06	0.000000e+00	-2.099956e-13	1.200000e-06	0.000000e+00	-1.200000e-06
2.200000000000000e-01	2.200000e-01	4.000000e-01	-1.276000e-06	0.000000e+00	-2.299980e-13	1.276000e-06	0.000000e+00	-1.276000e-06
2.400000000000000e-01	2.400000e-01	4.000000e-01	-1.344000e-06	0.000000e+00	-2.499991e-13	1.344000e-06	0.000000e+00	-1.344000e-06
2.600000000000000e-01	2.600000e-01	4.000000e-01	-1.404000e-06	0.000000e+00	-2.699996e-13	1.404000e-06	0.000000e+00	-1.404000e-06
2.800000000000000e-01	2.800000e-01	4.000000e-01	-1.456001e-06	0.000000e+00	-2.899998e-13	1.456001e-06	0.000000e+00	-1.456000e-06
3.000000000000000e-01	3.000000e-01	4.000000e-01	-1.500001e-06	0.000000e+00	-3.099999e-13	1.500001e-06	0.000000e+00	-1.500000e-06
3.200000000000000e-01	3.200000e-01	4.000000e-01	-1.536001e-06	0.000000e+00	-3.300000e-13	1.536001e-06	0.000000e+00	-1.536000e-06
3.400000000000000e-01	3.400000e-01	4.000000e-01	-1.564001e-06	0.000000e+00	-3.500000e-13	1.564001e-06	0.000000e+00	-1.564000e-06
3.600000000000000e-01	3.600000e-01	4.000000e-01	-1.584001e-06	0.000000e+00	-3.700000e-13	1.584001e-06	0.000000e+00	-1.584000e-06
3.800000000000000e-01	3.800000e-01	4.000000e-01	-1.596001e-06	0.000000e+00	-3.900000e-13	1.596001e-06	0.000000e+00	-1.596000e-06
4.000000000000000e-01	4.000000e-01	4.000000e-01	-1.600001e-06	0.000000e+00	-4.100000e-13	1.600001e-06	0.000000e+00	-1.600000e-06
4.200000000000000e-01	4.200000e-01	4.000000e-01	-1.600001e-06	0.000000e+00	-4.300000e-13	1.600001e-06	0.000000e+00	-1.600000e-06
4.400000000000000e-01	4.400000e-01	4.000000e-01	-1.600001e-06	0.000000e+00	-4.500000e-13	1.600001e-06	0.000000e+00	-1.600000e-06
4.600000000000000e-01	4.600000e-01	4.000000e-01	-1.600001e-06	0.000000e+00	-4.700000e-13	1.600001e-06	0.000000e+00	-1.600000e-06
4.800000000000000e-01	4.800000e-01	4.000000e-01	-1.600001e-06	0.000000e+00	-4.900000e-13	1.600001e-06	0.000000e+00	-1.600000e-06
5.000000000000000e-01	5.000000e-01	4.000000e-01	-1.600001e-06	0.000000e+00	-5.100000e-13	1.600001e-06	0.000000e+00	-1.600000e-06
5.200000000000000e-01	5.200000e-01	4.000000e-01	-1.600001e-06	0.000000e+00	-5.300000e-13	1.600001e-06	0.000000e+00	-1.600000e-06
5.400000000000000e-01	5.400000e-01	4.000000e-01	-1.600001e-06	0.000000e+00	-5.500000e-13	1.600001e-06	0.000000e+00	-1.600001e-06
5.600000000000001e-01	5.600000e-01	4.000000e-01	-1.600001e-06	0.000000e+00	-5.700000e-13	1.600001e-06	0.000000e+00	-1.600001e-06
5.800000000000000e-01	5.800000e-01	4.000000e-01	-1.600001e-06	0.000000e+00	-5.900000e-13	1.600001e-06	0.000000e+00	-1.600001e-06
6.000000000000000e-01	6.000000e-01	4.000000e-01	-1.600001e-06	0.000000e+00	-6.100000e-13	1.600001e-06	0.000000e+00	-1.600001e-06
6.200000000000000e-01	6.200000e-01	4.000000e-01	-1.600001e-06	0.000000e+00	-6.300000e-13	1.600001e-06	0.000000e+00	-1.600001e-06
6.400000000000000e-01	6.400000e-01	4.000000e-01	-1.600001e-06	0.000000e+00	-6.500000e-13	1.600001e-06	0.000000e+00	-1.600001e-06
6.600000000000000e-01	6.600000e-01	4.000000e-01	-1.600001e-06	0.000000e+00	-6.700000e-13	1.600001e-06	0.000000e+00	-1.600001e-06
6.800000000000000e-01	6.800000e-01	4.000000e-01	-1.600001e-06	0.000000e+00	-6.900000e-13	1.600001e-06	0.000000e+00	-1.600001e-06
7.000000000000001e-01	7.000000e-01	4.000000e-01	-1.600001e-06	0.000000e+00	-7.100000e-13	1.600001e-06	0.000000e+00	-1.600001e-06
7.200000000000000e-01	7.200000e-01	4.000000e-01	-1.600001e-06	0.000000e+00	-7.300000e-13	1.600001e-06	0.000000e+00	-1.600001e-06
7.400000000000000e-01	7.400000e-01	4.000000e-01	-1.600001e-06	0.000000e+00	-7.500000e-13	1.600001e-06	0.000000e+00	-1.600001e-06
7.600000000000000e-01	7.600000e-01	4.000000e-01	-1.600001e-06	0.000000e+00	-7.700000e-13	1.600001e-06	0.000000e+00	-1.600001e-06
7.800000000000000e-01	7.800000e-01	4.000000e-01	-1.600002e-06	0.000000e+00	-7.900000e-13	1.600002e-06	0.000000e+00	-1.600001e-06
8.000000000000000e-01	8.000000e-01	4.000000e-01	-1.600002e-06	0.000000e+00	-8.100000e-13	1.600002e-06	0.000000e+00	-1.600001e-06
8.200000000000001e-01	8.200000e-01	4.000000e-01	-1.600002e-06	0.000000e+00	-8.300000e-13	1.600002e-06	0.000000e+00	-1.600001e-06
8.400000000000000e-01	8.400000e-01	4.000000e-01	-1.600002e-06	0.000000e+00	-8.500000e-13	1.600002e-06	0.000000e+00	-1.600001e-06
8.600000000000000e-01	8.600000e-01	4.000000e-01	-1.600002e-06	0.000000e+00	-8.700000e-13	1.600002e-06	0.000000e+00	-1.600001e-06
8.800000000000000e-01	8.800000e-01	4.000000e-01	-1.600002e-06	0.000000e+00	-8.900000e-13	1.600002e-06	0.000000e+00	-1.600001e-06
9.000000000000000e-01	9.000000e-01	4.000000e-01	-1.600002e-06	0.000000e+00	-9.100000e-13	1.600002e-06	0.000000e+00	-1.600001e-06
9.200000000000000e-01	9.200000e-01	4.000000e-01	-1.600002e-06	0.000000e+00	-9.300000e-13	1.600002e-06	0.000000e+00	-1.600001e-06
9.400000000000001e-01	9.400000e-01	4.000000e-01	-1.600002e-06	0.000000e+00	-9.500000e-13	1.600002e-06	0.000000e+00	-1.600001e-06
9.600000000000000e-01	9.600000e-01	4.000000e-01	-1.600002e-06	0.000000e+00	-9.700000e-13	1.600002e-06	0.000000e+00	-1.600001e-06
9.800000000000000e-01	9.800000e-01	4.000000e-01	-1.600002e-06	0.000000e+00	-9.900000e-13	1.600002e-06	0.000000e+00	-1.600001e-06
1.000000000000000e+00	1.000000e+00	4.000000e-01	-1.600002e-06	0.000000e+00	-1.010000e-12	1.600002e-06	0.000000e+00	-1.600001e-06
1.020000000000000e+00	1.020000e+00	4.000000e-01	-1.600002e-06	0.000000e+00	-1.030000e-12	1.600002e-06	0.000000e+00	-1.600001e-06
1.040000000000000e+00	1.040000e+00	4.000000e-01	-1.600002e-06	0.000000e+00	-1.050000e-12	1.600002e-06	0.000000e+00	-1.600001e-06
1.060000000000000e+00	1.060000e+00	4.000000e-01	-1.600002e-06	0.000000e+00	-1.070000e-12	1.600002e-06	0.000000e+00	-1.600001e-06
1.080000000000000e+00	1.080000e+00	4.000000e-01	-1.600002e-06	0.000000e+00	-1.090000e-12	1.600002e-06	0.000000e+00	-1.600001e-06
1.100000000000000e+00	1.100000e+00	4.000000e-01	-1.600002e-06	0.000000e+00	-1.110000e-12	1.600002e-06	0.000000e+00	-1.600001e-06
1.120000000000000e+00	1.120000e+00	4.000000e-01	-1.600002e-06	0.000000e+00	-1.130000e-12	1.600002e-06	0.000000e+00	-1.600001e-06
1.140000000000000e+00	1.140000e+00	4.000000e-01	-1.600002e-06	0.000000e+00	-1.150000e-12	1.600002e-06	0.000000e+00	-1.600001e-06
1.160000000000000e+00	1.160000e+00	4.000000e-01	-1.600002e-06	0.000000e+00	-1.170000e-12	1.600002e-06	0.000000e+00	-1.600001e-06
1.180000000000000e+00	1.180000e+00	4.000000e-01	-1.600002e-06	0.000000e+00	-1.190000e-12	1.600002e-06	0.000000e+00	-1.600001e-06
1.200000000000000e+00	1.200000e+00	4.000000e-01	-1.600002e-06	0.000000e+00	-1.210000e-12	1.600002e-06	0.000000e+00	-1.600001e-06
1.220000000000000e+00	1.220000e+00	4.000000e-01	-1.600002e-06	0.000000e+00	-1.230000e-12	1.600002e-06	0.000000e+00	-1.600001e-06
1.240000000000000e+00	1.240000e+00	4.000000e-01	-1.600003e-06	0.000000e+00	-1.250000e-12	1.600003e-06	0.000000e+00	-1.600001e-06
1.260000000000000e+00	1.260000e+00	4.000000e-01	-1.600003e-06	0.000000e+00	-1.270000e-12	1.600003e-06	0.000000e+00	-1.600001e-06
1.280000000000000e+00	1.280000e+00	4.000000e-01	-1.600003e-06	0.000000e+00	-1.290000e-12	1.600003e-06	0.000000e+00	-1.600001e-06
1.300000000000000e+00	1.300000e+00	4.000000e-01	-1.600003e-06	0.000000e+00	-1.310000e-12	1.600003e-06	0.000000e+00	-1.600001e-06
1.320000000000000e+00	1.320000e+00	4.000000e-01	-1.600003e-06	0.000000e+00	-1.330000e-12	1.600003e-06	0.000000e+00	-1.600001e-06
1.340000000000000e+00	1.340000e+00	4.000000e-01	-1.600003e-06	0.000000e+00	-1.350000e-12	1.600003e-06	0.000000e+00	-1.600001e-06
1.360000000000000e+00	1.360000e+00	4.000000e-01	-1.600003e-06	0.000000e+00	-1.370000e-12	1.600003e-06	0.000000e+00	-1.600001e-06
1.380000000000000e+00	1.380000e+00	4.000000e-01	-1.600003e-06	0.000000e+00	-1.390000e-12	1.600003e-06	0.000000e+00	-1.600001e-06
1.400000000000000e+00	1.400000e+00	4.000000e-01	-1.600003e-06	0.000000e+00	-1.410000e-12	1.600003e-06	0.000000e+00	-1.600001e-06
1.420000000000000e+00	1.420000e+00	4.000000e-01	-1.600003e-06	0.000000e+00	-1.430000e-12	1.600003e-06	0.000000e+00	-1.600001e-06
1.440000000000000e+00	1.440000e+00	4.000000e-01	-1.600003e-06	0.000000e+00	-1.450000e-12	1.600003e-06	0.000000e+00	-1.600001e-06
1.460000000000000e+00	1.460000e+00	4.000000e-01	-1.600003e-06	0.000000e+00	-1.470000e-12	1.600003e-06	0.000000e+00	-1.600001e-06
1.480000000000000e+00	1.480000e+00	4.000000e-01	-1.600003e-06	0.000000e+00	-1.490000e-12	1.600003e-06	0.000000e+00	-1.600001e-06
1.500000000000000e+00	1.500000e+00	4.000000e-01	-1.600003e-06	0.000000e+00	-1.510000e-12	1.600003e-06	0.000000e+00	-1.600001e-06
1.520000000000000e+00	1.520000e+00	4.000000e-01	-1.600003e-06	0.000000e+00	-1.530000e-12	1.600003e-06	0.000000e+00	-1.600001e-06
1.540000000000000e+00	1.540000e+00	4.000000e-01	-1.600003e-06	0.000000e+00	-1.550000e-12	1.600003e-06	0.000000e+00	-1.600001e-06
1.560000000000000e+00	1.560000e+00	4.000000e-01	-1.600003e-06	0.000000e+00	-1.570000e-12	1.600003e-06	0.000000e+00	-1.600002e-06
1.580000000000000e+00	1.580000e+00	4.000000e-01	-1.600003e-06	0.000000e+00	-1.590000e-12	1.600003e-06	0.000000e+00	-1.600002e-06
1.600000000000000e+00	1.600000e+00	4.000000e-01	-1.600003e-06	0.000000e+00	-1.610000e-12	1.600003e-06	0.000000e+00	-1.600002e-06
1.620000000000000e+00	1.620000e+00	4.000000e-01	-1.600003e-06	0.000000e+00	-1.630000e-12	1.600003e-06	0.000000e+00	-1.600002e-06
1.640000000000000e+00	1.640000e+00	4.000000e-01	-1.600003e-06	0.000000e+00	-1.650000e-12	1.600003e-06	0.000000e+00	-1.600002e-06
1.660000000000000e+00	1.660000e+00	4.000000e-01	-1.600003e-06	0.000000e+00	-1.670000e-12	1.600003e-06	0.000000e+00	-1.600002e-06
1.680000000000000e+00	1.680000e+00	4.000000e-01	-1.600003e-06	0.000000e+00	-1.690000e-12	1.600003e-06	0.000000e+00	-1.600002e-06
1.700000000000000e+00	1.700000e+00	4.000000e-01	-1.600003e-06	0.000000e+00	-1.710000e-12	1.600003e-06	0.000000e+00	-1.600002e-06
1.720000000000000e+00	1.720000e+00	4.000000e-01	-1.600003e-06	0.000000e+00	-1.730000e-12	1.600003e-06	0.000000e+00	-1.600002e-06
1.740000000000000e+00	1.740000e+00	4.000000e-01	-1.600004e-06	0.000000e+00	-1.750000e-12	1.600004e-06	0.000000e+00	-1.600002e-06
1.760000000000000e+00	1.760000e+00	4.000000e-01	-1.600004e-06	0.000000e+00	-1.770000e-12	1.600004e-06	0.000000e+00	-1.600002e-06
1.780000000000000e+00	1.780000e+00	4.000000e-01	-1.600004e-06	0.000000e+00	-1.790000e-12	1.600004e-06	0.000000e+00	-1.600002e-06
1.800000000000000e+00	1.800000e+00	4.000000e-01	-1.600004e-06	0.000000e+00	-1.810000e-12	1.600004e-06	0.000000e+00	-1.600002e-06
1.820000000000000e+00	1.820000e+00	4.000000e-01	-1.600004e-06	0.000000e+00	-1.830000e-12	1.600004e-06	0.000000e+00	-1.600002e-06
1.840000000000000e+00	1.840000e+00	4.000000e-01	-1.600004e-06	0.000000e+00	-1.850000e-12	1.600004e-06	0.000000e+00	-1.600002e-06
1.860000000000000e+00	1.860000e+00	4.000000e-01	-1.600004e-06	0.000000e+00	-1.870000e-12	1.600004e-06	0.000000e+00	-1.600002e-06
1.880000000000000e+00	1.880000e+00	4.000000e-01	-1.600004e-06	0.000000e+00	-1.890000e-12	1.600004e-06	0.000000e+00	-1.600002e-06
1.900000000000000e+00	1.900000e+00	4.000000e-01	-1.600004e-06	0.000000e+00	-1.910000e-12	1.600004e-06	0.000000e+00	-1.600002e-06
1.920000000000000e+00	1.920000e+00	4.000000e-01	-1.600004e-06	0.000000e+00	-1.930000e-12	1.600004e-06	0.000000e+00	-1.600002e-06
1.940000000000000e+00	1.940000e+00	4.000000e-01	-1.600004e-06	0.000000e+00	-1.950000e-12	1.600004e-06	0.000000e+00	-1.600002e-06
1.960000000000000e+00	1.960000e+00	4.000000e-01	-1.600004e-06	0.000000e+00	-1.970000e-12	1.600004e-06	0.000000e+00	-1.600002e-06
1.980000000000000e+00	1.980000e+00	4.000000e-01	-1.600004e-06	0.000000e+00	-1.990000e-12	1.600004e-06	0.000000e+00	-1.600002e-06
2.000000000000000e+00	2.000000e+00	4.000000e-01	-1.600004e-06	0.000000e+00	-2.010000e-12	1.600004e-06	0.000000e+00	-1.600002e-06
2.020000000000000e+00	2.020000e+00	4.000000e-01	-1.600004e-06	0.000000e+00	-2.030000e-12	1.600004e-06	0.000000e+00	-1.600002e-06
2.040000000000000e+00	2.040000e+00	4.000000e-01	-1.600004e-06	0.000000e+00	-2.050000e-12	1.600004e-06	0.000000e+00	-1.600002e-06
2.060000000000000e+00	2.060000e+00	4.000000e-01	-1.600004e-06	0.000000e+00	-2.070000e-12	1.600004e-06	0.000000e+00	-1.600002e-06
2.080000000000000e+00	2.080000e+00	4.000000e-01	-1.600004e-06	0.000000e+00	-2.090000e-12	1.600004e-06	0.000000e+00	-1.600002e-06
2.100000000000000e+00	2.100000e+00	4.000000e-01	-1.600004e-06	0.000000e+00	-2.110000e-12	1.600004e-06	0.000000e+00	-1.600002e-06
2.120000000000000e+00	2.120000e+00	4.000000e-01	-1.600004e-06	0.000000e+00	-2.130000e-12	1.600004e-06	0.000000e+00	-1.600002e-06
2.140000000000000e+00	2.140000e+00	4.000000e-01	-1.600004e-06	0.000000e+00	-2.150000e-12	1.600004e-06	0.000000e+00	-1.600002e-06
2.160000000000000e+00	2.160000e+00	4.000000e-01	-1.600004e-06	0.000000e+00	-2.170000e-12	1.600004e-06	0.000000e+00	-1.600002e-06
2.180000000000000e+00	2.180000e+00	4.000000e-01	-1.600004e-06	0.000000e+00	-2.190000e-12	1.600004e-06	0.000000e+00	-1.600002e-06
2.200000000000000e+00	2.200000e+00	4.000000e-01	-1.600004e-06	0.000000e+00	-2.210000e-12	1.600004e-06	0.000000e+00	-1.600002e-06
2.220000000000000e+00	2.220000e+00	4.000000e-01	-1.600004e-06	0.000000e+00	-2.230000e-12	1.600004e-06	0.000000e+00	-1.600002e-06
2.240000000000000e+00	2.240000e+00	4.000000e-01	-1.600004e-06	0.000000e+00	-2.250000e-12	1.600004e-06	0.000000e+00	-1.600002e-06
2.260000000000000e+00	2.260000e+00	4.000000e-01	-1.600005e-06	0.000000e+00	-2.270000e-12	1.600005e-06	0.000000e+00	-1.600002e-06
2.280000000000000e+00	2.280000e+00	4.000000e-01	-1.600005e-06	0.000000e+00	-2.290000e-12	1.600005e-06	0.000000e+00	-1.600002e-06
2.300000000000000e+00	2.300000e+00	4.000000e-01	-1.600005e-06	0.000000e+00	-2.310000e-12	1.600005e-06	0.000000e+00	-1.600002e-06
2.320000000000000e+00	2.320000e+00	4.000000e-01	-1.600005e-06	0.000000e+00	-2.330000e-12	1.600005e-06	0.000000e+00	-1.600002e-06
2.340000000000000e+00	2.340000e+00	4.000000e-01	-1.600005e-06	0.000000e+00	-2.350000e-12	1.600005e-06	0.000000e+00	-1.600002e-06
2.360000000000000e+00	2.360000e+00	4.000000e-01	-1.600005e-06	0.000000e+00	-2.370000e-12	1.600005e-06	0.000000e+00	-1.600002e-06
2.380000000000000e+00	2.380000e+00	4.000000e-01	-1.600005e-06	0.000000e+00	-2.390000e-12	1.600005e-06	0.000000e+00	-1.600002e-06
2.400000000000000e+00	2.400000e+00	4.000000e-01	-1.600005e-06	0.000000e+00	-2.410000e-12	1.600005e-06	0.000000e+00	-1.600002e-06
2.420000000000000e+00	2.420000e+00	4.000000e-01	-1.600005e-06	0.000000e+00	-2.430000e-12	1.600005e-06	0.000000e+00	-1.600002e-06
2.440000000000000e+00	2.440000e+00	4.000000e-01	-1.600005e-06	0.000000e+00	-2.450000e-12	1.600005e-06	0.000000e+00	-1.600002e-06
2.460000000000000e+00	2.460000e+00	4.000000e-01	-1.600005e-06	0.000000e+00	-2.470000e-12	1.600005e-06	0.000000e+00	-1.600002e-06
2.480000000000000e+00	2.480000e+00	4.000000e-01	-1.600005e-06	0.000000e+00	-2.490000e-12	1.600005e-06	0.000000e+00	-1.600003e-06
2.500000000000000e+00	2.500000e+00	4.000000e-01	-1.600005e-06	0.000000e+00	-2.510000e-12	1.600005e-06	0.000000e+00	-1.600003e-06
2.520000000000000e+00	2.520000e+00	4.000000e-01	-1.600005e-06	0.000000e+00	-2.530000e-12	1.600005e-06	0.000000e+00	-1.600003e-06
2.540000000000000e+00	2.540000e+00	4.000000e-01	-1.600005e-06	0.000000e+00	-2.550000e-12	1.600005e-06	0.000000e+00	-1.600003e-06
2.560000000000000e+00	2.560000e+00	4.000000e-01	-1.600005e-06	0.000000e+00	-2.570000e-12	1.600005e-06	0.000000e+00	-1.600003e-06
2.580000000000000e+00	2.580000e+00	4.000000e-01	-1.600005e-06	0.000000e+00	-2.590000e-12	1.600005e-06	0.000000e+00	-1.600003e-06
2.600000000000000e+00	2.600000e+00	4.000000e-01	-1.600005e-06	0.000000e+00	-2.610000e-12	1.600005e-06	0.000000e+00	-1.600003e-06
2.620000000000000e+00	2.620000e+00	4.000000e-01	-1.600005e-06	0.000000e+00	-2.630000e-12	1.600005e-06	0.000000e+00	-1.600003e-06
2.640000000000000e+00	2.640000e+00	4.000000e-01	-1.600005e-06	0.000000e+00	-2.650000e-12	1.600005e-06	0.000000e+00	-1.600003e-06
2.660000000000000e+00	2.660000e+00	4.000000e-01	-1.600005e-06	0.000000e+00	-2.670000e-12	1.600005e-06	0.000000e+00	-1.600003e-06
2.680000000000000e+00	2.680000e+00	4.000000e-01	-1.600005e-06	0.000000e+00	-2.690000e-12	1.600005e-06	0.000000e+00	-1.600003e-06
2.700000000000000e+00	2.700000e+00	4.000000e-01	-1.600005e-06	0.000000e+00	-2.710000e-12	1.600005e-06	0.000000e+00	-1.600003e-06
2.720000000000000e+00	2.720000e+00	4.000000e-01	-1.600005e-06	0.000000e+00	-2.730000e-12	1.600005e-06	0.000000e+00	-1.600003e-06
2.740000000000000e+00	2.740000e+00	4.000000e-01	-1.600005e-06	0.000000e+00	-2.750000e-12	1.600005e-06	0.000000e+00	-1.600003e-06
2.760000000000000e+00	2.760000e+00	4.000000e-01	-1.600005e-06	0.000000e+00	-2.770000e-12	1.600005e-06	0.000000e+00	-1.600003e-06
2.780000000000000e+00	2.780000e+00	4.000000e-01	-1.600006e-06	0.000000e+00	-2.790000e-12	1.600006e-06	0.000000e+00	-1.600003e-06
2.800000000000000e+00	2.800000e+00	4.000000e-01	-1.600006e-06	0.000000e+00	-2.810000e-12	1.600006e-06	0.000000e+00	-1.600003e-06
2.820000000000000e+00	2.820000e+00	4.000000e-01	-1.600006e-06	0.000000e+00	-2.830000e-12	1.600006e-06	0.000000e+00	-1.600003e-06
2.840000000000000e+00	2.840000e+00	4.000000e-01	-1.600006e-06	0.000000e+00	-2.850000e-12	1.600006e-06	0.000000e+00	-1.600003e-06
2.860000000000000e+00	2.860000e+00	4.000000e-01	-1.600006e-06	0.000000e+00	-2.870000e-12	1.600006e-06	0.000000e+00	-1.600003e-06
2.880000000000000e+00	2.880000e+00	4.000000e-01	-1.600006e-06	0.000000e+00	-2.890000e-12	1.600006e-06	0.000000e+00	-1.600003e-06
2.900000000000000e+00	2.900000e+00	4.000000e-01	-1.600006e-06	0.000000e+00	-2.910000e-12	1.600006e-06	0.000000e+00	-1.600003e-06
2.920000000000000e+00	2.920000e+00	4.000000e-01	-1.600006e-06	0.000000e+00	-2.930000e-12	1.600006e-06	0.000000e+00	-1.600003e-06
2.940000000000000e+00	2.940000e+00	4.000000e-01	-1.600006e-06	0.000000e+00	-2.950000e-12	1.600006e-06	0.000000e+00	-1.600003e-06
2.960000000000000e+00	2.960000e+00	4.000000e-01	-1.600006e-06	0.000000e+00	-2.970000e-12	1.600006e-06	0.000000e+00	-1.600003e-06
2.980000000000000e+00	2.980000e+00	4.000000e-01	-1.600006e-06	0.000000e+00	-2.990000e-12	1.600006e-06	0.000000e+00	-1.600003e-06
3.000000000000000e+00	3.000000e+00	4.000000e-01	-1.600006e-06	0.000000e+00	-3.010000e-12	1.600006e-06	0.000000e+00	-1.600003e-06
3.020000000000000e+00	3.020000e+00	4.000000e-01	-1.600006e-06	0.000000e+00	-3.030000e-12	1.600006e-06	0.000000e+00	-1.600003e-06
3.040000000000000e+00	3.040000e+00	4.000000e-01	-1.600006e-06	0.000000e+00	-3.050000e-12	1.600006e-06	0.000000e+00	-1.600003e-06
3.060000000000000e+00	3.060000e+00	4.000000e-01	-1.600006e-06	0.000000e+00	-3.070000e-12	1.600006e-06	0.000000e+00	-1.600003e-06
3.080000000000000e+00	3.080000e+00	4.000000e-01	-1.600006e-06	0.000000e+00	-3.090000e-12	1.600006e-06	0.000000e+00	-1.600003e-06
3.100000000000000e+00	3.100000e+00	4.000000e-01	-1.600006e-06	0.000000e+00	-3.110000e-12	1.600006e-06	0.000000e+00	-1.600003e-06
3.120000000000000e+00	3.120000e+00	4.000000e-01	-1.600006e-06	0.000000e+00	-3.130000e-12	1.600006e-06	0.000000e+00	-1.600003e-06
3.140000000000000e+00	3.140000e+00	4.000000e-01	-1.600006e-06	0.000000e+00	-3.150000e-12	1.600006e-06	0.000000e+00	-1.600003e-06
3.160000000000000e+00	3.160000e+00	4.000000e-01	-1.600006e-06	0.000000e+00	-3.170000e-12	1.600006e-06	0.000000e+00	-1.600003e-06
3.180000000000000e+00	3.180000e+00	4.000000e-01	-1.600006e-06	0.000000e+00	-3.190000e-12	1.600006e-06	0.000000e+00	-1.600003e-06
3.200000000000000e+00	3.200000e+00	4.000000e-01	-1.600006e-06	0.000000e+00	-3.210000e-12	1.600006e-06	0.000000e+00	-1.600003e-06
3.220000000000000e+00	3.220000e+00	4.000000e-01	-1.600006e-06	0.000000e+00	-3.230000e-12	1.600006e-06	0.000000e+00	-1.600003e-06
3.240000000000000e+00	3.240000e+00	4.000000e-01	-1.600006e-06	0.000000e+00	-3.250000e-12	1.600006e-06	0.000000e+00	-1.600003e-06
3.260000000000000e+00	3.260000e+00	4.000000e-01	-1.600006e-06	0.000000e+00	-3.270000e-12	1.600006e-06	0.000000e+00	-1.600003e-06
3.280000000000000e+00	3.280000e+00	4.000000e-01	-1.600007e-06	0.000000e+00	-3.290000e-12	1.600007e-06	0.000000e+00	-1.600003e-06
3.300000000000000e+00	3.300000e+00	4.000000e-01	-1.600007e-06	0.000000e+00	-3.310000e-12	1.600007e-06	0.000000e+00	-1.600003e-06
3.320000000000000e+00	3.320000e+00	4.000000e-01	-1.600007e-06	0.000000e+00	-3.330000e-12	1.600007e-06	0.000000e+00	-1.600003e-06
3.340000000000000e+00	3.340000e+00	4.000000e-01	-1.600007e-06	0.000000e+00	-3.350000e-12	1.600007e-06	0.000000e+00	-1.600003e-06
3.360000000000000e+00	3.360000e+00	4.000000e-01	-1.600007e-06	0.000000e+00	-3.370000e-12	1.600007e-06	0.000000e+00	-1.600003e-06
3.380000000000000e+00	3.380000e+00	4.000000e-01	-1.600007e-06	0.000000e+00	-3.390000e-12	1.600007e-06	0.000000e+00	-1.600003e-06
3.400000000000000e+00	3.400000e+00	4.000000e-01	-1.600007e-06	0.000000e+00	-3.410000e-12	1.600007e-06	0.000000e+00	-1.600003e-06
3.420000000000000e+00	3.420000e+00	4.000000e-01	-1.600007e-06	0.000000e+00	-3.430000e-12	1.600007e-06	0.000000e+00	-1.600003e-06
3.440000000000000e+00	3.440000e+00	4.000000e-01	-1.600007e-06	0.000000e+00	-3.450000e-12	1.600007e-06	0.000000e+00	-1.600003e-06
3.460000000000000e+00	3.460000e+00	4.000000e-01	-1.600007e-06	0.000000e+00	-3.470000e-12	1.600007e-06	0.000000e+00	-1.600003e-06
3.480000000000000e+00	3.480000e+00	4.000000e-01	-1.600007e-06	0.000000e+00	-3.490000e-12	1.600007e-06	0.000000e+00	-1.600003e-06
3.500000000000000e+00	3.500000e+00	4.000000e-01	-1.600007e-06	0.000000e+00	-3.510000e-12	1.600007e-06	0.000000e+00	-1.600004e-06
3.520000000000000e+00	3.520000e+00	4.000000e-01	-1.600007e-06	0.000000e+00	-3.530000e-12	1.600007e-06	0.000000e+00	-1.600004e-06
3.540000000000000e+00	3.540000e+00	4.000000e-01	-1.600007e-06	0.000000e+00	-3.550000e-12	1.600007e-06	0.000000e+00	-1.600004e-06
3.560000000000000e+00	3.560000e+00	4.000000e-01	-1.600007e-06	0.000000e+00	-3.570000e-12	1.600007e-06	0.000000e+00	-1.600004e-06
3.580000000000000e+00	3.580000e+00	4.000000e-01	-1.600007e-06	0.000000e+00	-3.590000e-12	1.600007e-06	0.000000e+00	-1.600004e-06
3.600000000000000e+00	3.600000e+00	4.000000e-01	-1.600007e-06	0.000000e+00	-3.610000e-12	1.600007e-06	0.000000e+00	-1.600004e-06
3.620000000000000e+00	3.620000e+00	4.000000e-01	-1.600007e-06	0.000000e+00	-3.630000e-12	1.600007e-06	0.000000e+00	-1.600004e-06
3.640000000000000e+00	3.640000e+00	4.000000e-01	-1.600007e-06	0.000000e+00	-3.650000e-12	1.600007e-06	0.000000e+00	-1.600004e-06
3.660000000000000e+00	3.660000e+00	4.000000e-01	-1.600007e-06	0.000000e+00	-3.670000e-12	1.600007e-06	0.000000e+00	-1.600004e-06
3.680000000000000e+00	3.680000e+00	4.000000e-01	-1.600007e-06	0.000000e+00	-3.690000e-12	1.600007e-06	0.000000e+00	-1.600004e-06
3.700000000000000e+00	3.700000e+00	4.000000e-01	-1.600007e-06	0.000000e+00	-3.710000e-12	1.600007e-06	0.000000e+00	-1.600004e-06
3.720000000000000e+00	3.720000e+00	4.000000e-01	-1.600007e-06	0.000000e+00	-3.730000e-12	1.600007e-06	0.000000e+00	-1.600004e-06
3.740000000000000e+00	3.740000e+00	4.000000e-01	-1.600008e-06	0.000000e+00	-3.750000e-12	1.600008e-06	0.000000e+00	-1.600004e-06
3.760000000000000e+00	3.760000e+00	4.000000e-01	-1.600008e-06	0.000000e+00	-3.770000e-12	1.600008e-06	0.000000e+00	-1.600004e-06
3.780000000000000e+00	3.780000e+00	4.000000e-01	-1.600008e-06	0.000000e+00	-3.790000e-12	1.600008e-06	0.000000e+00	-1.600004e-06
3.800000000000000e+00	3.800000e+00	4.000000e-01	-1.600008e-06	0.000000e+00	-3.810000e-12	1.600008e-06	0.000000e+00	-1.600004e-06
3.820000000000000e+00	3.820000e+00	4.000000e-01	-1.600008e-06	0.000000e+00	-3.830000e-12	1.600008e-06	0.000000e+00	-1.600004e-06
3.840000000000000e+00	3.840000e+00	4.000000e-01	-1.600008e-06	0.000000e+00	-3.850000e-12	1.600008e-06	0.000000e+00	-1.600004e-06
3.860000000000000e+00	3.860000e+00	4.000000e-01	-1.600008e-06	0.000000e+00	-3.870000e-12	1.600008e-06	0.000000e+00	-1.600004e-06
3.880000000000000e+00	3.880000e+00	4.000000e-01	-1.600008e-06	0.000000e+00	-3.890000e-12	1.600008e-06	0.000000e+00	-1.600004e-06
3.900000000000000e+00	3.900000e+00	4.000000e-01	-1.600008e-06	0.000000e+00	-3.910000e-12	1.600008e-06	0.000000e+00	-1.600004e-06
3.920000000000000e+00	3.920000e+00	4.000000e-01	-1.600008e-06	0.000000e+00	-3.930000e-12	1.600008e-06	0.000000e+00	-1.600004e-06
3.940000000000000e+00	3.940000e+00	4.000000e-01	-1.600008e-06	0.000000e+00	-3.950000e-12	1.600008e-06	0.000000e+00	-1.600004e-06
3.960000000000000e+00	3.960000e+00	4.000000e-01	-1.600008e-06	0.000000e+00	-3.970000e-12	1.600008e-06	0.000000e+00	-1.600004e-06
3.980000000000000e+00	3.980000e+00	4.000000e-01	-1.600008e-06	0.000000e+00	-3.990000e-12	1.600008e-06	0.000000e+00	-1.600004e-06
4.000000000000000e+00	4.000000e+00	4.000000e-01	-1.600008e-06	0.000000e+00	-4.010000e-12	1.600008e-06	0.000000e+00	-1.600004e-06
4.020000000000000e+00	4.020000e+00	4.000000e-01	-1.600008e-06	0.000000e+00	-4.030000e-12	1.600008e-06	0.000000e+00	-1.600004e-06
4.040000000000000e+00	4.040000e+00	4.000000e-01	-1.600008e-06	0.000000e+00	-4.050000e-12	1.600008e-06	0.000000e+00	-1.600004e-06
4.060000000000000e+00	4.060000e+00	4.000000e-01	-1.600008e-06	0.000000e+00	-4.070000e-12	1.600008e-06	0.000000e+00	-1.600004e-06
4.080000000000000e+00	4.080000e+00	4.000000e-01	-1.600008e-06	0.000000e+00	-4.090000e-12	1.600008e-06	0.000000e+00	-1.600004e-06
4.100000000000000e+00	4.100000e+00	4.000000e-01	-1.600008e-06	0.000000e+00	-4.110000e-12	1.600008e-06	0.000000e+00	-1.600004e-06
4.120000000000000e+00	4.120000e+00	4.000000e-01	-1.600008e-06	0.000000e+00	-4.130000e-12	1.600008e-06	0.000000e+00	-1.600004e-06
4.140000000000000e+00	4.140000e+00	4.000000e-01	-1.600008e-06	0.000000e+00	-4.150000e-12	1.600008e-06	0.000000e+00	-1.600004e-06
4.160000000000000e+00	4.160000e+00	4.000000e-01	-1.600008e-06	0.000000e+00	-4.170000e-12	1.600008e-06	0.000000e+00	-1.600004e-06
4.180000000000000e+00	4.180000e+00	4.000000e-01	-1.600008e-06	0.000000e+00	-4.190000e-12	1.600008e-06	0.000000e+00	-1.600004e-06
4.200000000000000e+00	4.200000e+00	4.000000e-01	-1.600008e-06	0.000000e+00	-4.210000e-12	1.600008e-06	0.000000e+00	-1.600004e-06
4.220000000000000e+00	4.220000e+00	4.000000e-01	-1.600008e-06	0.000000e+00	-4.230000e-12	1.600008e-06	0.000000e+00	-1.600004e-06
4.240000000000000e+00	4.240000e+00	4.000000e-01	-1.600009e-06	0.000000e+00	-4.250000e-12	1.600009e-06	0.000000e+00	-1.600004e-06
4.260000000000000e+00	4.260000e+00	4.000000e-01	-1.600009e-06	0.000000e+00	-4.270000e-12	1.600009e-06	0.000000e+00	-1.600004e-06
4.280000000000000e+00	4.280000e+00	4.000000e-01	-1.600009e-06	0.000000e+00	-4.290000e-12	1.600009e-06	0.000000e+00	-1.600004e-06
4.300000000000000e+00	4.300000e+00	4.000000e-01	-1.600009e-06	0.000000e+00	-4.310000e-12	1.600009e-06	0.000000e+00	-1.600004e-06
4.320000000000000e+00	4.320000e+00	4.000000e-01	-1.600009e-06	0.000000e+00	-4.330000e-12	1.600009e-06	0.000000e+00	-1.600004e-06
4.340000000000000e+00	4.340000e+00	4.000000e-01	-1.600009e-06	0.000000e+00	-4.350000e-12	1.600009e-06	0.000000e+00	-1.600004e-06
4.360000000000000e+00	4.360000e+00	4.000000e-01	-1.600009e-06	0.000000e+00	-4.370000e-12	1.600009e-06	0.000000e+00	-1.600004e-06
4.380000000000000e+00	4.380000e+00	4.000000e-01	-1.600009e-06	0.000000e+00	-4.390000e-12	1.600009e-06	0.000000e+00	-1.600004e-06
4.400000000000000e+00	4.400000e+00	4.000000e-01	-1.600009e-06	0.000000e+00	-4.410000e-12	1.600009e-06	0.000000e+00	-1.600004e-06
4.420000000000000e+00	4.420000e+00	4.000000e-01	-1.600009e-06	0.000000e+00	-4.430000e-12	1.600009e-06	0.000000e+00	-1.600004e-06
4.440000000000000e+00	4.440000e+00	4.000000e-01	-1.600009e-06	0.000000e+00	-4.450000e-12	1.600009e-06	0.000000e+00	-1.600004e-06
4.460000000000000e+00	4.460000e+00	4.000000e-01	-1.600009e-06	0.000000e+00	-4.470000e-12	1.600009e-06	0.000000e+00	-1.600004e-06
4.480000000000000e+00	4.480000e+00	4.000000e-01	-1.600009e-06	0.000000e+00	-4.490000e-12	1.600009e-06	0.000000e+00	-1.600004e-06
4.500000000000000e+00	4.500000e+00	4.000000e-01	-1.600009e-06	0.000000e+00	-4.510000e-12	1.600009e-06	0.000000e+00	-1.600004e-06
4.520000000000000e+00	4.520000e+00	4.000000e-01	-1.600009e-06	0.000000e+00	-4.530000e-12	1.600009e-06	0.000000e+00	-1.600005e-06
4.540000000000000e+00	4.540000e+00	4.000000e-01	-1.600009e-06	0.000000e+00	-4.550000e-12	1.600009e-06	0.000000e+00	-1.600005e-06
4.560000000000000e+00	4.560000e+00	4.000000e-01	-1.600009e-06	0.000000e+00	-4.570000e-12	1.600009e-06	0.000000e+00	-1.600005e-06
4.580000000000000e+00	4.580000e+00	4.000000e-01	-1.600009e-06	0.000000e+00	-4.590000e-12	1.600009e-06	0.000000e+00	-1.600005e-06
4.600000000000001e+00	4.600000e+00	4.000000e-01	-1.600009e-06	0.000000e+00	-4.610000e-12	1.600009e-06	0.000000e+00	-1.600005e-06
4.620000000000000e+00	4.620000e+00	4.000000e-01	-1.600009e-06	0.000000e+00	-4.630000e-12	1.600009e-06	0.000000e+00	-1.600005e-06
4.640000000000000e+00	4.640000e+00	4.000000e-01	-1.600009e-06	0.000000e+00	-4.650000e-12	1.600009e-06	0.000000e+00	-1.600005e-06
4.660000000000000e+00	4.660000e+00	4.000000e-01	-1.600009e-06	0.000000e+00	-4.670000e-12	1.600009e-06	0.000000e+00	-1.600005e-06
4.680000000000000e+00	4.680000e+00	4.000000e-01	-1.600009e-06	0.000000e+00	-4.690000e-12	1.600009e-06	0.000000e+00	-1.600005e-06
4.700000000000000e+00	4.700000e+00	4.000000e-01	-1.600009e-06	0.000000e+00	-4.710000e-12	1.600009e-06	0.000000e+00	-1.600005e-06
4.720000000000000e+00	4.720000e+00	4.000000e-01	-1.600009e-06	0.000000e+00	-4.730000e-12	1.600009e-06	0.000000e+00	-1.600005e-06
4.740000000000000e+00	4.740000e+00	4.000000e-01	-1.600009e-06	0.000000e+00	-4.750000e-12	1.600009e-06	0.000000e+00	-1.600005e-06
4.760000000000000e+00	4.760000e+00	4.000000e-01	-1.600010e-06	0.000000e+00	-4.770000e-12	1.600010e-06	0.000000e+00	-1.600005e-06
4.780000000000000e+00	4.780000e+00	4.000000e-01	-1.600010e-06	0.000000e+00	-4.790000e-12	1.600010e-06	0.000000e+00	-1.600005e-06
4.800000000000000e+00	4.800000e+00	4.000000e-01	-1.600010e-06	0.000000e+00	-4.810000e-12	1.600010e-06	0.000000e+00	-1.600005e-06
4.820000000000000e+00	4.820000e+00	4.000000e-01	-1.600010e-06	0.000000e+00	-4.830000e-12	1.600010e-06	0.000000e+00	-1.600005e-06
4.840000000000000e+00	4.840000e+00	4.000000e-01	-1.600010e-06	0.000000e+00	-4.850000e-12	1.600010e-06	0.000000e+00	-1.600005e-06
4.860000000000000e+00	4.860000e+00	4.000000e-01	-1.600010e-06	0.000000e+00	-4.870000e-12	1.600010e-06	0.000000e+00	-1.600005e-06
4.880000000000000e+00	4.880000e+00	4.000000e-01	-1.600010e-06	0.000000e+00	-4.890000e-12	1.600010e-06	0.000000e+00	-1.600005e-06
4.900000000000000e+00	4.900000e+00	4.000000e-01	-1.600010e-06	0.000000e+00	-4.910000e-12	1.600010e-06	0.000000e+00	-1.600005e-06
4.920000000000000e+00	4.920000e+00	4.000000e-01	-1.600010e-06	0.000000e+00	-4.930000e-12	1.600010e-06	0.000000e+00	-1.600005e-06
4.940000000000000e+00	4.940000e+00	4.000000e-01	-1.600010e-06	0.000000e+00	-4.950000e-12	1.600010e-06	0.000000e+00	-1.600005e-06
4.960000000000000e+00	4.960000e+00	4.000000e-01	-1.600010e-06	0.000000e+00	-4.970000e-12	1.600010e-06	0.000000e+00	-1.600005e-06
4.980000000000000e+00	4.980000e+00	4.000000e-01	-1.600010e-06	0.000000e+00	-4.990000e-12	1.600010e-06	0.000000e+00	-1.600005e-06
5.000000000000000e+00	5.000000e+00	4.000000e-01	-1.600010e-06	0.000000e+00	-5.010000e-12	1.600010e-06	0.000000e+00	-1.600005e-06
Step Information: Vin=800m  (Step: 3/6)
0.000000000000000e+00	0.000000e+00	8.000000e-01	0.000000e+00	0.000000e+00	0.000000e+00	0.000000e+00	0.000000e+00	-0.000000e+00
2.000000000000000e-02	2.000000e-02	8.000000e-01	-3.160000e-07	0.000000e+00	-2.538488e-14	3.160000e-07	0.000000e+00	-3.160000e-07
4.000000000000000e-02	4.000000e-02	8.000000e-01	-6.240001e-07	0.000000e+00	-4.787007e-14	6.240001e-07	0.000000e+00	-6.240001e-07
6.000000000000000e-02	6.000000e-02	8.000000e-01	-9.240001e-07	0.000000e+00	-6.901701e-14	9.240001e-07	0.000000e+00	-9.240001e-07
8.000000000000000e-02	8.000000e-02	8.000000e-01	-1.216000e-06	0.000000e+00	-8.954634e-14	1.216000e-06	0.000000e+00	-1.216000e-06
1.000000000000000e-01	1.000000e-01	8.000000e-01	-1.500000e-06	0.000000e+00	-1.097906e-13	1.500000e-06	0.000000e+00	-1.500000e-06
1.200000000000000e-01	1.200000e-01	8.000000e-01	-1.776000e-06	0.000000e+00	-1.299034e-13	1.776000e-06	0.000000e+00	-1.776000e-06
1.400000000000000e-01	1.400000e-01	8.000000e-01	-2.044000e-06	0.000000e+00	-1.499554e-13	2.044000e-06	0.000000e+00	-2.044000e-06
1.600000000000000e-01	1.600000e-01	8.000000e-01	-2.304000e-06	0.000000e+00	-1.699794e-13	2.304000e-06	0.000000e+00	-2.304000e-06
1.800000000000000e-01	1.800000e-01	8.000000e-01	-2.556000e-06	0.000000e+00	-1.899905e-13	2.556000e-06	0.000000e+00	-2.556000e-06
2.000000000000000e-01	2.000000e-01	8.000000e-01	-2.800000e-06	0.000000e+00	-2.099956e-13	2.800000e-06	0.000000e+00	-2.800000e-06
2.200000000000000e-01	2.200000e-01	8.000000e-01	-3.036000e-06	0.000000e+00	-2.299980e-13	3.036000e-06	0.000000e+00	-3.036000e-06
2.400000000000000e-01	2.400000e-01	8.000000e-01	-3.264000e-06	0.000000e+00	-2.499991e-13	3.264000e-06	0.000000e+00	-3.264000e-06
2.600000000000000e-01	2.600000e-01	8.000000e-01	-3.484000e-06	0.000000e+00	-2.699996e-13	3.484000e-06	0.000000e+00	-3.484000e-06
2.800000000000000e-01	2.800000e-01	8.000000e-01	-3.696000e-06	0.000000e+00	-2.899998e-13	3.696000e-06	0.000000e+00	-3.696000e-06
3.000000000000000e-01	3.000000e-01	8.000000e-01	-3.900001e-06	0.000000e+00	-3.099999e-13	3.900001e-06	0.000000e+00	-3.900000e-06
3.200000000000000e-01	3.200000e-01	8.000000e-01	-4.096001e-06	0.000000e+00	-3.300000e-13	4.096001e-06	0.000000e+00	-4.096000e-06
3.400000000000000e-01	3.400000e-01	8.000000e-01	-4.284001e-06	0.000000e+00	-3.500000e-13	4.284001e-06	0.000000e+00	-4.284000e-06
3.600000000000000e-01	3.600000e-01	8.000000e-01	-4.464001e-06	0.000000e+00	-3.700000e-13	4.464001e-06	0.000000e+00	-4.464001e-06
3.800000000000000e-01	3.800000e-01	8.000000e-01	-4.636001e-06	0.000000e+00	-3.900000e-13	4.636001e-06	0.000000e+00	-4.636001e-06
4.000000000000000e-01	4.000000e-01	8.000000e-01	-4.800001e-06	0.000000e+00	-4.100000e-13	4.800001e-06	0.000000e+00	-4.800001e-06
4.200000000000000e-01	4.200000e-01	8.000000e-01	-4.956001e-06	0.000000e+00	-4.300000e-13	4.956001e-06	0.000000e+00	-4.956000e-06
4.400000000000000e-01	4.400000e-01	8.000000e-01	-5.104001e-06	0.000000e+00	-4.500000e-13	5.104001e-06	0.000000e+00	-5.104001e-06
4.600000000000000e-01	4.600000e-01	8.000000e-01	-5.244001e-06	0.000000e+00	-4.700000e-13	5.244001e-06	0.000000e+00	-5.244000e-06
4.800000000000000e-01	4.800000e-01	8.000000e-01	-5.376001e-06	0.000000e+00	-4.900000e-13	5.376001e-06	0.000000e+00	-5.376000e-06
5.000000000000000e-01	5.000000e-01	8.000000e-01	-5.500001e-06	0.000000e+00	-5.100000e-13	5.500001e-06	0.000000e+00	-5.500000e-06
5.200000000000000e-01	5.200000e-01	8.000000e-01	-5.616001e-06	0.000000e+00	-5.300000e-13	5.616001e-06	0.000000e+00	-5.616001e-06
5.400000000000000e-01	5.400000e-01	8.000000e-01	-5.724001e-06	0.000000e+00	-5.500000e-13	5.724001e-06	0.000000e+00	-5.724000e-06
5.600000000000001e-01	5.600000e-01	8.000000e-01	-5.824001e-06	0.000000e+00	-5.700000e-13	5.824001e-06	0.000000e+00	-5.824001e-06
5.800000000000000e-01	5.800000e-01	8.000000e-01	-5.916001e-06	0.000000e+00	-5.900000e-13	5.916001e-06	0.000000e+00	-5.916001e-06
6.000000000000000e-01	6.000000e-01	8.000000e-01	-6.000001e-06	0.000000e+00	-6.100000e-13	6.000001e-06	0.000000e+00	-6.000001e-06
6.200000000000000e-01	6.200000e-01	8.000000e-01	-6.076001e-06	0.000000e+00	-6.300000e-13	6.076001e-06	0.000000e+00	-6.076001e-06
6.400000000000000e-01	6.400000e-01	8.000000e-01	-6.144001e-06	0.000000e+00	-6.500000e-13	6.144001e-06	0.000000e+00	-6.144001e-06
6.600000000000000e-01	6.600000e-01	8.000000e-01	-6.204001e-06	0.000000e+00	-6.700000e-13	6.204001e-06	0.000000e+00	-6.204001e-06
6.800000000000000e-01	6.800000e-01	8.000000e-01	-6.256001e-06	0.000000e+00	-6.900000e-13	6.256001e-06	0.000000e+00	-6.256001e-06
7.000000000000001e-01	7.000000e-01	8.000000e-01	-6.300002e-06	0.000000e+00	-7.100000e-13	6.300002e-06	0.000000e+00	-6.300001e-06
7.200000000000000e-01	7.200000e-01	8.000000e-01	-6.336002e-06	0.000000e+00	-7.300000e-13	6.336002e-06	0.000000e+00	-6.336001e-06
7.400000000000000e-01	7.400000e-01	8.000000e-01	-6.364001e-06	0.000000e+00	-7.500000e-13	6.364001e-06	0.000000e+00	-6.364001e-06
7.600000000000000e-01	7.600000e-01	8.000000e-01	-6.384002e-06	0.000000e+00	-7.700000e-13	6.384002e-06	0.000000e+00	-6.384001e-06
7.800000000000000e-01	7.800000e-01	8.000000e-01	-6.396001e-06	0.000000e+00	-7.900000e-13	6.396001e-06	0.000000e+00	-6.396001e-06
8.000000000000000e-01	8.000000e-01	8.000000e-01	-6.400001e-06	0.000000e+00	-8.100000e-13	6.400001e-06	0.000000e+00	-6.400001e-06
8.200000000000001e-01	8.200000e-01	8.000000e-01	-6.400001e-06	0.000000e+00	-8.300000e-13	6.400001e-06	0.000000e+00	-6.400001e-06
8.400000000000000e-01	8.400000e-01	8.000000e-01	-6.400002e-06	0.000000e+00	-8.500000e-13	6.400002e-06	0.000000e+00	-6.400001e-06
8.600000000000000e-01	8.600000e-01	8.000000e-01	-6.400002e-06	0.000000e+00	-8.700000e-13	6.400002e-06	0.000000e+00	-6.400001e-06
8.800000000000000e-01	8.800000e-01	8.000000e-01	-6.400002e-06	0.000000e+00	-8.900000e-13	6.400002e-06	0.000000e+00	-6.400001e-06
9.000000000000000e-01	9.000000e-01	8.000000e-01	-6.400002e-06	0.000000e+00	-9.100000e-13	6.400002e-06	0.000000e+00	-6.400001e-06
9.200000000000000e-01	9.200000e-01	8.000000e-01	-6.400002e-06	0.000000e+00	-9.300000e-13	6.400002e-06	0.000000e+00	-6.400001e-06
9.400000000000001e-01	9.400000e-01	8.000000e-01	-6.400002e-06	0.000000e+00	-9.500000e-13	6.400002e-06	0.000000e+00	-6.400001e-06
9.600000000000000e-01	9.600000e-01	8.000000e-01	-6.400002e-06	0.000000e+00	-9.700000e-13	6.400002e-06	0.000000e+00	-6.400001e-06
9.800000000000000e-01	9.800000e-01	8.000000e-01	-6.400002e-06	0.000000e+00	-9.900000e-13	6.400002e-06	0.000000e+00	-6.400001e-06
1.000000000000000e+00	1.000000e+00	8.000000e-01	-6.400002e-06	0.000000e+00	-1.010000e-12	6.400002e-06	0.000000e+00	-6.400001e-06
1.020000000000000e+00	1.020000e+00	8.000000e-01	-6.400002e-06	0.000000e+00	-1.030000e-12	6.400002e-06	0.000000e+00	-6.400001e-06
1.040000000000000e+00	1.040000e+00	8.000000e-01	-6.400002e-06	0.000000e+00	-1.050000e-12	6.400002e-06	0.000000e+00	-6.400001e-06
1.060000000000000e+00	1.060000e+00	8.000000e-01	-6.400002e-06	0.000000e+00	-1.070000e-12	6.400002e-06	0.000000e+00	-6.400001e-06
1.080000000000000e+00	1.080000e+00	8.000000e-01	-6.400002e-06	0.000000e+00	-1.090000e-12	6.400002e-06	0.000000e+00	-6.400001e-06
1.100000000000000e+00	1.100000e+00	8.000000e-01	-6.400002e-06	0.000000e+00	-1.110000e-12	6.400002e-06	0.000000e+00	-6.400001e-06
1.120000000000000e+00	1.120000e+00	8.000000e-01	-6.400002e-06	0.000000e+00	-1.130000e-12	6.400002e-06	0.000000e+00	-6.400001e-06
1.140000000000000e+00	1.140000e+00	8.000000e-01	-6.400002e-06	0.000000e+00	-1.150000e-12	6.400002e-06	0.000000e+00	-6.400001e-06
1.160000000000000e+00	1.160000e+00	8.000000e-01	-6.400002e-06	0.000000e+00	-1.170000e-12	6.400002e-06	0.000000e+00	-6.400001e-06
1.180000000000000e+00	1.180000e+00	8.000000e-01	-6.400002e-06	0.000000e+00	-1.190000e-12	6.400002e-06	0.000000e+00	-6.400001e-06
1.200000000000000e+00	1.200000e+00	8.000000e-01	-6.400002e-06	0.000000e+00	-1.210000e-12	6.400002e-06	0.000000e+00	-6.400001e-06
1.220000000000000e+00	1.220000e+00	8.000000e-01	-6.400002e-06	0.000000e+00	-1.230000e-12	6.400002e-06	0.000000e+00	-6.400001e-06
1.240000000000000e+00	1.240000e+00	8.000000e-01	-6.400002e-06	0.000000e+00	-1.250000e-12	6.400002e-06	0.000000e+00	-6.400001e-06
1.260000000000000e+00	1.260000e+00	8.000000e-01	-6.400002e-06	0.000000e+00	-1.270000e-12	6.400002e-06	0.000000e+00	-6.400001e-06
1.280000000000000e+00	1.280000e+00	8.000000e-01	-6.400002e-06	0.000000e+00	-1.290000e-12	6.400002e-06	0.000000e+00	-6.400001e-06
1.300000000000000e+00	1.300000e+00	8.000000e-01	-6.400003e-06	0.000000e+00	-1.310000e-12	6.400003e-06	0.000000e+00	-6.400001e-06
1.320000000000000e+00	1.320000e+00	8.000000e-01	-6.400003e-06	0.000000e+00	-1.330000e-12	6.400003e-06	0.000000e+00	-6.400001e-06
1.340000000000000e+00	1.340000e+00	8.000000e-01	-6.400003e-06	0.000000e+00	-1.350000e-12	6.400003e-06	0.000000e+00	-6.400001e-06
1.360000000000000e+00	1.360000e+00	8.000000e-01	-6.400003e-06	0.000000e+00	-1.370000e-12	6.400003e-06	0.000000e+00	-6.400001e-06
1.380000000000000e+00	1.380000e+00	8.000000e-01	-6.400003e-06	0.000000e+00	-1.390000e-12	6.400003e-06	0.000000e+00	-6.400001e-06
1.400000000000000e+00	1.400000e+00	8.000000e-01	-6.400003e-06	0.000000e+00	-1.410000e-12	6.400003e-06	0.000000e+00	-6.400001e-06
1.420000000000000e+00	1.420000e+00	8.000000e-01	-6.400003e-06	0.000000e+00	-1.430000e-12	6.400003e-06	0.000000e+00	-6.400001e-06
1.440000000000000e+00	1.440000e+00	8.000000e-01	-6.400003e-06	0.000000e+00	-1.450000e-12	6.400003e-06	0.000000e+00	-6.400001e-06
1.460000000000000e+00	1.460000e+00	8.000000e-01	-6.400003e-06	0.000000e+00	-1.470000e-12	6.400003e-06	0.000000e+00	-6.400001e-06
1.480000000000000e+00	1.480000e+00	8.000000e-01	-6.400003e-06	0.000000e+00	-1.490000e-12	6.400003e-06	0.000000e+00	-6.400001e-06
1.500000000000000e+00	1.500000e+00	8.000000e-01	-6.400003e-06	0.000000e+00	-1.510000e-12	6.400003e-06	0.000000e+00	-6.400001e-06
1.520000000000000e+00	1.520000e+00	8.000000e-01	-6.400003e-06	0.000000e+00	-1.530000e-12	6.400003e-06	0.000000e+00	-6.400001e-06
1.540000000000000e+00	1.540000e+00	8.000000e-01	-6.400003e-06	0.000000e+00	-1.550000e-12	6.400003e-06	0.000000e+00	-6.400001e-06
1.560000000000000e+00	1.560000e+00	8.000000e-01	-6.400003e-06	0.000000e+00	-1.570000e-12	6.400003e-06	0.000000e+00	-6.400001e-06
1.580000000000000e+00	1.580000e+00	8.000000e-01	-6.400003e-06	0.000000e+00	-1.590000e-12	6.400003e-06	0.000000e+00	-6.400001e-06
1.600000000000000e+00	1.600000e+00	8.000000e-01	-6.400003e-06	0.000000e+00	-1.610000e-12	6.400003e-06	0.000000e+00	-6.400001e-06
1.620000000000000e+00	1.620000e+00	8.000000e-01	-6.400003e-06	0.000000e+00	-1.630000e-12	6.400003e-06	0.000000e+00	-6.400001e-06
1.640000000000000e+00	1.640000e+00	8.000000e-01	-6.400003e-06	0.000000e+00	-1.650000e-12	6.400003e-06	0.000000e+00	-6.400001e-06
1.660000000000000e+00	1.660000e+00	8.000000e-01	-6.400003e-06	0.000000e+00	-1.670000e-12	6.400003e-06	0.000000e+00	-6.400001e-06
1.680000000000000e+00	1.680000e+00	8.000000e-01	-6.400003e-06	0.000000e+00	-1.690000e-12	6.400003e-06	0.000000e+00	-6.400002e-06
1.700000000000000e+00	1.700000e+00	8.000000e-01	-6.400003e-06	0.000000e+00	-1.710000e-12	6.400003e-06	0.000000e+00	-6.400002e-06
1.720000000000000e+00	1.720000e+00	8.000000e-01	-6.400003e-06	0.000000e+00	-1.730000e-12	6.400003e-06	0.000000e+00	-6.400002e-06
1.740000000000000e+00	1.740000e+00	8.000000e-01	-6.400004e-06	0.000000e+00	-1.750000e-12	6.400004e-06	0.000000e+00	-6.400002e-06
1.760000000000000e+00	1.760000e+00	8.000000e-01	-6.400004e-06	0.000000e+00	-1.770000e-12	6.400004e-06	0.000000e+00	-6.400002e-06
1.780000000000000e+00	1.780000e+00	8.000000e-01	-6.400004e-06	0.000000e+00	-1.790000e-12	6.400004e-06	0.000000e+00	-6.400002e-06
1.800000000000000e+00	1.800000e+00	8.000000e-01	-6.400004e-06	0.000000e+00	-1.810000e-12	6.400004e-06	0.000000e+00	-6.400002e-06
1.820000000000000e+00	1.820000e+00	8.000000e-01	-6.400004e-06	0.000000e+00	-1.830000e-12	6.400004e-06	0.000000e+00	-6.400002e-06
1.840000000000000e+00	1.840000e+00	8.000000e-01	-6.400004e-06	0.000000e+00	-1.850000e-12	6.400004e-06	0.000000e+00	-6.400002e-06
1.860000000000000e+00	1.860000e+00	8.000000e-01	-6.400004e-06	0.000000e+00	-1.870000e-12	6.400004e-06	0.000000e+00	-6.400002e-06
1.880000000000000e+00	1.880000e+00	8.000000e-01	-6.400004e-06	0.000000e+00	-1.890000e-12	6.400004e-06	0.000000e+00	-6.400002e-06
1.900000000000000e+00	1.900000e+00	8.000000e-01	-6.400004e-06	0.000000e+00	-1.910000e-12	6.400004e-06	0.000000e+00	-6.400002e-06
1.920000000000000e+00	1.920000e+00	8.000000e-01	-6.400004e-06	0.000000e+00	-1.930000e-12	6.400004e-06	0.000000e+00	-6.400002e-06
1.940000000000000e+00	1.940000e+00	8.000000e-01	-6.400004e-06	0.000000e+00	-1.950000e-12	6.400004e-06	0.000000e+00	-6.400002e-06
1.960000000000000e+00	1.960000e+00	8.000000e-01	-6.400004e-06	0.000000e+00	-1.970000e-12	6.400004e-06	0.000000e+00	-6.400002e-06
1.980000000000000e+00	1.980000e+00	8.000000e-01	-6.400004e-06	0.000000e+00	-1.990000e-12	6.400004e-06	0.000000e+00	-6.400002e-06
2.000000000000000e+00	2.000000e+00	8.000000e-01	-6.400004e-06	0.000000e+00	-2.010000e-12	6.400004e-06	0.000000e+00	-6.400002e-06
2.020000000000000e+00	2.020000e+00	8.000000e-01	-6.400004e-06	0.000000e+00	-2.030000e-12	6.400004e-06	0.000000e+00	-6.400002e-06
2.040000000000000e+00	2.040000e+00	8.000000e-01	-6.400004e-06	0.000000e+00	-2.050000e-12	6.400004e-06	0.000000e+00	-6.400002e-06
2.060000000000000e+00	2.060000e+00	8.000000e-01	-6.400004e-06	0.000000e+00	-2.070000e-12	6.400004e-06	0.000000e+00	-6.400002e-06
2.080000000000000e+00	2.080000e+00	8.000000e-01	-6.400004e-06	0.000000e+00	-2.090000e-12	6.400004e-06	0.000000e+00	-6.400002e-06
2.100000000000000e+00	2.100000e+00	8.000000e-01	-6.400004e-06	0.000000e+00	-2.110000e-12	6.400004e-06	0.000000e+00	-6.400002e-06
2.120000000000000e+00	2.120000e+00	8.000000e-01	-6.400004e-06	0.000000e+00	-2.130000e-12	6.400004e-06	0.000000e+00	-6.400002e-06
2.140000000000000e+00	2.140000e+00	8.000000e-01	-6.400004e-06	0.000000e+00	-2.150000e-12	6.400004e-06	0.000000e+00	-6.400002e-06
2.160000000000000e+00	2.160000e+00	8.000000e-01	-6.400004e-06	0.000000e+00	-2.170000e-12	6.400004e-06	0.000000e+00	-6.400002e-06
2.180000000000000e+00	2.180000e+00	8.000000e-01	-6.400004e-06	0.000000e+00	-2.190000e-12	6.400004e-06	0.000000e+00	-6.400002e-06
2.200000000000000e+00	2.200000e+00	8.000000e-01	-6.400005e-06	0.000000e+00	-2.210000e-12	6.400005e-06	0.000000e+00	-6.400002e-06
2.220000000000000e+00	2.220000e+00	8.000000e-01	-6.400005e-06	0.000000e+00	-2.230000e-12	6.400005e-06	0.000000e+00	-6.400002e-06
2.240000000000000e+00	2.240000e+00	8.000000e-01	-6.400005e-06	0.000000e+00	-2.250000e-12	6.400005e-06	0.000000e+00	-6.400002e-06
2.260000000000000e+00	2.260000e+00	8.000000e-01	-6.400005e-06	0.000000e+00	-2.270000e-12	6.400005e-06	0.000000e+00	-6.400002e-06
2.280000000000000e+00	2.280000e+00	8.000000e-01	-6.400005e-06	0.000000e+00	-2.290000e-12	6.400005e-06	0.000000e+00	-6.400002e-06
2.300000000000000e+00	2.300000e+00	8.000000e-01	-6.400005e-06	0.000000e+00	-2.310000e-12	6.400005e-06	0.000000e+00	-6.400002e-06
2.320000000000000e+00	2.320000e+00	8.000000e-01	-6.400005e-06	0.000000e+00	-2.330000e-12	6.400005e-06	0.000000e+00	-6.400002e-06
2.340000000000000e+00	2.340000e+00	8.000000e-01	-6.400005e-06	0.000000e+00	-2.350000e-12	6.400005e-06	0.000000e+00	-6.400002e-06
2.360000000000000e+00	2.360000e+00	8.000000e-01	-6.400005e-06	0.000000e+00	-2.370000e-12	6.400005e-06	0.000000e+00	-6.400002e-06
2.380000000000000e+00	2.380000e+00	8.000000e-01	-6.400005e-06	0.000000e+00	-2.390000e-12	6.400005e-06	0.000000e+00	-6.400002e-06
2.400000000000000e+00	2.400000e+00	8.000000e-01	-6.400005e-06	0.000000e+00	-2.410000e-12	6.400005e-06	0.000000e+00	-6.400002e-06
2.420000000000000e+00	2.420000e+00	8.000000e-01	-6.400005e-06	0.000000e+00	-2.430000e-12	6.400005e-06	0.000000e+00	-6.400002e-06
2.440000000000000e+00	2.440000e+00	8.000000e-01	-6.400005e-06	0.000000e+00	-2.450000e-12	6.400005e-06	0.000000e+00	-6.400002e-06
2.460000000000000e+00	2.460000e+00	8.000000e-01	-6.400005e-06	0.000000e+00	-2.470000e-12	6.400005e-06	0.000000e+00	-6.400002e-06
2.480000000000000e+00	2.480000e+00	8.000000e-01	-6.400005e-06	0.000000e+00	-2.490000e-12	6.400005e-06	0.000000e+00	-6.400002e-06
2.500000000000000e+00	2.500000e+00	8.000000e-01	-6.400005e-06	0.000000e+00	-2.510000e-12	6.400005e-06	0.000000e+00	-6.400002e-06
2.520000000000000e+00	2.520000e+00	8.000000e-01	-6.400005e-06	0.000000e+00	-2.530000e-12	6.400005e-06	0.000000e+00	-6.400002e-06
2.540000000000000e+00	2.540000e+00	8.000000e-01	-6.400005e-06	0.000000e+00	-2.550000e-12	6.400005e-06	0.000000e+00	-6.400002e-06
2.560000000000000e+00	2.560000e+00	8.000000e-01	-6.400005e-06	0.000000e+00	-2.570000e-12	6.400005e-06	0.000000e+00	-6.400002e-06
2.580000000000000e+00	2.580000e+00	8.000000e-01	-6.400005e-06	0.000000e+00	-2.590000e-12	6.400005e-06	0.000000e+00	-6.400003e-06
2.600000000000000e+00	2.600000e+00	8.000000e-01	-6.400005e-06	0.000000e+00	-2.610000e-12	6.400005e-06	0.000000e+00	-6.400003e-06
2.620000000000000e+00	2.620000e+00	8.000000e-01	-6.400005e-06	0.000000e+00	-2.630000e-12	6.400005e-06	0.000000e+00	-6.400003e-06
2.640000000000000e+00	2.640000e+00	8.000000e-01	-6.400005e-06	0.000000e+00	-2.650000e-12	6.400005e-06	0.000000e+00	-6.400003e-06
2.660000000000000e+00	2.660000e+00	8.000000e-01	-6.400006e-06	0.000000e+00	-2.670000e-12	6.400006e-06	0.000000e+00	-6.400003e-06
2.680000000000000e+00	2.680000e+00	8.000000e-01	-6.400006e-06	0.000000e+00	-2.690000e-12	6.400006e-06	0.000000e+00	-6.400003e-06
2.700000000000000e+00	2.700000e+00	8.000000e-01	-6.400006e-06	0.000000e+00	-2.710000e-12	6.400006e-06	0.000000e+00	-6.400003e-06
2.720000000000000e+00	2.720000e+00	8.000000e-01	-6.400006e-06	0.000000e+00	-2.730000e-12	6.400006e-06	0.000000e+00	-6.400003e-06
2.740000000000000e+00	2.740000e+00	8.000000e-01	-6.400006e-06	0.000000e+00	-2.750000e-12	6.400006e-06	0.000000e+00	-6.400003e-06
2.760000000000000e+00	2.760000e+00	8.000000e-01	-6.400006e-06	0.000000e+00	-2.770000e-12	6.400006e-06	0.000000e+00	-6.400003e-06
2.780000000000000e+00	2.780000e+00	8.000000e-01	-6.400006e-06	0.000000e+00	-2.790000e-12	6.400006e-06	0.000000e+00	-6.400003e-06
2.800000000000000e+00	2.800000e+00	8.000000e-01	-6.400006e-06	0.000000e+00	-2.810000e-12	6.400006e-06	0.000000e+00	-6.400003e-06
2.820000000000000e+00	2.820000e+00	8.000000e-01	-6.400006e-06	0.000000e+00	-2.830000e-12	6.400006e-06	0.000000e+00	-6.400003e-06
2.840000000000000e+00	2.840000e+00	8.000000e-01	-6.400006e-06	0.000000e+00	-2.850000e-12	6.400006e-06	0.000000e+00	-6.400003e-06
2.860000000000000e+00	2.860000e+00	8.000000e-01	-6.400006e-06	0.000000e+00	-2.870000e-12	6.400006e-06	0.000000e+00	-6.400003e-06
2.880000000000000e+00	2.880000e+00	8.000000e-01	-6.400006e-06	0.000000e+00	-2.890000e-12	6.400006e-06	0.000000e+00	-6.400003e-06
2.900000000000000e+00	2.900000e+00	8.000000e-01	-6.400006e-06	0.000000e+00	-2.910000e-12	6.400006e-06	0.000000e+00	-6.400003e-06
2.920000000000000e+00	2.920000e+00	8.000000e-01	-6.400006e-06	0.000000e+00	-2.930000e-12	6.400006e-06	0.000000e+00	-6.400003e-06
2.940000000000000e+00	2.940000e+00	8.000000e-01	-6.400006e-06	0.000000e+00	-2.950000e-12	6.400006e-06	0.000000e+00	-6.400003e-06
2.960000000000000e+00	2.960000e+00	8.000000e-01	-6.400006e-06	0.000000e+00	-2.970000e-12	6.400006e-06	0.000000e+00	-6.400003e-06
2.980000000000000e+00	2.980000e+00	8.000000e-01	-6.400006e-06	0.000000e+00	-2.990000e-12	6.400006e-06	0.000000e+00	-6.400003e-06
3.000000000000000e+00	3.000000e+00	8.000000e-01	-6.400006e-06	0.000000e+00	-3.010000e-12	6.400006e-06	0.000000e+00	-6.400003e-06
3.020000000000000e+00	3.020000e+00	8.000000e-01	-6.400006e-06	0.000000e+00	-3.030000e-12	6.400006e-06	0.000000e+00	-6.400003e-06
3.040000000000000e+00	3.040000e+00	8.000000e-01	-6.400006e-06	0.000000e+00	-3.050000e-12	6.400006e-06	0.000000e+00	-6.400003e-06
3.060000000000000e+00	3.060000e+00	8.000000e-01	-6.400006e-06	0.000000e+00	-3.070000e-12	6.400006e-06	0.000000e+00	-6.400003e-06
3.080000000000000e+00	3.080000e+00	8.000000e-01	-6.400006e-06	0.000000e+00	-3.090000e-12	6.400006e-06	0.000000e+00	-6.400003e-06
3.100000000000000e+00	3.100000e+00	8.000000e-01	-6.400006e-06	0.000000e+00	-3.110000e-12	6.400006e-06	0.000000e+00	-6.400003e-06
3.120000000000000e+00	3.120000e+00	8.000000e-01	-6.400006e-06	0.000000e+00	-3.130000e-12	6.400006e-06	0.000000e+00	-6.400003e-06
3.140000000000000e+00	3.140000e+00	8.000000e-01	-6.400006e-06	0.000000e+00	-3.150000e-12	6.400006e-06	0.000000e+00	-6.400003e-06
3.160000000000000e+00	3.160000e+00	8.000000e-01	-6.400006e-06	0.000000e+00	-3.170000e-12	6.400006e-06	0.000000e+00	-6.400003e-06
3.180000000000000e+00	3.180000e+00	8.000000e-01	-6.400006e-06	0.000000e+00	-3.190000e-12	6.400006e-06	0.000000e+00	-6.400003e-06
3.200000000000000e+00	3.200000e+00	8.000000e-01	-6.400006e-06	0.000000e+00	-3.210000e-12	6.400006e-06	0.000000e+00	-6.400003e-06
3.220000000000000e+00	3.220000e+00	8.000000e-01	-6.400006e-06	0.000000e+00	-3.230000e-12	6.400006e-06	0.000000e+00	-6.400003e-06
3.240000000000000e+00	3.240000e+00	8.000000e-01	-6.400006e-06	0.000000e+00	-3.250000e-12	6.400006e-06	0.000000e+00	-6.400003e-06
3.260000000000000e+00	3.260000e+00	8.000000e-01	-6.400006e-06	0.000000e+00	-3.270000e-12	6.400006e-06	0.000000e+00	-6.400003e-06
3.280000000000000e+00	3.280000e+00	8.000000e-01	-6.400006e-06	0.000000e+00	-3.290000e-12	6.400006e-06	0.000000e+00	-6.400003e-06
3.300000000000000e+00	3.300000e+00	8.000000e-01	-6.400006e-06	0.000000e+00	-3.310000e-12	6.400006e-06	0.000000e+00	-6.400003e-06
3.320000000000000e+00	3.320000e+00	8.000000e-01	-6.400006e-06	0.000000e+00	-3.330000e-12	6.400006e-06	0.000000e+00	-6.400003e-06
3.340000000000000e+00	3.340000e+00	8.000000e-01	-6.400007e-06	0.000000e+00	-3.350000e-12	6.400007e-06	0.000000e+00	-6.400003e-06
3.360000000000000e+00	3.360000e+00	8.000000e-01	-6.400007e-06	0.000000e+00	-3.370000e-12	6.400007e-06	0.000000e+00	-6.400003e-06
3.380000000000000e+00	3.380000e+00	8.000000e-01	-6.400007e-06	0.000000e+00	-3.390000e-12	6.400007e-06	0.000000e+00	-6.400003e-06
3.400000000000000e+00	3.400000e+00	8.000000e-01	-6.400007e-06	0.000000e+00	-3.410000e-12	6.400007e-06	0.000000e+00	-6.400003e-06
3.420000000000000e+00	3.420000e+00	8.000000e-01	-6.400007e-06	0.000000e+00	-3.430000e-12	6.400007e-06	0.000000e+00	-6.400003e-06
3.440000000000000e+00	3.440000e+00	8.000000e-01	-6.400007e-06	0.000000e+00	-3.450000e-12	6.400007e-06	0.000000e+00	-6.400003e-06
3.460000000000000e+00	3.460000e+00	8.000000e-01	-6.400007e-06	0.000000e+00	-3.470000e-12	6.400007e-06	0.000000e+00	-6.400003e-06
3.480000000000000e+00	3.480000e+00	8.000000e-01	-6.400007e-06	0.000000e+00	-3.490000e-12	6.400007e-06	0.000000e+00	-6.400003e-06
3.500000000000000e+00	3.500000e+00	8.000000e-01	-6.400007e-06	0.000000e+00	-3.510000e-12	6.400007e-06	0.000000e+00	-6.400004e-06
3.520000000000000e+00	3.520000e+00	8.000000e-01	-6.400007e-06	0.000000e+00	-3.530000e-12	6.400007e-06	0.000000e+00	-6.400004e-06
3.540000000000000e+00	3.540000e+00	8.000000e-01	-6.400007e-06	0.000000e+00	-3.550000e-12	6.400007e-06	0.000000e+00	-6.400004e-06
3.560000000000000e+00	3.560000e+00	8.000000e-01	-6.400007e-06	0.000000e+00	-3.570000e-12	6.400007e-06	0.000000e+00	-6.400004e-06
3.580000000000000e+00	3.580000e+00	8.000000e-01	-6.400007e-06	0.000000e+00	-3.590000e-12	6.400007e-06	0.000000e+00	-6.400004e-06
3.600000000000000e+00	3.600000e+00	8.000000e-01	-6.400007e-06	0.000000e+00	-3.610000e-12	6.400007e-06	0.000000e+00	-6.400004e-06
3.620000000000000e+00	3.620000e+00	8.000000e-01	-6.400007e-06	0.000000e+00	-3.630000e-12	6.400007e-06	0.000000e+00	-6.400004e-06
3.640000000000000e+00	3.640000e+00	8.000000e-01	-6.400007e-06	0.000000e+00	-3.650000e-12	6.400007e-06	0.000000e+00	-6.400004e-06
3.660000000000000e+00	3.660000e+00	8.000000e-01	-6.400007e-06	0.000000e+00	-3.670000e-12	6.400007e-06	0.000000e+00	-6.400004e-06
3.680000000000000e+00	3.680000e+00	8.000000e-01	-6.400007e-06	0.000000e+00	-3.690000e-12	6.400007e-06	0.000000e+00	-6.400004e-06
3.700000000000000e+00	3.700000e+00	8.000000e-01	-6.400007e-06	0.000000e+00	-3.710000e-12	6.400007e-06	0.000000e+00	-6.400004e-06
3.720000000000000e+00	3.720000e+00	8.000000e-01	-6.400007e-06	0.000000e+00	-3.730000e-12	6.400007e-06	0.000000e+00	-6.400004e-06
3.740000000000000e+00	3.740000e+00	8.000000e-01	-6.400007e-06	0.000000e+00	-3.750000e-12	6.400007e-06	0.000000e+00	-6.400004e-06
3.760000000000000e+00	3.760000e+00	8.000000e-01	-6.400007e-06	0.000000e+00	-3.770000e-12	6.400007e-06	0.000000e+00	-6.400004e-06
3.780000000000000e+00	3.780000e+00	8.000000e-01	-6.400007e-06	0.000000e+00	-3.790000e-12	6.400007e-06	0.000000e+00	-6.400004e-06
3.800000000000000e+00	3.800000e+00	8.000000e-01	-6.400008e-06	0.000000e+00	-3.810000e-12	6.400008e-06	0.000000e+00	-6.400004e-06
3.820000000000000e+00	3.820000e+00	8.000000e-01	-6.400008e-06	0.000000e+00	-3.830000e-12	6.400008e-06	0.000000e+00	-6.400004e-06
3.840000000000000e+00	3.840000e+00	8.000000e-01	-6.400008e-06	0.000000e+00	-3.850000e-12	6.400008e-06	0.000000e+00	-6.400004e-06
3.860000000000000e+00	3.860000e+00	8.000000e-01	-6.400008e-06	0.000000e+00	-3.870000e-12	6.400008e-06	0.000000e+00	-6.400004e-06
3.880000000000000e+00	3.880000e+00	8.000000e-01	-6.400008e-06	0.000000e+00	-3.890000e-12	6.400008e-06	0.000000e+00	-6.400004e-06
3.900000000000000e+00	3.900000e+00	8.000000e-01	-6.400008e-06	0.000000e+00	-3.910000e-12	6.400008e-06	0.000000e+00	-6.400004e-06
3.920000000000000e+00	3.920000e+00	8.000000e-01	-6.400008e-06	0.000000e+00	-3.930000e-12	6.400008e-06	0.000000e+00	-6.400004e-06
3.940000000000000e+00	3.940000e+00	8.000000e-01	-6.400008e-06	0.000000e+00	-3.950000e-12	6.400008e-06	0.000000e+00	-6.400004e-06
3.960000000000000e+00	3.960000e+00	8.000000e-01	-6.400008e-06	0.000000e+00	-3.970000e-12	6.400008e-06	0.000000e+00	-6.400004e-06
3.980000000000000e+00	3.980000e+00	8.000000e-01	-6.400008e-06	0.000000e+00	-3.990000e-12	6.400008e-06	0.000000e+00	-6.400004e-06
4.000000000000000e+00	4.000000e+00	8.000000e-01	-6.400008e-06	0.000000e+00	-4.010000e-12	6.400008e-06	0.000000e+00	-6.400004e-06
4.020000000000000e+00	4.020000e+00	8.000000e-01	-6.400008e-06	0.000000e+00	-4.030000e-12	6.400008e-06	0.000000e+00	-6.400004e-06
4.040000000000000e+00	4.040000e+00	8.000000e-01	-6.400008e-06	0.000000e+00	-4.050000e-12	6.400008e-06	0.000000e+00	-6.400004e-06
4.060000000000000e+00	4.060000e+00	8.000000e-01	-6.400008e-06	0.000000e+00	-4.070000e-12	6.400008e-06	0.000000e+00	-6.400004e-06
4.080000000000000e+00	4.080000e+00	8.000000e-01	-6.400008e-06	0.000000e+00	-4.090000e-12	6.400008e-06	0.000000e+00	-6.400004e-06
4.100000000000000e+00	4.100000e+00	8.000000e-01	-6.400008e-06	0.000000e+00	-4.110000e-12	6.400008e-06	0.000000e+00	-6.400004e-06
4.120000000000000e+00	4.120000e+00	8.000000e-01	-6.400008e-06	0.000000e+00	-4.130000e-12	6.400008e-06	0.000000e+00	-6.400004e-06
4.140000000000000e+00	4.140000e+00	8.000000e-01	-6.400008e-06	0.000000e+00	-4.150000e-12	6.400008e-06	0.000000e+00	-6.400004e-06
4.160000000000000e+00	4.160000e+00	8.000000e-01	-6.400008e-06	0.000000e+00	-4.170000e-12	6.400008e-06	0.000000e+00	-6.400004e-06
4.180000000000000e+00	4.180000e+00	8.000000e-01	-6.400008e-06	0.000000e+00	-4.190000e-12	6.400008e-06	0.000000e+00	-6.400004e-06
4.200000000000000e+00	4.200000e+00	8.000000e-01	-6.400008e-06	0.000000e+00	-4.210000e-12	6.400008e-06	0.000000e+00	-6.400004e-06
4.220000000000000e+00	4.220000e+00	8.000000e-01	-6.400008e-06	0.000000e+00	-4.230000e-12	6.400008e-06	0.000000e+00	-6.400004e-06
4.240000000000000e+00	4.240000e+00	8.000000e-01	-6.400009e-06	0.000000e+00	-4.250000e-12	6.400009e-06	0.000000e+00	-6.400004e-06
4.260000000000000e+00	4.260000e+00	8.000000e-01	-6.400009e-06	0.000000e+00	-4.270000e-12	6.400009e-06	0.000000e+00	-6.400004e-06
4.280000000000000e+00	4.280000e+00	8.000000e-01	-6.400009e-06	0.000000e+00	-4.290000e-12	6.400009e-06	0.000000e+00	-6.400004e-06
4.300000000000000e+00	4.300000e+00	8.000000e-01	-6.400009e-06	0.000000e+00	-4.310000e-12	6.400009e-06	0.000000e+00	-6.400004e-06
4.320000000000000e+00	4.320000e+00	8.000000e-01	-6.400009e-06	0.000000e+00	-4.330000e-12	6.400009e-06	0.000000e+00	-6.400004e-06
4.340000000000000e+00	4.340000e+00	8.000000e-01	-6.400009e-06	0.000000e+00	-4.350000e-12	6.400009e-06	0.000000e+00	-6.400004e-06
4.360000000000000e+00	4.360000e+00	8.000000e-01	-6.400009e-06	0.000000e+00	-4.370000e-12	6.400009e-06	0.000000e+00	-6.400004e-06
4.380000000000000e+00	4.380000e+00	8.000000e-01	-6.400009e-06	0.000000e+00	-4.390000e-12	6.400009e-06	0.000000e+00	-6.400004e-06
4.400000000000000e+00	4.400000e+00	8.000000e-01	-6.400009e-06	0.000000e+00	-4.410000e-12	6.400009e-06	0.000000e+00	-6.400005e-06
4.420000000000000e+00	4.420000e+00	8.000000e-01	-6.400009e-06	0.000000e+00	-4.430000e-12	6.400009e-06	0.000000e+00	-6.400005e-06
4.440000000000000e+00	4.440000e+00	8.000000e-01	-6.400009e-06	0.000000e+00	-4.450000e-12	6.400009e-06	0.000000e+00	-6.400005e-06
4.460000000000000e+00	4.460000e+00	8.000000e-01	-6.400009e-06	0.000000e+00	-4.470000e-12	6.400009e-06	0.000000e+00	-6.400005e-06
4.480000000000000e+00	4.480000e+00	8.000000e-01	-6.400009e-06	0.000000e+00	-4.490000e-12	6.400009e-06	0.000000e+00	-6.400005e-06
4.500000000000000e+00	4.500000e+00	8.000000e-01	-6.400009e-06	0.000000e+00	-4.510000e-12	6.400009e-06	0.000000e+00	-6.400005e-06
4.520000000000000e+00	4.520000e+00	8.000000e-01	-6.400009e-06	0.000000e+00	-4.530000e-12	6.400009e-06	0.000000e+00	-6.400005e-06
4.540000000000000e+00	4.540000e+00	8.000000e-01	-6.400009e-06	0.000000e+00	-4.550000e-12	6.400009e-06	0.000000e+00	-6.400005e-06
4.560000000000000e+00	4.560000e+00	8.000000e-01	-6.400009e-06	0.000000e+00	-4.570000e-12	6.400009e-06	0.000000e+00	-6.400005e-06
4.580000000000000e+00	4.580000e+00	8.000000e-01	-6.400009e-06	0.000000e+00	-4.590000e-12	6.400009e-06	0.000000e+00	-6.400005e-06
4.600000000000001e+00	4.600000e+00	8.000000e-01	-6.400009e-06	0.000000e+00	-4.610000e-12	6.400009e-06	0.000000e+00	-6.400005e-06
4.620000000000000e+00	4.620000e+00	8.000000e-01	-6.400009e-06	0.000000e+00	-4.630000e-12	6.400009e-06	0.000000e+00	-6.400005e-06
4.640000000000000e+00	4.640000e+00	8.000000e-01	-6.400009e-06	0.000000e+00	-4.650000e-12	6.400009e-06	0.000000e+00	-6.400005e-06
4.660000000000000e+00	4.660000e+00	8.000000e-01	-6.400009e-06	0.000000e+00	-4.670000e-12	6.400009e-06	0.000000e+00	-6.400005e-06
4.680000000000000e+00	4.680000e+00	8.000000e-01	-6.400009e-06	0.000000e+00	-4.690000e-12	6.400009e-06	0.000000e+00	-6.400005e-06
4.700000000000000e+00	4.700000e+00	8.000000e-01	-6.400010e-06	0.000000e+00	-4.710000e-12	6.400010e-06	0.000000e+00	-6.400005e-06
4.720000000000000e+00	4.720000e+00	8.000000e-01	-6.400010e-06	0.000000e+00	-4.730000e-12	6.400010e-06	0.000000e+00	-6.400005e-06
4.740000000000000e+00	4.740000e+00	8.000000e-01	-6.400010e-06	0.000000e+00	-4.750000e-12	6.400010e-06	0.000000e+00	-6.400005e-06
4.760000000000000e+00	4.760000e+00	8.000000e-01	-6.400010e-06	0.000000e+00	-4.770000e-12	6.400010e-06	0.000000e+00	-6.400005e-06
4.780000000000000e+00	4.780000e+00	8.000000e-01	-6.400010e-06	0.000000e+00	-4.790000e-12	6.400010e-06	0.000000e+00	-6.400005e-06
4.800000000000000e+00	4.800000e+00	8.000000e-01	-6.400010e-06	0.000000e+00	-4.810000e-12	6.400010e-06	0.000000e+00	-6.400005e-06
4.820000000000000e+00	4.820000e+00	8.000000e-01	-6.400010e-06	0.000000e+00	-4.830000e-12	6.400010e-06	0.000000e+00	-6.400005e-06
4.840000000000000e+00	4.840000e+00	8.000000e-01	-6.400010e-06	0.000000e+00	-4.850000e-12	6.400010e-06	0.000000e+00	-6.400005e-06
4.860000000000000e+00	4.860000e+00	8.000000e-01	-6.400010e-06	0.000000e+00	-4.870000e-12	6.400010e-06	0.000000e+00	-6.400005e-06
4.880000000000000e+00	4.880000e+00	8.000000e-01	-6.400010e-06	0.000000e+00	-4.890000e-12	6.400010e-06	0.000000e+00	-6.400005e-06
4.900000000000000e+00	4.900000e+00	8.000000e-01	-6.400010e-06	0.000000e+00	-4.910000e-12	6.400010e-06	0.000000e+00	-6.400005e-06
4.920000000000000e+00	4.920000e+00	8.000000e-01	-6.400010e-06	0.000000e+00	-4.930000e-12	6.400010e-06	0.000000e+00	-6.400005e-06
4.940000000000000e+00	4.940000e+00	8.000000e-01	-6.400010e-06	0.000000e+00	-4.950000e-12	6.400010e-06	0.000000e+00	-6.400005e-06
4.960000000000000e+00	4.960000e+00	8.000000e-01	-6.400010e-06	0.000000e+00	-4.970000e-12	6.400010e-06	0.000000e+00	-6.400005e-06
4.980000000000000e+00	4.980000e+00	8.000000e-01	-6.400010e-06	0.000000e+00	-4.990000e-12	6.400010e-06	0.000000e+00	-6.400005e-06
5.000000000000000e+00	5.000000e+00	8.000000e-01	-6.400010e-06	0.000000e+00	-5.010000e-12	6.400010e-06	0.000000e+00	-6.400005e-06
Step Information: Vin=1.2  (Step: 4/6)
0.000000000000000e+00	0.000000e+00	1.200000e+00	0.000000e+00	0.000000e+00	0.000000e+00	0.000000e+00	0.000000e+00	-0.000000e+00
2.000000000000000e-02	2.000000e-02	1.200000e+00	-4.760001e-07	0.000000e+00	-2.538488e-14	4.760001e-07	0.000000e+00	-4.760000e-07
4.000000000000000e-02	4.000000e-02	1.200000e+00	-9.440001e-07	0.000000e+00	-4.787007e-14	9.440001e-07	0.000000e+00	-9.440000e-07
6.000000000000000e-02	6.000000e-02	1.200000e+00	-1.404000e-06	0.000000e+00	-6.901701e-14	1.404000e-06	0.000000e+00	-1.404000e-06
8.000000000000000e-02	8.000000e-02	1.200000e+00	-1.856000e-06	0.000000e+00	-8.954634e-14	1.856000e-06	0.000000e+00	-1.856000e-06
1.000000000000000e-01	1.000000e-01	1.200000e+00	-2.300000e-06	0.000000e+00	-1.097906e-13	2.300000e-06	0.000000e+00	-2.300000e-06
1.200000000000000e-01	1.200000e-01	1.200000e+00	-2.736000e-06	0.000000e+00	-1.299034e-13	2.736000e-06	0.000000e+00	-2.736000e-06
1.400000000000000e-01	1.400000e-01	1.200000e+00	-3.164000e-06	0.000000e+00	-1.499554e-13	3.164000e-06	0.000000e+00	-3.164000e-06
1.600000000000000e-01	1.600000e-01	1.200000e+00	-3.584000e-06	0.000000e+00	-1.699794e-13	3.584000e-06	0.000000e+00	-3.584000e-06
1.800000000000000e-01	1.800000e-01	1.200000e+00	-3.996000e-06	0.000000e+00	-1.899905e-13	3.996000e-06	0.000000e+00	-3.996000e-06
2.000000000000000e-01	2.000000e-01	1.200000e+00	-4.400000e-06	0.000000e+00	-2.099956e-13	4.400000e-06	0.000000e+00	-4.400000e-06
2.200000000000000e-01	2.200000e-01	1.200000e+00	-4.796001e-06	0.000000e+00	-2.299980e-13	4.796001e-06	0.000000e+00	-4.796000e-06
2.400000000000000e-01	2.400000e-01	1.200000e+00	-5.184001e-06	0.000000e+00	-2.499991e-13	5.184001e-06	0.000000e+00	-5.184000e-06
2.600000000000000e-01	2.600000e-01	1.200000e+00	-5.564001e-06	0.000000e+00	-2.699996e-13	5.564001e-06	0.000000e+00	-5.564000e-06
2.800000000000000e-01	2.800000e-01	1.200000e+00	-5.936000e-06	0.000000e+00	-2.899998e-13	5.936000e-06	0.000000e+00	-5.936000e-06
3.000000000000000e-01	3.000000e-01	1.200000e+00	-6.300001e-06	0.000000e+00	-3.099999e-13	6.300001e-06	0.000000e+00	-6.300000e-06
3.200000000000000e-01	3.200000e-01	1.200000e+00	-6.656001e-06	0.000000e+00	-3.300000e-13	6.656001e-06	0.000000e+00	-6.656000e-06
3.400000000000000e-01	3.400000e-01	1.200000e+00	-7.004001e-06	0.000000e+00	-3.500000e-13	7.004001e-06	0.000000e+00	-7.004001e-06
3.600000000000000e-01	3.600000e-01	1.200000e+00	-7.344001e-06	0.000000e+00	-3.700000e-13	7.344001e-06	0.000000e+00	-7.344001e-06
3.800000000000000e-01	3.800000e-01	1.200000e+00	-7.676001e-06	0.000000e+00	-3.900000e-13	7.676001e-06	0.000000e+00	-7.676001e-06
4.000000000000000e-01	4.000000e-01	1.200000e+00	-8.000001e-06	0.000000e+00	-4.100000e-13	8.000001e-06	0.000000e+00	-8.000000e-06
4.200000000000000e-01	4.200000e-01	1.200000e+00	-8.316001e-06	0.000000e+00	-4.300000e-13	8.316001e-06	0.000000e+00	-8.316000e-06
4.400000000000000e-01	4.400000e-01	1.200000e+00	-8.624001e-06	0.000000e+00	-4.500000e-13	8.624001e-06	0.000000e+00	-8.624001e-06
4.600000000000000e-01	4.600000e-01	1.200000e+00	-8.924001e-06	0.000000e+00	-4.700000e-13	8.924001e-06	0.000000e+00	-8.924000e-06
4.800000000000000e-01	4.800000e-01	1.200000e+00	-9.216001e-06	0.000000e+00	-4.900000e-13	9.216001e-06	0.000000e+00	-9.216001e-06
5.000000000000000e-01	5.000000e-01	1.200000e+00	-9.500001e-06	0.000000e+00	-5.100000e-13	9.500001e-06	0.000000e+00	-9.500000e-06
5.200000000000000e-01	5.200000e-01	1.200000e+00	-9.776001e-06	0.000000e+00	-5.300000e-13	9.776001e-06	0.000000e+00	-9.776000e-06
5.400000000000000e-01	5.400000e-01	1.200000e+00	-1.004400e-05	0.000000e+00	-5.500000e-13	1.004400e-05	0.000000e+00	-1.004400e-05
5.600000000000001e-01	5.600000e-01	1.200000e+00	-1.030400e-05	0.000000e+00	-5.700000e-13	1.030400e-05	0.000000e+00	-1.030400e-05
5.800000000000000e-01	5.800000e-01	1.200000e+00	-1.055600e-05	0.000000e+00	-5.900000e-13	1.055600e-05	0.000000e+00	-1.055600e-05
6.000000000000000e-01	6.000000e-01	1.200000e+00	-1.080000e-05	0.000000e+00	-6.100000e-13	1.080000e-05	0.000000e+00	-1.080000e-05
6.200000000000000e-01	6.200000e-01	1.200000e+00	-1.103600e-05	0.000000e+00	-6.300000e-13	1.103600e-05	0.000000e+00	-1.103600e-05
6.400000000000000e-01	6.400000e-01	1.200000e+00	-1.126400e-05	0.000000e+00	-6.500000e-13	1.126400e-05	0.000000e+00	-1.126400e-05
6.600000000000000e-01	6.600000e-01	1.200000e+00	-1.148400e-05	0.000000e+00	-6.700000e-13	1.148400e-05	0.000000e+00	-1.148400e-05
6.800000000000000e-01	6.800000e-01	1.200000e+00	-1.169600e-05	0.000000e+00	-6.900000e-13	1.169600e-05	0.000000e+00	-1.169600e-05
7.000000000000001e-01	7.000000e-01	1.200000e+00	-1.190000e-05	0.000000e+00	-7.100000e-13	1.190000e-05	0.000000e+00	-1.190000e-05
7.200000000000000e-01	7.200000e-01	1.200000e+00	-1.209600e-05	0.000000e+00	-7.300000e-13	1.209600e-05	0.000000e+00	-1.209600e-05
7.400000000000000e-01	7.400000e-01	1.200000e+00	-1.228400e-05	0.000000e+00	-7.500000e-13	1.228400e-05	0.000000e+00	-1.228400e-05
7.600000000000000e-01	7.600000e-01	1.200000e+00	-1.246400e-05	0.000000e+00	-7.700000e-13	1.246400e-05	0.000000e+00	-1.246400e-05
7.800000000000000e-01	7.800000e-01	1.200000e+00	-1.263600e-05	0.000000e+00	-7.900000e-13	1.263600e-05	0.000000e+00	-1.263600e-05
8.000000000000000e-01	8.000000e-01	1.200000e+00	-1.280000e-05	0.000000e+00	-8.100000e-13	1.280000e-05	0.000000e+00	-1.280000e-05
8.200000000000001e-01	8.200000e-01	1.200000e+00	-1.295600e-05	0.000000e+00	-8.300000e-13	1.295600e-05	0.000000e+00	-1.295600e-05
8.400000000000000e-01	8.400000e-01	1.200000e+00	-1.310400e-05	0.000000e+00	-8.500000e-13	1.310400e-05	0.000000e+00	-1.310400e-05
8.600000000000000e-01	8.600000e-01	1.200000e+00	-1.324400e-05	0.000000e+00	-8.700000e-13	1.324400e-05	0.000000e+00	-1.324400e-05
8.800000000000000e-01	8.800000e-01	1.200000e+00	-1.337600e-05	0.000000e+00	-8.900000e-13	1.337600e-05	0.000000e+00	-1.337600e-05
9.000000000000000e-01	9.000000e-01	1.200000e+00	-1.350000e-05	0.000000e+00	-9.100000e-13	1.350000e-05	0.000000e+00	-1.350000e-05
9.200000000000000e-01	9.200000e-01	1.200000e+00	-1.361600e-05	0.000000e+00	-9.300000e-13	1.361600e-05	0.000000e+00	-1.361600e-05
9.400000000000001e-01	9.400000e-01	1.200000e+00	-1.372400e-05	0.000000e+00	-9.500000e-13	1.372400e-05	0.000000e+00	-1.372400e-05
9.600000000000000e-01	9.600000e-01	1.200000e+00	-1.382400e-05	0.000000e+00	-9.700000e-13	1.382400e-05	0.000000e+00	-1.382400e-05
9.800000000000000e-01	9.800000e-01	1.200000e+00	-1.391600e-05	0.000000e+00	-9.900000e-13	1.391600e-05	0.000000e+00	-1.391600e-05
1.000000000000000e+00	1.000000e+00	1.200000e+00	-1.400000e-05	0.000000e+00	-1.010000e-12	1.400000e-05	0.000000e+00	-1.400000e-05
1.020000000000000e+00	1.020000e+00	1.200000e+00	-1.407600e-05	0.000000e+00	-1.030000e-12	1.407600e-05	0.000000e+00	-1.407600e-05
1.040000000000000e+00	1.040000e+00	1.200000e+00	-1.414400e-05	0.000000e+00	-1.050000e-12	1.414400e-05	0.000000e+00	-1.414400e-05
1.060000000000000e+00	1.060000e+00	1.200000e+00	-1.420400e-05	0.000000e+00	-1.070000e-12	1.420400e-05	0.000000e+00	-1.420400e-05
1.080000000000000e+00	1.080000e+00	1.200000e+00	-1.425600e-05	0.000000e+00	-1.090000e-12	1.425600e-05	0.000000e+00	-1.425600e-05
1.100000000000000e+00	1.100000e+00	1.200000e+00	-1.430000e-05	0.000000e+00	-1.110000e-12	1.430000e-05	0.000000e+00	-1.430000e-05
1.120000000000000e+00	1.120000e+00	1.200000e+00	-1.433600e-05	0.000000e+00	-1.130000e-12	1.433600e-05	0.000000e+00	-1.433600e-05
1.140000000000000e+00	1.140000e+00	1.200000e+00	-1.436400e-05	0.000000e+00	-1.150000e-12	1.436400e-05	0.000000e+00	-1.436400e-05
1.160000000000000e+00	1.160000e+00	1.200000e+00	-1.438400e-05	0.000000e+00	-1.170000e-12	1.438400e-05	0.000000e+00	-1.438400e-05
1.180000000000000e+00	1.180000e+00	1.200000e+00	-1.439600e-05	0.000000e+00	-1.190000e-12	1.439600e-05	0.000000e+00	-1.439600e-05
1.200000000000000e+00	1.200000e+00	1.200000e+00	-1.440000e-05	0.000000e+00	-1.210000e-12	1.440000e-05	0.000000e+00	-1.440000e-05
1.220000000000000e+00	1.220000e+00	1.200000e+00	-1.440000e-05	0.000000e+00	-1.230000e-12	1.440000e-05	0.000000e+00	-1.440000e-05
1.240000000000000e+00	1.240000e+00	1.200000e+00	-1.440000e-05	0.000000e+00	-1.250000e-12	1.440000e-05	0.000000e+00	-1.440000e-05
1.260000000000000e+00	1.260000e+00	1.200000e+00	-1.440000e-05	0.000000e+00	-1.270000e-12	1.440000e-05	0.000000e+00	-1.440000e-05
1.280000000000000e+00	1.280000e+00	1.200000e+00	-1.440000e-05	0.000000e+00	-1.290000e-12	1.440000e-05	0.000000e+00	-1.440000e-05
1.300000000000000e+00	1.300000e+00	1.200000e+00	-1.440000e-05	0.000000e+00	-1.310000e-12	1.440000e-05	0.000000e+00	-1.440000e-05
1.320000000000000e+00	1.320000e+00	1.200000e+00	-1.440000e-05	0.000000e+00	-1.330000e-12	1.440000e-05	0.000000e+00	-1.440000e-05
1.340000000000000e+00	1.340000e+00	1.200000e+00	-1.440000e-05	0.000000e+00	-1.350000e-12	1.440000e-05	0.000000e+00	-1.440000e-05
1.360000000000000e+00	1.360000e+00	1.200000e+00	-1.440000e-05	0.000000e+00	-1.370000e-12	1.440000e-05	0.000000e+00	-1.440000e-05
1.380000000000000e+00	1.380000e+00	1.200000e+00	-1.440000e-05	0.000000e+00	-1.390000e-12	1.440000e-05	0.000000e+00	-1.440000e-05
1.400000000000000e+00	1.400000e+00	1.200000e+00	-1.440000e-05	0.000000e+00	-1.410000e-12	1.440000e-05	0.000000e+00	-1.440000e-05
1.420000000000000e+00	1.420000e+00	1.200000e+00	-1.440000e-05	0.000000e+00	-1.430000e-12	1.440000e-05	0.000000e+00	-1.440000e-05
1.440000000000000e+00	1.440000e+00	1.200000e+00	-1.440000e-05	0.000000e+00	-1.450000e-12	1.440000e-05	0.000000e+00	-1.440000e-05
1.460000000000000e+00	1.460000e+00	1.200000e+00	-1.440000e-05	0.000000e+00	-1.470000e-12	1.440000e-05	0.000000e+00	-1.440000e-05
1.480000000000000e+00	1.480000e+00	1.200000e+00	-1.440000e-05	0.000000e+00	-1.490000e-12	1.440000e-05	0.000000e+00	-1.440000e-05
1.500000000000000e+00	1.500000e+00	1.200000e+00	-1.440000e-05	0.000000e+00	-1.510000e-12	1.440000e-05	0.000000e+00	-1.440000e-05
1.520000000000000e+00	1.520000e+00	1.200000e+00	-1.440000e-05	0.000000e+00	-1.530000e-12	1.440000e-05	0.000000e+00	-1.440000e-05
1.540000000000000e+00	1.540000e+00	1.200000e+00	-1.440000e-05	0.000000e+00	-1.550000e-12	1.440000e-05	0.000000e+00	-1.440000e-05
1.560000000000000e+00	1.560000e+00	1.200000e+00	-1.440000e-05	0.000000e+00	-1.570000e-12	1.440000e-05	0.000000e+00	-1.440000e-05
1.580000000000000e+00	1.580000e+00	1.200000e+00	-1.440000e-05	0.000000e+00	-1.590000e-12	1.440000e-05	0.000000e+00	-1.440000e-05
1.600000000000000e+00	1.600000e+00	1.200000e+00	-1.440000e-05	0.000000e+00	-1.610000e-12	1.440000e-05	0.000000e+00	-1.440000e-05
1.620000000000000e+00	1.620000e+00	1.200000e+00	-1.440000e-05	0.000000e+00	-1.630000e-12	1.440000e-05	0.000000e+00	-1.440000e-05
1.640000000000000e+00	1.640000e+00	1.200000e+00	-1.440000e-05	0.000000e+00	-1.650000e-12	1.440000e-05	0.000000e+00	-1.440000e-05
1.660000000000000e+00	1.660000e+00	1.200000e+00	-1.440000e-05	0.000000e+00	-1.670000e-12	1.440000e-05	0.000000e+00	-1.440000e-05
1.680000000000000e+00	1.680000e+00	1.200000e+00	-1.440000e-05	0.000000e+00	-1.690000e-12	1.440000e-05	0.000000e+00	-1.440000e-05
1.700000000000000e+00	1.700000e+00	1.200000e+00	-1.440000e-05	0.000000e+00	-1.710000e-12	1.440000e-05	0.000000e+00	-1.440000e-05
1.720000000000000e+00	1.720000e+00	1.200000e+00	-1.440000e-05	0.000000e+00	-1.730000e-12	1.440000e-05	0.000000e+00	-1.440000e-05
1.740000000000000e+00	1.740000e+00	1.200000e+00	-1.440000e-05	0.000000e+00	-1.750000e-12	1.440000e-05	0.000000e+00	-1.440000e-05
1.760000000000000e+00	1.760000e+00	1.200000e+00	-1.440000e-05	0.000000e+00	-1.770000e-12	1.440000e-05	0.000000e+00	-1.440000e-05
1.780000000000000e+00	1.780000e+00	1.200000e+00	-1.440000e-05	0.000000e+00	-1.790000e-12	1.440000e-05	0.000000e+00	-1.440000e-05
1.800000000000000e+00	1.800000e+00	1.200000e+00	-1.440000e-05	0.000000e+00	-1.810000e-12	1.440000e-05	0.000000e+00	-1.440000e-05
1.820000000000000e+00	1.820000e+00	1.200000e+00	-1.440000e-05	0.000000e+00	-1.830000e-12	1.440000e-05	0.000000e+00	-1.440000e-05
1.840000000000000e+00	1.840000e+00	1.200000e+00	-1.440000e-05	0.000000e+00	-1.850000e-12	1.440000e-05	0.000000e+00	-1.440000e-05
1.860000000000000e+00	1.860000e+00	1.200000e+00	-1.440000e-05	0.000000e+00	-1.870000e-12	1.440000e-05	0.000000e+00	-1.440000e-05
1.880000000000000e+00	1.880000e+00	1.200000e+00	-1.440000e-05	0.000000e+00	-1.890000e-12	1.440000e-05	0.000000e+00	-1.440000e-05
1.900000000000000e+00	1.900000e+00	1.200000e+00	-1.440000e-05	0.000000e+00	-1.910000e-12	1.440000e-05	0.000000e+00	-1.440000e-05
1.920000000000000e+00	1.920000e+00	1.200000e+00	-1.440000e-05	0.000000e+00	-1.930000e-12	1.440000e-05	0.000000e+00	-1.440000e-05
1.940000000000000e+00	1.940000e+00	1.200000e+00	-1.440000e-05	0.000000e+00	-1.950000e-12	1.440000e-05	0.000000e+00	-1.440000e-05
1.960000000000000e+00	1.960000e+00	1.200000e+00	-1.440000e-05	0.000000e+00	-1.970000e-12	1.440000e-05	0.000000e+00	-1.440000e-05
1.980000000000000e+00	1.980000e+00	1.200000e+00	-1.440000e-05	0.000000e+00	-1.990000e-12	1.440000e-05	0.000000e+00	-1.440000e-05
2.000000000000000e+00	2.000000e+00	1.200000e+00	-1.440000e-05	0.000000e+00	-2.010000e-12	1.440000e-05	0.000000e+00	-1.440000e-05
2.020000000000000e+00	2.020000e+00	1.200000e+00	-1.440000e-05	0.000000e+00	-2.030000e-12	1.440000e-05	0.000000e+00	-1.440000e-05
2.040000000000000e+00	2.040000e+00	1.200000e+00	-1.440000e-05	0.000000e+00	-2.050000e-12	1.440000e-05	0.000000e+00	-1.440000e-05
2.060000000000000e+00	2.060000e+00	1.200000e+00	-1.440000e-05	0.000000e+00	-2.070000e-12	1.440000e-05	0.000000e+00	-1.440000e-05
2.080000000000000e+00	2.080000e+00	1.200000e+00	-1.440000e-05	0.000000e+00	-2.090000e-12	1.440000e-05	0.000000e+00	-1.440000e-05
2.100000000000000e+00	2.100000e+00	1.200000e+00	-1.440000e-05	0.000000e+00	-2.110000e-12	1.440000e-05	0.000000e+00	-1.440000e-05
2.120000000000000e+00	2.120000e+00	1.200000e+00	-1.440000e-05	0.000000e+00	-2.130000e-12	1.440000e-05	0.000000e+00	-1.440000e-05
2.140000000000000e+00	2.140000e+00	1.200000e+00	-1.440000e-05	0.000000e+00	-2.150000e-12	1.440000e-05	0.000000e+00	-1.440000e-05
2.160000000000000e+00	2.160000e+00	1.200000e+00	-1.440000e-05	0.000000e+00	-2.170000e-12	1.440000e-05	0.000000e+00	-1.440000e-05
2.180000000000000e+00	2.180000e+00	1.200000e+00	-1.440000e-05	0.000000e+00	-2.190000e-12	1.440000e-05	0.000000e+00	-1.440000e-05
2.200000000000000e+00	2.200000e+00	1.200000e+00	-1.440000e-05	0.000000e+00	-2.210000e-12	1.440000e-05	0.000000e+00	-1.440000e-05
2.220000000000000e+00	2.220000e+00	1.200000e+00	-1.440000e-05	0.000000e+00	-2.230000e-12	1.440000e-05	0.000000e+00	-1.440000e-05
2.240000000000000e+00	2.240000e+00	1.200000e+00	-1.440000e-05	0.000000e+00	-2.250000e-12	1.440000e-05	0.000000e+00	-1.440000e-05
2.260000000000000e+00	2.260000e+00	1.200000e+00	-1.440000e-05	0.000000e+00	-2.270000e-12	1.440000e-05	0.000000e+00	-1.440000e-05
2.280000000000000e+00	2.280000e+00	1.200000e+00	-1.440000e-05	0.000000e+00	-2.290000e-12	1.440000e-05	0.000000e+00	-1.440000e-05
2.300000000000000e+00	2.300000e+00	1.200000e+00	-1.440001e-05	0.000000e+00	-2.310000e-12	1.440001e-05	0.000000e+00	-1.440000e-05
2.320000000000000e+00	2.320000e+00	1.200000e+00	-1.440001e-05	0.000000e+00	-2.330000e-12	1.440001e-05	0.000000e+00	-1.440000e-05
2.340000000000000e+00	2.340000e+00	1.200000e+00	-1.440001e-05	0.000000e+00	-2.350000e-12	1.440001e-05	0.000000e+00	-1.440000e-05
2.360000000000000e+00	2.360000e+00	1.200000e+00	-1.440001e-05	0.000000e+00	-2.370000e-12	1.440001e-05	0.000000e+00	-1.440000e-05
2.380000000000000e+00	2.380000e+00	1.200000e+00	-1.440001e-05	0.000000e+00	-2.390000e-12	1.440001e-05	0.000000e+00	-1.440000e-05
2.400000000000000e+00	2.400000e+00	1.200000e+00	-1.440001e-05	0.000000e+00	-2.410000e-12	1.440001e-05	0.000000e+00	-1.440000e-05
2.420000000000000e+00	2.420000e+00	1.200000e+00	-1.440001e-05	0.000000e+00	-2.430000e-12	1.440001e-05	0.000000e+00	-1.440000e-05
2.440000000000000e+00	2.440000e+00	1.200000e+00	-1.440001e-05	0.000000e+00	-2.450000e-12	1.440001e-05	0.000000e+00	-1.440000e-05
2.460000000000000e+00	2.460000e+00	1.200000e+00	-1.440001e-05	0.000000e+00	-2.470000e-12	1.440001e-05	0.000000e+00	-1.440000e-05
2.480000000000000e+00	2.480000e+00	1.200000e+00	-1.440001e-05	0.000000e+00	-2.490000e-12	1.440001e-05	0.000000e+00	-1.440000e-05
2.500000000000000e+00	2.500000e+00	1.200000e+00	-1.440001e-05	0.000000e+00	-2.510000e-12	1.440001e-05	0.000000e+00	-1.440000e-05
2.520000000000000e+00	2.520000e+00	1.200000e+00	-1.440001e-05	0.000000e+00	-2.530000e-12	1.440001e-05	0.000000e+00	-1.440000e-05
2.540000000000000e+00	2.540000e+00	1.200000e+00	-1.440001e-05	0.000000e+00	-2.550000e-12	1.440001e-05	0.000000e+00	-1.440000e-05
2.560000000000000e+00	2.560000e+00	1.200000e+00	-1.440001e-05	0.000000e+00	-2.570000e-12	1.440001e-05	0.000000e+00	-1.440000e-05
2.580000000000000e+00	2.580000e+00	1.200000e+00	-1.440001e-05	0.000000e+00	-2.590000e-12	1.440001e-05	0.000000e+00	-1.440000e-05
2.600000000000000e+00	2.600000e+00	1.200000e+00	-1.440001e-05	0.000000e+00	-2.610000e-12	1.440001e-05	0.000000e+00	-1.440000e-05
2.620000000000000e+00	2.620000e+00	1.200000e+00	-1.440001e-05	0.000000e+00	-2.630000e-12	1.440001e-05	0.000000e+00	-1.440000e-05
2.640000000000000e+00	2.640000e+00	1.200000e+00	-1.440001e-05	0.000000e+00	-2.650000e-12	1.440001e-05	0.000000e+00	-1.440000e-05
2.660000000000000e+00	2.660000e+00	1.200000e+00	-1.440001e-05	0.000000e+00	-2.670000e-12	1.440001e-05	0.000000e+00	-1.440000e-05
2.680000000000000e+00	2.680000e+00	1.200000e+00	-1.440001e-05	0.000000e+00	-2.690000e-12	1.440001e-05	0.000000e+00	-1.440000e-05
2.700000000000000e+00	2.700000e+00	1.200000e+00	-1.440001e-05	0.000000e+00	-2.710000e-12	1.440001e-05	0.000000e+00	-1.440000e-05
2.720000000000000e+00	2.720000e+00	1.200000e+00	-1.440001e-05	0.000000e+00	-2.730000e-12	1.440001e-05	0.000000e+00	-1.440000e-05
2.740000000000000e+00	2.740000e+00	1.200000e+00	-1.440001e-05	0.000000e+00	-2.750000e-12	1.440001e-05	0.000000e+00	-1.440000e-05
2.760000000000000e+00	2.760000e+00	1.200000e+00	-1.440001e-05	0.000000e+00	-2.770000e-12	1.440001e-05	0.000000e+00	-1.440000e-05
2.780000000000000e+00	2.780000e+00	1.200000e+00	-1.440001e-05	0.000000e+00	-2.790000e-12	1.440001e-05	0.000000e+00	-1.440000e-05
2.800000000000000e+00	2.800000e+00	1.200000e+00	-1.440001e-05	0.000000e+00	-2.810000e-12	1.440001e-05	0.000000e+00	-1.440000e-05
2.820000000000000e+00	2.820000e+00	1.200000e+00	-1.440001e-05	0.000000e+00	-2.830000e-12	1.440001e-05	0.000000e+00	-1.440000e-05
2.840000000000000e+00	2.840000e+00	1.200000e+00	-1.440001e-05	0.000000e+00	-2.850000e-12	1.440001e-05	0.000000e+00	-1.440000e-05
2.860000000000000e+00	2.860000e+00	1.200000e+00	-1.440001e-05	0.000000e+00	-2.870000e-12	1.440001e-05	0.000000e+00	-1.440000e-05
2.880000000000000e+00	2.880000e+00	1.200000e+00	-1.440001e-05	0.000000e+00	-2.890000e-12	1.440001e-05	0.000000e+00	-1.440000e-05
2.900000000000000e+00	2.900000e+00	1.200000e+00	-1.440001e-05	0.000000e+00	-2.910000e-12	1.440001e-05	0.000000e+00	-1.440000e-05
2.920000000000000e+00	2.920000e+00	1.200000e+00	-1.440001e-05	0.000000e+00	-2.930000e-12	1.440001e-05	0.000000e+00	-1.440000e-05
2.940000000000000e+00	2.940000e+00	1.200000e+00	-1.440001e-05	0.000000e+00	-2.950000e-12	1.440001e-05	0.000000e+00	-1.440000e-05
2.960000000000000e+00	2.960000e+00	1.200000e+00	-1.440001e-05	0.000000e+00	-2.970000e-12	1.440001e-05	0.000000e+00	-1.440000e-05
2.980000000000000e+00	2.980000e+00	1.200000e+00	-1.440001e-05	0.000000e+00	-2.990000e-12	1.440001e-05	0.000000e+00	-1.440000e-05
3.000000000000000e+00	3.000000e+00	1.200000e+00	-1.440001e-05	0.000000e+00	-3.010000e-12	1.440001e-05	0.000000e+00	-1.440000e-05
3.020000000000000e+00	3.020000e+00	1.200000e+00	-1.440001e-05	0.000000e+00	-3.030000e-12	1.440001e-05	0.000000e+00	-1.440000e-05
3.040000000000000e+00	3.040000e+00	1.200000e+00	-1.440001e-05	0.000000e+00	-3.050000e-12	1.440001e-05	0.000000e+00	-1.440000e-05
3.060000000000000e+00	3.060000e+00	1.200000e+00	-1.440001e-05	0.000000e+00	-3.070000e-12	1.440001e-05	0.000000e+00	-1.440000e-05
3.080000000000000e+00	3.080000e+00	1.200000e+00	-1.440001e-05	0.000000e+00	-3.090000e-12	1.440001e-05	0.000000e+00	-1.440000e-05
3.100000000000000e+00	3.100000e+00	1.200000e+00	-1.440001e-05	0.000000e+00	-3.110000e-12	1.440001e-05	0.000000e+00	-1.440000e-05
3.120000000000000e+00	3.120000e+00	1.200000e+00	-1.440001e-05	0.000000e+00	-3.130000e-12	1.440001e-05	0.000000e+00	-1.440000e-05
3.140000000000000e+00	3.140000e+00	1.200000e+00	-1.440001e-05	0.000000e+00	-3.150000e-12	1.440001e-05	0.000000e+00	-1.440000e-05
3.160000000000000e+00	3.160000e+00	1.200000e+00	-1.440001e-05	0.000000e+00	-3.170000e-12	1.440001e-05	0.000000e+00	-1.440000e-05
3.180000000000000e+00	3.180000e+00	1.200000e+00	-1.440001e-05	0.000000e+00	-3.190000e-12	1.440001e-05	0.000000e+00	-1.440000e-05
3.200000000000000e+00	3.200000e+00	1.200000e+00	-1.440001e-05	0.000000e+00	-3.210000e-12	1.440001e-05	0.000000e+00	-1.440000e-05
3.220000000000000e+00	3.220000e+00	1.200000e+00	-1.440001e-05	0.000000e+00	-3.230000e-12	1.440001e-05	0.000000e+00	-1.440000e-05
3.240000000000000e+00	3.240000e+00	1.200000e+00	-1.440001e-05	0.000000e+00	-3.250000e-12	1.440001e-05	0.000000e+00	-1.440000e-05
3.260000000000000e+00	3.260000e+00	1.200000e+00	-1.440001e-05	0.000000e+00	-3.270000e-12	1.440001e-05	0.000000e+00	-1.440000e-05
3.280000000000000e+00	3.280000e+00	1.200000e+00	-1.440001e-05	0.000000e+00	-3.290000e-12	1.440001e-05	0.000000e+00	-1.440000e-05
3.300000000000000e+00	3.300000e+00	1.200000e+00	-1.440001e-05	0.000000e+00	-3.310000e-12	1.440001e-05	0.000000e+00	-1.440000e-05
3.320000000000000e+00	3.320000e+00	1.200000e+00	-1.440001e-05	0.000000e+00	-3.330000e-12	1.440001e-05	0.000000e+00	-1.440000e-05
3.340000000000000e+00	3.340000e+00	1.200000e+00	-1.440001e-05	0.000000e+00	-3.350000e-12	1.440001e-05	0.000000e+00	-1.440000e-05
3.360000000000000e+00	3.360000e+00	1.200000e+00	-1.440001e-05	0.000000e+00	-3.370000e-12	1.440001e-05	0.000000e+00	-1.440000e-05
3.380000000000000e+00	3.380000e+00	1.200000e+00	-1.440001e-05	0.000000e+00	-3.390000e-12	1.440001e-05	0.000000e+00	-1.440000e-05
3.400000000000000e+00	3.400000e+00	1.200000e+00	-1.440001e-05	0.000000e+00	-3.410000e-12	1.440001e-05	0.000000e+00	-1.440000e-05
3.420000000000000e+00	3.420000e+00	1.200000e+00	-1.440001e-05	0.000000e+00	-3.430000e-12	1.440001e-05	0.000000e+00	-1.440000e-05
3.440000000000000e+00	3.440000e+00	1.200000e+00	-1.440001e-05	0.000000e+00	-3.450000e-12	1.440001e-05	0.000000e+00	-1.440000e-05
3.460000000000000e+00	3.460000e+00	1.200000e+00	-1.440001e-05	0.000000e+00	-3.470000e-12	1.440001e-05	0.000000e+00	-1.440000e-05
3.480000000000000e+00	3.480000e+00	1.200000e+00	-1.440001e-05	0.000000e+00	-3.490000e-12	1.440001e-05	0.000000e+00	-1.440000e-05
3.500000000000000e+00	3.500000e+00	1.200000e+00	-1.440001e-05	0.000000e+00	-3.510000e-12	1.440001e-05	0.000000e+00	-1.440000e-05
3.520000000000000e+00	3.520000e+00	1.200000e+00	-1.440001e-05	0.000000e+00	-3.530000e-12	1.440001e-05	0.000000e+00	-1.440000e-05
3.540000000000000e+00	3.540000e+00	1.200000e+00	-1.440001e-05	0.000000e+00	-3.550000e-12	1.440001e-05	0.000000e+00	-1.440000e-05
3.560000000000000e+00	3.560000e+00	1.200000e+00	-1.440001e-05	0.000000e+00	-3.570000e-12	1.440001e-05	0.000000e+00	-1.440000e-05
3.580000000000000e+00	3.580000e+00	1.200000e+00	-1.440001e-05	0.000000e+00	-3.590000e-12	1.440001e-05	0.000000e+00	-1.440000e-05
3.600000000000000e+00	3.600000e+00	1.200000e+00	-1.440001e-05	0.000000e+00	-3.610000e-12	1.440001e-05	0.000000e+00	-1.440000e-05
3.620000000000000e+00	3.620000e+00	1.200000e+00	-1.440001e-05	0.000000e+00	-3.630000e-12	1.440001e-05	0.000000e+00	-1.440000e-05
3.640000000000000e+00	3.640000e+00	1.200000e+00	-1.440001e-05	0.000000e+00	-3.650000e-12	1.440001e-05	0.000000e+00	-1.440000e-05
3.660000000000000e+00	3.660000e+00	1.200000e+00	-1.440001e-05	0.000000e+00	-3.670000e-12	1.440001e-05	0.000000e+00	-1.440000e-05
3.680000000000000e+00	3.680000e+00	1.200000e+00	-1.440001e-05	0.000000e+00	-3.690000e-12	1.440001e-05	0.000000e+00	-1.440000e-05
3.700000000000000e+00	3.700000e+00	1.200000e+00	-1.440001e-05	0.000000e+00	-3.710000e-12	1.440001e-05	0.000000e+00	-1.440000e-05
3.720000000000000e+00	3.720000e+00	1.200000e+00	-1.440001e-05	0.000000e+00	-3.730000e-12	1.440001e-05	0.000000e+00	-1.440000e-05
3.740000000000000e+00	3.740000e+00	1.200000e+00	-1.440001e-05	0.000000e+00	-3.750000e-12	1.440001e-05	0.000000e+00	-1.440000e-05
3.760000000000000e+00	3.760000e+00	1.200000e+00	-1.440001e-05	0.000000e+00	-3.770000e-12	1.440001e-05	0.000000e+00	-1.440000e-05
3.780000000000000e+00	3.780000e+00	1.200000e+00	-1.440001e-05	0.000000e+00	-3.790000e-12	1.440001e-05	0.000000e+00	-1.440000e-05
3.800000000000000e+00	3.800000e+00	1.200000e+00	-1.440001e-05	0.000000e+00	-3.810000e-12	1.440001e-05	0.000000e+00	-1.440000e-05
3.820000000000000e+00	3.820000e+00	1.200000e+00	-1.440001e-05	0.000000e+00	-3.830000e-12	1.440001e-05	0.000000e+00	-1.440000e-05
3.840000000000000e+00	3.840000e+00	1.200000e+00	-1.440001e-05	0.000000e+00	-3.850000e-12	1.440001e-05	0.000000e+00	-1.440000e-05
3.860000000000000e+00	3.860000e+00	1.200000e+00	-1.440001e-05	0.000000e+00	-3.870000e-12	1.440001e-05	0.000000e+00	-1.440000e-05
3.880000000000000e+00	3.880000e+00	1.200000e+00	-1.440001e-05	0.000000e+00	-3.890000e-12	1.440001e-05	0.000000e+00	-1.440000e-05
3.900000000000000e+00	3.900000e+00	1.200000e+00	-1.440001e-05	0.000000e+00	-3.910000e-12	1.440001e-05	0.000000e+00	-1.440000e-05
3.920000000000000e+00	3.920000e+00	1.200000e+00	-1.440001e-05	0.000000e+00	-3.930000e-12	1.440001e-05	0.000000e+00	-1.440000e-05
3.940000000000000e+00	3.940000e+00	1.200000e+00	-1.440001e-05	0.000000e+00	-3.950000e-12	1.440001e-05	0.000000e+00	-1.440000e-05
3.960000000000000e+00	3.960000e+00	1.200000e+00	-1.440001e-05	0.000000e+00	-3.970000e-12	1.440001e-05	0.000000e+00	-1.440000e-05
3.980000000000000e+00	3.980000e+00	1.200000e+00	-1.440001e-05	0.000000e+00	-3.990000e-12	1.440001e-05	0.000000e+00	-1.440000e-05
4.000000000000000e+00	4.000000e+00	1.200000e+00	-1.440001e-05	0.000000e+00	-4.010000e-12	1.440001e-05	0.000000e+00	-1.440000e-05
4.020000000000000e+00	4.020000e+00	1.200000e+00	-1.440001e-05	0.000000e+00	-4.030000e-12	1.440001e-05	0.000000e+00	-1.440000e-05
4.040000000000000e+00	4.040000e+00	1.200000e+00	-1.440001e-05	0.000000e+00	-4.050000e-12	1.440001e-05	0.000000e+00	-1.440000e-05
4.060000000000000e+00	4.060000e+00	1.200000e+00	-1.440001e-05	0.000000e+00	-4.070000e-12	1.440001e-05	0.000000e+00	-1.440000e-05
4.080000000000000e+00	4.080000e+00	1.200000e+00	-1.440001e-05	0.000000e+00	-4.090000e-12	1.440001e-05	0.000000e+00	-1.440000e-05
4.100000000000000e+00	4.100000e+00	1.200000e+00	-1.440001e-05	0.000000e+00	-4.110000e-12	1.440001e-05	0.000000e+00	-1.440000e-05
4.120000000000000e+00	4.120000e+00	1.200000e+00	-1.440001e-05	0.000000e+00	-4.130000e-12	1.440001e-05	0.000000e+00	-1.440000e-05
4.140000000000000e+00	4.140000e+00	1.200000e+00	-1.440001e-05	0.000000e+00	-4.150000e-12	1.440001e-05	0.000000e+00	-1.440000e-05
4.160000000000000e+00	4.160000e+00	1.200000e+00	-1.440001e-05	0.000000e+00	-4.170000e-12	1.440001e-05	0.000000e+00	-1.440000e-05
4.180000000000000e+00	4.180000e+00	1.200000e+00	-1.440001e-05	0.000000e+00	-4.190000e-12	1.440001e-05	0.000000e+00	-1.440000e-05
4.200000000000000e+00	4.200000e+00	1.200000e+00	-1.440001e-05	0.000000e+00	-4.210000e-12	1.440001e-05	0.000000e+00	-1.440000e-05
4.220000000000000e+00	4.220000e+00	1.200000e+00	-1.440001e-05	0.000000e+00	-4.230000e-12	1.440001e-05	0.000000e+00	-1.440000e-05
4.240000000000000e+00	4.240000e+00	1.200000e+00	-1.440001e-05	0.000000e+00	-4.250000e-12	1.440001e-05	0.000000e+00	-1.440000e-05
4.260000000000000e+00	4.260000e+00	1.200000e+00	-1.440001e-05	0.000000e+00	-4.270000e-12	1.440001e-05	0.000000e+00	-1.440000e-05
4.280000000000000e+00	4.280000e+00	1.200000e+00	-1.440001e-05	0.000000e+00	-4.290000e-12	1.440001e-05	0.000000e+00	-1.440000e-05
4.300000000000000e+00	4.300000e+00	1.200000e+00	-1.440001e-05	0.000000e+00	-4.310000e-12	1.440001e-05	0.000000e+00	-1.440000e-05
4.320000000000000e+00	4.320000e+00	1.200000e+00	-1.440001e-05	0.000000e+00	-4.330000e-12	1.440001e-05	0.000000e+00	-1.440000e-05
4.340000000000000e+00	4.340000e+00	1.200000e+00	-1.440001e-05	0.000000e+00	-4.350000e-12	1.440001e-05	0.000000e+00	-1.440000e-05
4.360000000000000e+00	4.360000e+00	1.200000e+00	-1.440001e-05	0.000000e+00	-4.370000e-12	1.440001e-05	0.000000e+00	-1.440000e-05
4.380000000000000e+00	4.380000e+00	1.200000e+00	-1.440001e-05	0.000000e+00	-4.390000e-12	1.440001e-05	0.000000e+00	-1.440000e-05
4.400000000000000e+00	4.400000e+00	1.200000e+00	-1.440001e-05	0.000000e+00	-4.410000e-12	1.440001e-05	0.000000e+00	-1.440000e-05
4.420000000000000e+00	4.420000e+00	1.200000e+00	-1.440001e-05	0.000000e+00	-4.430000e-12	1.440001e-05	0.000000e+00	-1.440000e-05
4.440000000000000e+00	4.440000e+00	1.200000e+00	-1.440001e-05	0.000000e+00	-4.450000e-12	1.440001e-05	0.000000e+00	-1.440000e-05
4.460000000000000e+00	4.460000e+00	1.200000e+00	-1.440001e-05	0.000000e+00	-4.470000e-12	1.440001e-05	0.000000e+00	-1.440000e-05
4.480000000000000e+00	4.480000e+00	1.200000e+00	-1.440001e-05	0.000000e+00	-4.490000e-12	1.440001e-05	0.000000e+00	-1.440000e-05
4.500000000000000e+00	4.500000e+00	1.200000e+00	-1.440001e-05	0.000000e+00	-4.510000e-12	1.440001e-05	0.000000e+00	-1.440000e-05
4.520000000000000e+00	4.520000e+00	1.200000e+00	-1.440001e-05	0.000000e+00	-4.530000e-12	1.440001e-05	0.000000e+00	-1.440000e-05
4.540000000000000e+00	4.540000e+00	1.200000e+00	-1.440001e-05	0.000000e+00	-4.550000e-12	1.440001e-05	0.000000e+00	-1.440000e-05
4.560000000000000e+00	4.560000e+00	1.200000e+00	-1.440001e-05	0.000000e+00	-4.570000e-12	1.440001e-05	0.000000e+00	-1.440000e-05
4.580000000000000e+00	4.580000e+00	1.200000e+00	-1.440001e-05	0.000000e+00	-4.590000e-12	1.440001e-05	0.000000e+00	-1.440000e-05
4.600000000000001e+00	4.600000e+00	1.200000e+00	-1.440001e-05	0.000000e+00	-4.610000e-12	1.440001e-05	0.000000e+00	-1.440000e-05
4.620000000000000e+00	4.620000e+00	1.200000e+00	-1.440001e-05	0.000000e+00	-4.630000e-12	1.440001e-05	0.000000e+00	-1.440001e-05
4.640000000000000e+00	4.640000e+00	1.200000e+00	-1.440001e-05	0.000000e+00	-4.650000e-12	1.440001e-05	0.000000e+00	-1.440001e-05
4.660000000000000e+00	4.660000e+00	1.200000e+00	-1.440001e-05	0.000000e+00	-4.670000e-12	1.440001e-05	0.000000e+00	-1.440001e-05
4.680000000000000e+00	4.680000e+00	1.200000e+00	-1.440001e-05	0.000000e+00	-4.690000e-12	1.440001e-05	0.000000e+00	-1.440001e-05
4.700000000000000e+00	4.700000e+00	1.200000e+00	-1.440001e-05	0.000000e+00	-4.710000e-12	1.440001e-05	0.000000e+00	-1.440001e-05
4.720000000000000e+00	4.720000e+00	1.200000e+00	-1.440001e-05	0.000000e+00	-4.730000e-12	1.440001e-05	0.000000e+00	-1.440001e-05
4.740000000000000e+00	4.740000e+00	1.200000e+00	-1.440001e-05	0.000000e+00	-4.750000e-12	1.440001e-05	0.000000e+00	-1.440001e-05
4.760000000000000e+00	4.760000e+00	1.200000e+00	-1.440001e-05	0.000000e+00	-4.770000e-12	1.440001e-05	0.000000e+00	-1.440001e-05
4.780000000000000e+00	4.780000e+00	1.200000e+00	-1.440001e-05	0.000000e+00	-4.790000e-12	1.440001e-05	0.000000e+00	-1.440001e-05
4.800000000000000e+00	4.800000e+00	1.200000e+00	-1.440001e-05	0.000000e+00	-4.810000e-12	1.440001e-05	0.000000e+00	-1.440001e-05
4.820000000000000e+00	4.820000e+00	1.200000e+00	-1.440001e-05	0.000000e+00	-4.830000e-12	1.440001e-05	0.000000e+00	-1.440001e-05
4.840000000000000e+00	4.840000e+00	1.200000e+00	-1.440001e-05	0.000000e+00	-4.850000e-12	1.440001e-05	0.000000e+00	-1.440001e-05
4.860000000000000e+00	4.860000e+00	1.200000e+00	-1.440001e-05	0.000000e+00	-4.870000e-12	1.440001e-05	0.000000e+00	-1.440001e-05
4.880000000000000e+00	4.880000e+00	1.200000e+00	-1.440001e-05	0.000000e+00	-4.890000e-12	1.440001e-05	0.000000e+00	-1.440001e-05
4.900000000000000e+00	4.900000e+00	1.200000e+00	-1.440001e-05	0.000000e+00	-4.910000e-12	1.440001e-05	0.000000e+00	-1.440001e-05
4.920000000000000e+00	4.920000e+00	1.200000e+00	-1.440001e-05	0.000000e+00	-4.930000e-12	1.440001e-05	0.000000e+00	-1.440001e-05
4.940000000000000e+00	4.940000e+00	1.200000e+00	-1.440001e-05	0.000000e+00	-4.950000e-12	1.440001e-05	0.000000e+00	-1.440001e-05
4.960000000000000e+00	4.960000e+00	1.200000e+00	-1.440001e-05	0.000000e+00	-4.970000e-12	1.440001e-05	0.000000e+00	-1.440001e-05
4.980000000000000e+00	4.980000e+00	1.200000e+00	-1.440001e-05	0.000000e+00	-4.990000e-12	1.440001e-05	0.000000e+00	-1.440001e-05
5.000000000000000e+00	5.000000e+00	1.200000e+00	-1.440001e-05	0.000000e+00	-5.010000e-12	1.440001e-05	0.000000e+00	-1.440001e-05
Step Information: Vin=1.6  (Step: 5/6)
0.000000000000000e+00	0.000000e+00	1.600000e+00	0.000000e+00	0.000000e+00	0.000000e+00	0.000000e+00	0.000000e+00	-0.000000e+00
2.000000000000000e-02	2.000000e-02	1.600000e+00	-6.360000e-07	0.000000e+00	-2.538488e-14	6.360000e-07	0.000000e+00	-6.360000e-07
4.000000000000000e-02	4.000000e-02	1.600000e+00	-1.264000e-06	0.000000e+00	-4.787007e-14	1.264000e-06	0.000000e+00	-1.264000e-06
6.000000000000000e-02	6.000000e-02	1.600000e+00	-1.884000e-06	0.000000e+00	-6.901701e-14	1.884000e-06	0.000000e+00	-1.884000e-06
8.000000000000000e-02	8.000000e-02	1.600000e+00	-2.496000e-06	0.000000e+00	-8.954634e-14	2.496000e-06	0.000000e+00	-2.496000e-06
1.000000000000000e-01	1.000000e-01	1.600000e+00	-3.100000e-06	0.000000e+00	-1.097906e-13	3.100000e-06	0.000000e+00	-3.100000e-06
1.200000000000000e-01	1.200000e-01	1.600000e+00	-3.696000e-06	0.000000e+00	-1.299034e-13	3.696000e-06	0.000000e+00	-3.696000e-06
1.400000000000000e-01	1.400000e-01	1.600000e+00	-4.284000e-06	0.000000e+00	-1.499554e-13	4.284000e-06	0.000000e+00	-4.284000e-06
1.600000000000000e-01	1.600000e-01	1.600000e+00	-4.864000e-06	0.000000e+00	-1.699794e-13	4.864000e-06	0.000000e+00	-4.864000e-06
1.800000000000000e-01	1.800000e-01	1.600000e+00	-5.436000e-06	0.000000e+00	-1.899905e-13	5.436000e-06	0.000000e+00	-5.436000e-06
2.000000000000000e-01	2.000000e-01	1.600000e+00	-6.000000e-06	0.000000e+00	-2.099956e-13	6.000000e-06	0.000000e+00	-6.000000e-06
2.200000000000000e-01	2.200000e-01	1.600000e+00	-6.556000e-06	0.000000e+00	-2.299980e-13	6.556000e-06	0.000000e+00	-6.556000e-06
2.400000000000000e-01	2.400000e-01	1.600000e+00	-7.104000e-06	0.000000e+00	-2.499991e-13	7.104000e-06	0.000000e+00	-7.104000e-06
2.600000000000000e-01	2.600000e-01	1.600000e+00	-7.644000e-06	0.000000e+00	-2.699996e-13	7.644000e-06	0.000000e+00	-7.644000e-06
2.800000000000000e-01	2.800000e-01	1.600000e+00	-8.176001e-06	0.000000e+00	-2.899998e-13	8.176001e-06	0.000000e+00	-8.176000e-06
3.000000000000000e-01	3.000000e-01	1.600000e+00	-8.700001e-06	0.000000e+00	-3.099999e-13	8.700001e-06	0.000000e+00	-8.700000e-06
3.200000000000000e-01	3.200000e-01	1.600000e+00	-9.216001e-06	0.000000e+00	-3.300000e-13	9.216001e-06	0.000000e+00	-9.216001e-06
3.400000000000000e-01	3.400000e-01	1.600000e+00	-9.724001e-06	0.000000e+00	-3.500000e-13	9.724001e-06	0.000000e+00	-9.724000e-06
3.600000000000000e-01	3.600000e-01	1.600000e+00	-1.022400e-05	0.000000e+00	-3.700000e-13	1.022400e-05	0.000000e+00	-1.022400e-05
3.800000000000000e-01	3.800000e-01	1.600000e+00	-1.071600e-05	0.000000e+00	-3.900000e-13	1.071600e-05	0.000000e+00	-1.071600e-05
4.000000000000000e-01	4.000000e-01	1.600000e+00	-1.120000e-05	0.000000e+00	-4.100000e-13	1.120000e-05	0.000000e+00	-1.120000e-05
4.200000000000000e-01	4.200000e-01	1.600000e+00	-1.167600e-05	0.000000e+00	-4.300000e-13	1.167600e-05	0.000000e+00	-1.167600e-05
4.400000000000000e-01	4.400000e-01	1.600000e+00	-1.214400e-05	0.000000e+00	-4.500000e-13	1.214400e-05	0.000000e+00	-1.214400e-05
4.600000000000000e-01	4.600000e-01	1.600000e+00	-1.260400e-05	0.000000e+00	-4.700000e-13	1.260400e-05	0.000000e+00	-1.260400e-05
4.800000000000000e-01	4.800000e-01	1.600000e+00	-1.305600e-05	0.000000e+00	-4.900000e-13	1.305600e-05	0.000000e+00	-1.305600e-05
5.000000000000000e-01	5.000000e-01	1.600000e+00	-1.350000e-05	0.000000e+00	-5.100000e-13	1.350000e-05	0.000000e+00	-1.350000e-05
5.200000000000000e-01	5.200000e-01	1.600000e+00	-1.393600e-05	0.000000e+00	-5.300000e-13	1.393600e-05	0.000000e+00	-1.393600e-05
5.400000000000000e-01	5.400000e-01	1.600000e+00	-1.436400e-05	0.000000e+00	-5.500000e-13	1.436400e-05	0.000000e+00	-1.436400e-05
5.600000000000001e-01	5.600000e-01	1.600000e+00	-1.478400e-05	0.000000e+00	-5.700000e-13	1.478400e-05	0.000000e+00	-1.478400e-05
5.800000000000000e-01	5.800000e-01	1.600000e+00	-1.519600e-05	0.000000e+00	-5.900000e-13	1.519600e-05	0.000000e+00	-1.519600e-05
6.000000000000000e-01	6.000000e-01	1.600000e+00	-1.560000e-05	0.000000e+00	-6.100000e-13	1.560000e-05	0.000000e+00	-1.560000e-05
6.200000000000000e-01	6.200000e-01	1.600000e+00	-1.599600e-05	0.000000e+00	-6.300000e-13	1.599600e-05	0.000000e+00	-1.599600e-05
6.400000000000000e-01	6.400000e-01	1.600000e+00	-1.638400e-05	0.000000e+00	-6.500000e-13	1.638400e-05	0.000000e+00	-1.638400e-05
6.600000000000000e-01	6.600000e-01	1.600000e+00	-1.676400e-05	0.000000e+00	-6.700000e-13	1.676400e-05	0.000000e+00	-1.676400e-05
6.800000000000000e-01	6.800000e-01	1.600000e+00	-1.713600e-05	0.000000e+00	-6.900000e-13	1.713600e-05	0.000000e+00	-1.713600e-05
7.000000000000001e-01	7.000000e-01	1.600000e+00	-1.750000e-05	0.000000e+00	-7.100000e-13	1.750000e-05	0.000000e+00	-1.750000e-05
7.200000000000000e-01	7.200000e-01	1.600000e+00	-1.785600e-05	0.000000e+00	-7.300000e-13	1.785600e-05	0.000000e+00	-1.785600e-05
7.400000000000000e-01	7.400000e-01	1.600000e+00	-1.820400e-05	0.000000e+00	-7.500000e-13	1.820400e-05	0.000000e+00	-1.820400e-05
7.600000000000000e-01	7.600000e-01	1.600000e+00	-1.854400e-05	0.000000e+00	-7.700000e-13	1.854400e-05	0.000000e+00	-1.854400e-05
7.800000000000000e-01	7.800000e-01	1.600000e+00	-1.887600e-05	0.000000e+00	-7.900000e-13	1.887600e-05	0.000000e+00	-1.887600e-05
8.000000000000000e-01	8.000000e-01	1.600000e+00	-1.920000e-05	0.000000e+00	-8.100000e-13	1.920000e-05	0.000000e+00	-1.920000e-05
8.200000000000001e-01	8.200000e-01	1.600000e+00	-1.951600e-05	0.000000e+00	-8.300000e-13	1.951600e-05	0.000000e+00	-1.951600e-05
8.400000000000000e-01	8.400000e-01	1.600000e+00	-1.982400e-05	0.000000e+00	-8.500000e-13	1.982400e-05	0.000000e+00	-1.982400e-05
8.600000000000000e-01	8.600000e-01	1.600000e+00	-2.012400e-05	0.000000e+00	-8.700000e-13	2.012400e-05	0.000000e+00	-2.012400e-05
8.800000000000000e-01	8.800000e-01	1.600000e+00	-2.041600e-05	0.000000e+00	-8.900000e-13	2.041600e-05	0.000000e+00	-2.041600e-05
9.000000000000000e-01	9.000000e-01	1.600000e+00	-2.070000e-05	0.000000e+00	-9.100000e-13	2.070000e-05	0.000000e+00	-2.070000e-05
9.200000000000000e-01	9.200000e-01	1.600000e+00	-2.097600e-05	0.000000e+00	-9.300000e-13	2.097600e-05	0.000000e+00	-2.097600e-05
9.400000000000001e-01	9.400000e-01	1.600000e+00	-2.124400e-05	0.000000e+00	-9.500000e-13	2.124400e-05	0.000000e+00	-2.124400e-05
9.600000000000000e-01	9.600000e-01	1.600000e+00	-2.150400e-05	0.000000e+00	-9.700000e-13	2.150400e-05	0.000000e+00	-2.150400e-05
9.800000000000000e-01	9.800000e-01	1.600000e+00	-2.175600e-05	0.000000e+00	-9.900000e-13	2.175600e-05	0.000000e+00	-2.175600e-05
1.000000000000000e+00	1.000000e+00	1.600000e+00	-2.200000e-05	0.000000e+00	-1.010000e-12	2.200000e-05	0.000000e+00	-2.200000e-05
1.020000000000000e+00	1.020000e+00	1.600000e+00	-2.223600e-05	0.000000e+00	-1.030000e-12	2.223600e-05	0.000000e+00	-2.223600e-05
1.040000000000000e+00	1.040000e+00	1.600000e+00	-2.246400e-05	0.000000e+00	-1.050000e-12	2.246400e-05	0.000000e+00	-2.246400e-05
1.060000000000000e+00	1.060000e+00	1.600000e+00	-2.268400e-05	0.000000e+00	-1.070000e-12	2.268400e-05	0.000000e+00	-2.268400e-05
1.080000000000000e+00	1.080000e+00	1.600000e+00	-2.289600e-05	0.000000e+00	-1.090000e-12	2.289600e-05	0.000000e+00	-2.289600e-05
1.100000000000000e+00	1.100000e+00	1.600000e+00	-2.310000e-05	0.000000e+00	-1.110000e-12	2.310000e-05	0.000000e+00	-2.310000e-05
1.120000000000000e+00	1.120000e+00	1.600000e+00	-2.329600e-05	0.000000e+00	-1.130000e-12	2.329600e-05	0.000000e+00	-2.329600e-05
1.140000000000000e+00	1.140000e+00	1.600000e+00	-2.348400e-05	0.000000e+00	-1.150000e-12	2.348400e-05	0.000000e+00	-2.348400e-05
1.160000000000000e+00	1.160000e+00	1.600000e+00	-2.366400e-05	0.000000e+00	-1.170000e-12	2.366400e-05	0.000000e+00	-2.366400e-05
1.180000000000000e+00	1.180000e+00	1.600000e+00	-2.383600e-05	0.000000e+00	-1.190000e-12	2.383600e-05	0.000000e+00	-2.383600e-05
1.200000000000000e+00	1.200000e+00	1.600000e+00	-2.400000e-05	0.000000e+00	-1.210000e-12	2.400000e-05	0.000000e+00	-2.400000e-05
1.220000000000000e+00	1.220000e+00	1.600000e+00	-2.415600e-05	0.000000e+00	-1.230000e-12	2.415600e-05	0.000000e+00	-2.415600e-05
1.240000000000000e+00	1.240000e+00	1.600000e+00	-2.430400e-05	0.000000e+00	-1.250000e-12	2.430400e-05	0.000000e+00	-2.430400e-05
1.260000000000000e+00	1.260000e+00	1.600000e+00	-2.444400e-05	0.000000e+00	-1.270000e-12	2.444400e-05	0.000000e+00	-2.444400e-05
1.280000000000000e+00	1.280000e+00	1.600000e+00	-2.457600e-05	0.000000e+00	-1.290000e-12	2.457600e-05	0.000000e+00	-2.457600e-05
1.300000000000000e+00	1.300000e+00	1.600000e+00	-2.470000e-05	0.000000e+00	-1.310000e-12	2.470000e-05	0.000000e+00	-2.470000e-05
1.320000000000000e+00	1.320000e+00	1.600000e+00	-2.481600e-05	0.000000e+00	-1.330000e-12	2.481600e-05	0.000000e+00	-2.481600e-05
1.340000000000000e+00	1.340000e+00	1.600000e+00	-2.492400e-05	0.000000e+00	-1.350000e-12	2.492400e-05	0.000000e+00	-2.492400e-05
1.360000000000000e+00	1.360000e+00	1.600000e+00	-2.502400e-05	0.000000e+00	-1.370000e-12	2.502400e-05	0.000000e+00	-2.502400e-05
1.380000000000000e+00	1.380000e+00	1.600000e+00	-2.511600e-05	0.000000e+00	-1.390000e-12	2.511600e-05	0.000000e+00	-2.511600e-05
1.400000000000000e+00	1.400000e+00	1.600000e+00	-2.520000e-05	0.000000e+00	-1.410000e-12	2.520000e-05	0.000000e+00	-2.520000e-05
1.420000000000000e+00	1.420000e+00	1.600000e+00	-2.527600e-05	0.000000e+00	-1.430000e-12	2.527600e-05	0.000000e+00	-2.527600e-05
1.440000000000000e+00	1.440000e+00	1.600000e+00	-2.534400e-05	0.000000e+00	-1.450000e-12	2.534400e-05	0.000000e+00	-2.534400e-05
1.460000000000000e+00	1.460000e+00	1.600000e+00	-2.540400e-05	0.000000e+00	-1.470000e-12	2.540400e-05	0.000000e+00	-2.540400e-05
1.480000000000000e+00	1.480000e+00	1.600000e+00	-2.545600e-05	0.000000e+00	-1.490000e-12	2.545600e-05	0.000000e+00	-2.545600e-05
1.500000000000000e+00	1.500000e+00	1.600000e+00	-2.550000e-05	0.000000e+00	-1.510000e-12	2.550000e-05	0.000000e+00	-2.550000e-05
1.520000000000000e+00	1.520000e+00	1.600000e+00	-2.553600e-05	0.000000e+00	-1.530000e-12	2.553600e-05	0.000000e+00	-2.553600e-05
1.540000000000000e+00	1.540000e+00	1.600000e+00	-2.556400e-05	0.000000e+00	-1.550000e-12	2.556400e-05	0.000000e+00	-2.556400e-05
1.560000000000000e+00	1.560000e+00	1.600000e+00	-2.558400e-05	0.000000e+00	-1.570000e-12	2.558400e-05	0.000000e+00	-2.558400e-05
1.580000000000000e+00	1.580000e+00	1.600000e+00	-2.559600e-05	0.000000e+00	-1.590000e-12	2.559600e-05	0.000000e+00	-2.559600e-05
1.600000000000000e+00	1.600000e+00	1.600000e+00	-2.560000e-05	0.000000e+00	-1.610000e-12	2.560000e-05	0.000000e+00	-2.560000e-05
1.620000000000000e+00	1.620000e+00	1.600000e+00	-2.560000e-05	0.000000e+00	-1.630000e-12	2.560000e-05	0.000000e+00	-2.560000e-05
1.640000000000000e+00	1.640000e+00	1.600000e+00	-2.560000e-05	0.000000e+00	-1.650000e-12	2.560000e-05	0.000000e+00	-2.560000e-05
1.660000000000000e+00	1.660000e+00	1.600000e+00	-2.560000e-05	0.000000e+00	-1.670000e-12	2.560000e-05	0.000000e+00	-2.560000e-05
1.680000000000000e+00	1.680000e+00	1.600000e+00	-2.560000e-05	0.000000e+00	-1.690000e-12	2.560000e-05	0.000000e+00	-2.560000e-05
1.700000000000000e+00	1.700000e+00	1.600000e+00	-2.560000e-05	0.000000e+00	-1.710000e-12	2.560000e-05	0.000000e+00	-2.560000e-05
1.720000000000000e+00	1.720000e+00	1.600000e+00	-2.560000e-05	0.000000e+00	-1.730000e-12	2.560000e-05	0.000000e+00	-2.560000e-05
1.740000000000000e+00	1.740000e+00	1.600000e+00	-2.560000e-05	0.000000e+00	-1.750000e-12	2.560000e-05	0.000000e+00	-2.560000e-05
1.760000000000000e+00	1.760000e+00	1.600000e+00	-2.560000e-05	0.000000e+00	-1.770000e-12	2.560000e-05	0.000000e+00	-2.560000e-05
1.780000000000000e+00	1.780000e+00	1.600000e+00	-2.560000e-05	0.000000e+00	-1.790000e-12	2.560000e-05	0.000000e+00	-2.560000e-05
1.800000000000000e+00	1.800000e+00	1.600000e+00	-2.560000e-05	0.000000e+00	-1.810000e-12	2.560000e-05	0.000000e+00	-2.560000e-05
1.820000000000000e+00	1.820000e+00	1.600000e+00	-2.560000e-05	0.000000e+00	-1.830000e-12	2.560000e-05	0.000000e+00	-2.560000e-05
1.840000000000000e+00	1.840000e+00	1.600000e+00	-2.560000e-05	0.000000e+00	-1.850000e-12	2.560000e-05	0.000000e+00	-2.560000e-05
1.860000000000000e+00	1.860000e+00	1.600000e+00	-2.560000e-05	0.000000e+00	-1.870000e-12	2.560000e-05	0.000000e+00	-2.560000e-05
1.880000000000000e+00	1.880000e+00	1.600000e+00	-2.560000e-05	0.000000e+00	-1.890000e-12	2.560000e-05	0.000000e+00	-2.560000e-05
1.900000000000000e+00	1.900000e+00	1.600000e+00	-2.560000e-05	0.000000e+00	-1.910000e-12	2.560000e-05	0.000000e+00	-2.560000e-05
1.920000000000000e+00	1.920000e+00	1.600000e+00	-2.560000e-05	0.000000e+00	-1.930000e-12	2.560000e-05	0.000000e+00	-2.560000e-05
1.940000000000000e+00	1.940000e+00	1.600000e+00	-2.560000e-05	0.000000e+00	-1.950000e-12	2.560000e-05	0.000000e+00	-2.560000e-05
1.960000000000000e+00	1.960000e+00	1.600000e+00	-2.560000e-05	0.000000e+00	-1.970000e-12	2.560000e-05	0.000000e+00	-2.560000e-05
1.980000000000000e+00	1.980000e+00	1.600000e+00	-2.560000e-05	0.000000e+00	-1.990000e-12	2.560000e-05	0.000000e+00	-2.560000e-05
2.000000000000000e+00	2.000000e+00	1.600000e+00	-2.560000e-05	0.000000e+00	-2.010000e-12	2.560000e-05	0.000000e+00	-2.560000e-05
2.020000000000000e+00	2.020000e+00	1.600000e+00	-2.560000e-05	0.000000e+00	-2.030000e-12	2.560000e-05	0.000000e+00	-2.560000e-05
2.040000000000000e+00	2.040000e+00	1.600000e+00	-2.560000e-05	0.000000e+00	-2.050000e-12	2.560000e-05	0.000000e+00	-2.560000e-05
2.060000000000000e+00	2.060000e+00	1.600000e+00	-2.560000e-05	0.000000e+00	-2.070000e-12	2.560000e-05	0.000000e+00	-2.560000e-05
2.080000000000000e+00	2.080000e+00	1.600000e+00	-2.560000e-05	0.000000e+00	-2.090000e-12	2.560000e-05	0.000000e+00	-2.560000e-05
2.100000000000000e+00	2.100000e+00	1.600000e+00	-2.560000e-05	0.000000e+00	-2.110000e-12	2.560000e-05	0.000000e+00	-2.560000e-05
2.120000000000000e+00	2.120000e+00	1.600000e+00	-2.560000e-05	0.000000e+00	-2.130000e-12	2.560000e-05	0.000000e+00	-2.560000e-05
2.140000000000000e+00	2.140000e+00	1.600000e+00	-2.560000e-05	0.000000e+00	-2.150000e-12	2.560000e-05	0.000000e+00	-2.560000e-05
2.160000000000000e+00	2.160000e+00	1.600000e+00	-2.560000e-05	0.000000e+00	-2.170000e-12	2.560000e-05	0.000000e+00	-2.560000e-05
2.180000000000000e+00	2.180000e+00	1.600000e+00	-2.560000e-05	0.000000e+00	-2.190000e-12	2.560000e-05	0.000000e+00	-2.560000e-05
2.200000000000000e+00	2.200000e+00	1.600000e+00	-2.560000e-05	0.000000e+00	-2.210000e-12	2.560000e-05	0.000000e+00	-2.560000e-05
2.220000000000000e+00	2.220000e+00	1.600000e+00	-2.560000e-05	0.000000e+00	-2.230000e-12	2.560000e-05	0.000000e+00	-2.560000e-05
2.240000000000000e+00	2.240000e+00	1.600000e+00	-2.560000e-05	0.000000e+00	-2.250000e-12	2.560000e-05	0.000000e+00	-2.560000e-05
2.260000000000000e+00	2.260000e+00	1.600000e+00	-2.560000e-05	0.000000e+00	-2.270000e-12	2.560000e-05	0.000000e+00	-2.560000e-05
2.280000000000000e+00	2.280000e+00	1.600000e+00	-2.560000e-05	0.000000e+00	-2.290000e-12	2.560000e-05	0.000000e+00	-2.560000e-05
2.300000000000000e+00	2.300000e+00	1.600000e+00	-2.560000e-05	0.000000e+00	-2.310000e-12	2.560000e-05	0.000000e+00	-2.560000e-05
2.320000000000000e+00	2.320000e+00	1.600000e+00	-2.560000e-05	0.000000e+00	-2.330000e-12	2.560000e-05	0.000000e+00	-2.560000e-05
2.340000000000000e+00	2.340000e+00	1.600000e+00	-2.560000e-05	0.000000e+00	-2.350000e-12	2.560000e-05	0.000000e+00	-2.560000e-05
2.360000000000000e+00	2.360000e+00	1.600000e+00	-2.560000e-05	0.000000e+00	-2.370000e-12	2.560000e-05	0.000000e+00	-2.560000e-05
2.380000000000000e+00	2.380000e+00	1.600000e+00	-2.560000e-05	0.000000e+00	-2.390000e-12	2.560000e-05	0.000000e+00	-2.560000e-05
2.400000000000000e+00	2.400000e+00	1.600000e+00	-2.560000e-05	0.000000e+00	-2.410000e-12	2.560000e-05	0.000000e+00	-2.560000e-05
2.420000000000000e+00	2.420000e+00	1.600000e+00	-2.560001e-05	0.000000e+00	-2.430000e-12	2.560001e-05	0.000000e+00	-2.560000e-05
2.440000000000000e+00	2.440000e+00	1.600000e+00	-2.560001e-05	0.000000e+00	-2.450000e-12	2.560001e-05	0.000000e+00	-2.560000e-05
2.460000000000000e+00	2.460000e+00	1.600000e+00	-2.560001e-05	0.000000e+00	-2.470000e-12	2.560001e-05	0.000000e+00	-2.560000e-05
2.480000000000000e+00	2.480000e+00	1.600000e+00	-2.560001e-05	0.000000e+00	-2.490000e-12	2.560001e-05	0.000000e+00	-2.560000e-05
2.500000000000000e+00	2.500000e+00	1.600000e+00	-2.560001e-05	0.000000e+00	-2.510000e-12	2.560001e-05	0.000000e+00	-2.560000e-05
2.520000000000000e+00	2.520000e+00	1.600000e+00	-2.560001e-05	0.000000e+00	-2.530000e-12	2.560001e-05	0.000000e+00	-2.560000e-05
2.540000000000000e+00	2.540000e+00	1.600000e+00	-2.560001e-05	0.000000e+00	-2.550000e-12	2.560001e-05	0.000000e+00	-2.560000e-05
2.560000000000000e+00	2.560000e+00	1.600000e+00	-2.560001e-05	0.000000e+00	-2.570000e-12	2.560001e-05	0.000000e+00	-2.560000e-05
2.580000000000000e+00	2.580000e+00	1.600000e+00	-2.560001e-05	0.000000e+00	-2.590000e-12	2.560001e-05	0.000000e+00	-2.560000e-05
2.600000000000000e+00	2.600000e+00	1.600000e+00	-2.560001e-05	0.000000e+00	-2.610000e-12	2.560001e-05	0.000000e+00	-2.560000e-05
2.620000000000000e+00	2.620000e+00	1.600000e+00	-2.560001e-05	0.000000e+00	-2.630000e-12	2.560001e-05	0.000000e+00	-2.560000e-05
2.640000000000000e+00	2.640000e+00	1.600000e+00	-2.560001e-05	0.000000e+00	-2.650000e-12	2.560001e-05	0.000000e+00	-2.560000e-05
2.660000000000000e+00	2.660000e+00	1.600000e+00	-2.560001e-05	0.000000e+00	-2.670000e-12	2.560001e-05	0.000000e+00	-2.560000e-05
2.680000000000000e+00	2.680000e+00	1.600000e+00	-2.560001e-05	0.000000e+00	-2.690000e-12	2.560001e-05	0.000000e+00	-2.560000e-05
2.700000000000000e+00	2.700000e+00	1.600000e+00	-2.560001e-05	0.000000e+00	-2.710000e-12	2.560001e-05	0.000000e+00	-2.560000e-05
2.720000000000000e+00	2.720000e+00	1.600000e+00	-2.560001e-05	0.000000e+00	-2.730000e-12	2.560001e-05	0.000000e+00	-2.560000e-05
2.740000000000000e+00	2.740000e+00	1.600000e+00	-2.560001e-05	0.000000e+00	-2.750000e-12	2.560001e-05	0.000000e+00	-2.560000e-05
2.760000000000000e+00	2.760000e+00	1.600000e+00	-2.560001e-05	0.000000e+00	-2.770000e-12	2.560001e-05	0.000000e+00	-2.560000e-05
2.780000000000000e+00	2.780000e+00	1.600000e+00	-2.560001e-05	0.000000e+00	-2.790000e-12	2.560001e-05	0.000000e+00	-2.560000e-05
2.800000000000000e+00	2.800000e+00	1.600000e+00	-2.560001e-05	0.000000e+00	-2.810000e-12	2.560001e-05	0.000000e+00	-2.560000e-05
2.820000000000000e+00	2.820000e+00	1.600000e+00	-2.560001e-05	0.000000e+00	-2.830000e-12	2.560001e-05	0.000000e+00	-2.560000e-05
2.840000000000000e+00	2.840000e+00	1.600000e+00	-2.560001e-05	0.000000e+00	-2.850000e-12	2.560001e-05	0.000000e+00	-2.560000e-05
2.860000000000000e+00	2.860000e+00	1.600000e+00	-2.560001e-05	0.000000e+00	-2.870000e-12	2.560001e-05	0.000000e+00	-2.560000e-05
2.880000000000000e+00	2.880000e+00	1.600000e+00	-2.560001e-05	0.000000e+00	-2.890000e-12	2.560001e-05	0.000000e+00	-2.560000e-05
2.900000000000000e+00	2.900000e+00	1.600000e+00	-2.560001e-05	0.000000e+00	-2.910000e-12	2.560001e-05	0.000000e+00	-2.560000e-05
2.920000000000000e+00	2.920000e+00	1.600000e+00	-2.560001e-05	0.000000e+00	-2.930000e-12	2.560001e-05	0.000000e+00	-2.560000e-05
2.940000000000000e+00	2.940000e+00	1.600000e+00	-2.560001e-05	0.000000e+00	-2.950000e-12	2.560001e-05	0.000000e+00	-2.560000e-05
2.960000000000000e+00	2.960000e+00	1.600000e+00	-2.560001e-05	0.000000e+00	-2.970000e-12	2.560001e-05	0.000000e+00	-2.560000e-05
2.980000000000000e+00	2.980000e+00	1.600000e+00	-2.560001e-05	0.000000e+00	-2.990000e-12	2.560001e-05	0.000000e+00	-2.560000e-05
3.000000000000000e+00	3.000000e+00	1.600000e+00	-2.560001e-05	0.000000e+00	-3.010000e-12	2.560001e-05	0.000000e+00	-2.560000e-05
3.020000000000000e+00	3.020000e+00	1.600000e+00	-2.560001e-05	0.000000e+00	-3.030000e-12	2.560001e-05	0.000000e+00	-2.560000e-05
3.040000000000000e+00	3.040000e+00	1.600000e+00	-2.560001e-05	0.000000e+00	-3.050000e-12	2.560001e-05	0.000000e+00	-2.560000e-05
3.060000000000000e+00	3.060000e+00	1.600000e+00	-2.560001e-05	0.000000e+00	-3.070000e-12	2.560001e-05	0.000000e+00	-2.560000e-05
3.080000000000000e+00	3.080000e+00	1.600000e+00	-2.560001e-05	0.000000e+00	-3.090000e-12	2.560001e-05	0.000000e+00	-2.560000e-05
3.100000000000000e+00	3.100000e+00	1.600000e+00	-2.560001e-05	0.000000e+00	-3.110000e-12	2.560001e-05	0.000000e+00	-2.560000e-05
3.120000000000000e+00	3.120000e+00	1.600000e+00	-2.560001e-05	0.000000e+00	-3.130000e-12	2.560001e-05	0.000000e+00	-2.560000e-05
3.140000000000000e+00	3.140000e+00	1.600000e+00	-2.560001e-05	0.000000e+00	-3.150000e-12	2.560001e-05	0.000000e+00	-2.560000e-05
3.160000000000000e+00	3.160000e+00	1.600000e+00	-2.560001e-05	0.000000e+00	-3.170000e-12	2.560001e-05	0.000000e+00	-2.560000e-05
3.180000000000000e+00	3.180000e+00	1.600000e+00	-2.560001e-05	0.000000e+00	-3.190000e-12	2.560001e-05	0.000000e+00	-2.560000e-05
3.200000000000000e+00	3.200000e+00	1.600000e+00	-2.560001e-05	0.000000e+00	-3.210000e-12	2.560001e-05	0.000000e+00	-2.560000e-05
3.220000000000000e+00	3.220000e+00	1.600000e+00	-2.560001e-05	0.000000e+00	-3.230000e-12	2.560001e-05	0.000000e+00	-2.560000e-05
3.240000000000000e+00	3.240000e+00	1.600000e+00	-2.560001e-05	0.000000e+00	-3.250000e-12	2.560001e-05	0.000000e+00	-2.560000e-05
3.260000000000000e+00	3.260000e+00	1.600000e+00	-2.560001e-05	0.000000e+00	-3.270000e-12	2.560001e-05	0.000000e+00	-2.560000e-05
3.280000000000000e+00	3.280000e+00	1.600000e+00	-2.560001e-05	0.000000e+00	-3.290000e-12	2.560001e-05	0.000000e+00	-2.560000e-05
3.300000000000000e+00	3.300000e+00	1.600000e+00	-2.560001e-05	0.000000e+00	-3.310000e-12	2.560001e-05	0.000000e+00	-2.560000e-05
3.320000000000000e+00	3.320000e+00	1.600000e+00	-2.560001e-05	0.000000e+00	-3.330000e-12	2.560001e-05	0.000000e+00	-2.560000e-05
3.340000000000000e+00	3.340000e+00	1.600000e+00	-2.560001e-05	0.000000e+00	-3.350000e-12	2.560001e-05	0.000000e+00	-2.560000e-05
3.360000000000000e+00	3.360000e+00	1.600000e+00	-2.560001e-05	0.000000e+00	-3.370000e-12	2.560001e-05	0.000000e+00	-2.560000e-05
3.380000000000000e+00	3.380000e+00	1.600000e+00	-2.560001e-05	0.000000e+00	-3.390000e-12	2.560001e-05	0.000000e+00	-2.560000e-05
3.400000000000000e+00	3.400000e+00	1.600000e+00	-2.560001e-05	0.000000e+00	-3.410000e-12	2.560001e-05	0.000000e+00	-2.560000e-05
3.420000000000000e+00	3.420000e+00	1.600000e+00	-2.560001e-05	0.000000e+00	-3.430000e-12	2.560001e-05	0.000000e+00	-2.560000e-05
3.440000000000000e+00	3.440000e+00	1.600000e+00	-2.560001e-05	0.000000e+00	-3.450000e-12	2.560001e-05	0.000000e+00	-2.560000e-05
3.460000000000000e+00	3.460000e+00	1.600000e+00	-2.560001e-05	0.000000e+00	-3.470000e-12	2.560001e-05	0.000000e+00	-2.560000e-05
3.480000000000000e+00	3.480000e+00	1.600000e+00	-2.560001e-05	0.000000e+00	-3.490000e-12	2.560001e-05	0.000000e+00	-2.560000e-05
3.500000000000000e+00	3.500000e+00	1.600000e+00	-2.560001e-05	0.000000e+00	-3.510000e-12	2.560001e-05	0.000000e+00	-2.560000e-05
3.520000000000000e+00	3.520000e+00	1.600000e+00	-2.560001e-05	0.000000e+00	-3.530000e-12	2.560001e-05	0.000000e+00	-2.560000e-05
3.540000000000000e+00	3.540000e+00	1.600000e+00	-2.560001e-05	0.000000e+00	-3.550000e-12	2.560001e-05	0.000000e+00	-2.560000e-05
3.560000000000000e+00	3.560000e+00	1.600000e+00	-2.560001e-05	0.000000e+00	-3.570000e-12	2.560001e-05	0.000000e+00	-2.560000e-05
3.580000000000000e+00	3.580000e+00	1.600000e+00	-2.560001e-05	0.000000e+00	-3.590000e-12	2.560001e-05	0.000000e+00	-2.560000e-05
3.600000000000000e+00	3.600000e+00	1.600000e+00	-2.560001e-05	0.000000e+00	-3.610000e-12	2.560001e-05	0.000000e+00	-2.560000e-05
3.620000000000000e+00	3.620000e+00	1.600000e+00	-2.560001e-05	0.000000e+00	-3.630000e-12	2.560001e-05	0.000000e+00	-2.560000e-05
3.640000000000000e+00	3.640000e+00	1.600000e+00	-2.560001e-05	0.000000e+00	-3.650000e-12	2.560001e-05	0.000000e+00	-2.560000e-05
3.660000000000000e+00	3.660000e+00	1.600000e+00	-2.560001e-05	0.000000e+00	-3.670000e-12	2.560001e-05	0.000000e+00	-2.560000e-05
3.680000000000000e+00	3.680000e+00	1.600000e+00	-2.560001e-05	0.000000e+00	-3.690000e-12	2.560001e-05	0.000000e+00	-2.560000e-05
3.700000000000000e+00	3.700000e+00	1.600000e+00	-2.560001e-05	0.000000e+00	-3.710000e-12	2.560001e-05	0.000000e+00	-2.560000e-05
3.720000000000000e+00	3.720000e+00	1.600000e+00	-2.560001e-05	0.000000e+00	-3.730000e-12	2.560001e-05	0.000000e+00	-2.560000e-05
3.740000000000000e+00	3.740000e+00	1.600000e+00	-2.560001e-05	0.000000e+00	-3.750000e-12	2.560001e-05	0.000000e+00	-2.560000e-05
3.760000000000000e+00	3.760000e+00	1.600000e+00	-2.560001e-05	0.000000e+00	-3.770000e-12	2.560001e-05	0.000000e+00	-2.560000e-05
3.780000000000000e+00	3.780000e+00	1.600000e+00	-2.560001e-05	0.000000e+00	-3.790000e-12	2.560001e-05	0.000000e+00	-2.560000e-05
3.800000000000000e+00	3.800000e+00	1.600000e+00	-2.560001e-05	0.000000e+00	-3.810000e-12	2.560001e-05	0.000000e+00	-2.560000e-05
3.820000000000000e+00	3.820000e+00	1.600000e+00	-2.560001e-05	0.000000e+00	-3.830000e-12	2.560001e-05	0.000000e+00	-2.560000e-05
3.840000000000000e+00	3.840000e+00	1.600000e+00	-2.560001e-05	0.000000e+00	-3.850000e-12	2.560001e-05	0.000000e+00	-2.560000e-05
3.860000000000000e+00	3.860000e+00	1.600000e+00	-2.560001e-05	0.000000e+00	-3.870000e-12	2.560001e-05	0.000000e+00	-2.560000e-05
3.880000000000000e+00	3.880000e+00	1.600000e+00	-2.560001e-05	0.000000e+00	-3.890000e-12	2.560001e-05	0.000000e+00	-2.560000e-05
3.900000000000000e+00	3.900000e+00	1.600000e+00	-2.560001e-05	0.000000e+00	-3.910000e-12	2.560001e-05	0.000000e+00	-2.560000e-05
3.920000000000000e+00	3.920000e+00	1.600000e+00	-2.560001e-05	0.000000e+00	-3.930000e-12	2.560001e-05	0.000000e+00	-2.560000e-05
3.940000000000000e+00	3.940000e+00	1.600000e+00	-2.560001e-05	0.000000e+00	-3.950000e-12	2.560001e-05	0.000000e+00	-2.560000e-05
3.960000000000000e+00	3.960000e+00	1.600000e+00	-2.560001e-05	0.000000e+00	-3.970000e-12	2.560001e-05	0.000000e+00	-2.560000e-05
3.980000000000000e+00	3.980000e+00	1.600000e+00	-2.560001e-05	0.000000e+00	-3.990000e-12	2.560001e-05	0.000000e+00	-2.560000e-05
4.000000000000000e+00	4.000000e+00	1.600000e+00	-2.560001e-05	0.000000e+00	-4.010000e-12	2.560001e-05	0.000000e+00	-2.560000e-05
4.020000000000000e+00	4.020000e+00	1.600000e+00	-2.560001e-05	0.000000e+00	-4.030000e-12	2.560001e-05	0.000000e+00	-2.560000e-05
4.040000000000000e+00	4.040000e+00	1.600000e+00	-2.560001e-05	0.000000e+00	-4.050000e-12	2.560001e-05	0.000000e+00	-2.560000e-05
4.060000000000000e+00	4.060000e+00	1.600000e+00	-2.560001e-05	0.000000e+00	-4.070000e-12	2.560001e-05	0.000000e+00	-2.560000e-05
4.080000000000000e+00	4.080000e+00	1.600000e+00	-2.560001e-05	0.000000e+00	-4.090000e-12	2.560001e-05	0.000000e+00	-2.560000e-05
4.100000000000000e+00	4.100000e+00	1.600000e+00	-2.560001e-05	0.000000e+00	-4.110000e-12	2.560001e-05	0.000000e+00	-2.560000e-05
4.120000000000000e+00	4.120000e+00	1.600000e+00	-2.560001e-05	0.000000e+00	-4.130000e-12	2.560001e-05	0.000000e+00	-2.560000e-05
4.140000000000000e+00	4.140000e+00	1.600000e+00	-2.560001e-05	0.000000e+00	-4.150000e-12	2.560001e-05	0.000000e+00	-2.560000e-05
4.160000000000000e+00	4.160000e+00	1.600000e+00	-2.560001e-05	0.000000e+00	-4.170000e-12	2.560001e-05	0.000000e+00	-2.560000e-05
4.180000000000000e+00	4.180000e+00	1.600000e+00	-2.560001e-05	0.000000e+00	-4.190000e-12	2.560001e-05	0.000000e+00	-2.560000e-05
4.200000000000000e+00	4.200000e+00	1.600000e+00	-2.560001e-05	0.000000e+00	-4.210000e-12	2.560001e-05	0.000000e+00	-2.560000e-05
4.220000000000000e+00	4.220000e+00	1.600000e+00	-2.560001e-05	0.000000e+00	-4.230000e-12	2.560001e-05	0.000000e+00	-2.560000e-05
4.240000000000000e+00	4.240000e+00	1.600000e+00	-2.560001e-05	0.000000e+00	-4.250000e-12	2.560001e-05	0.000000e+00	-2.560000e-05
4.260000000000000e+00	4.260000e+00	1.600000e+00	-2.560001e-05	0.000000e+00	-4.270000e-12	2.560001e-05	0.000000e+00	-2.560000e-05
4.280000000000000e+00	4.280000e+00	1.600000e+00	-2.560001e-05	0.000000e+00	-4.290000e-12	2.560001e-05	0.000000e+00	-2.560000e-05
4.300000000000000e+00	4.300000e+00	1.600000e+00	-2.560001e-05	0.000000e+00	-4.310000e-12	2.560001e-05	0.000000e+00	-2.560000e-05
4.320000000000000e+00	4.320000e+00	1.600000e+00	-2.560001e-05	0.000000e+00	-4.330000e-12	2.560001e-05	0.000000e+00	-2.560000e-05
4.340000000000000e+00	4.340000e+00	1.600000e+00	-2.560001e-05	0.000000e+00	-4.350000e-12	2.560001e-05	0.000000e+00	-2.560000e-05
4.360000000000000e+00	4.360000e+00	1.600000e+00	-2.560001e-05	0.000000e+00	-4.370000e-12	2.560001e-05	0.000000e+00	-2.560000e-05
4.380000000000000e+00	4.380000e+00	1.600000e+00	-2.560001e-05	0.000000e+00	-4.390000e-12	2.560001e-05	0.000000e+00	-2.560000e-05
4.400000000000000e+00	4.400000e+00	1.600000e+00	-2.560001e-05	0.000000e+00	-4.410000e-12	2.560001e-05	0.000000e+00	-2.560000e-05
4.420000000000000e+00	4.420000e+00	1.600000e+00	-2.560001e-05	0.000000e+00	-4.430000e-12	2.560001e-05	0.000000e+00	-2.560000e-05
4.440000000000000e+00	4.440000e+00	1.600000e+00	-2.560001e-05	0.000000e+00	-4.450000e-12	2.560001e-05	0.000000e+00	-2.560000e-05
4.460000000000000e+00	4.460000e+00	1.600000e+00	-2.560001e-05	0.000000e+00	-4.470000e-12	2.560001e-05	0.000000e+00	-2.560000e-05
4.480000000000000e+00	4.480000e+00	1.600000e+00	-2.560001e-05	0.000000e+00	-4.490000e-12	2.560001e-05	0.000000e+00	-2.560000e-05
4.500000000000000e+00	4.500000e+00	1.600000e+00	-2.560001e-05	0.000000e+00	-4.510000e-12	2.560001e-05	0.000000e+00	-2.560000e-05
4.520000000000000e+00	4.520000e+00	1.600000e+00	-2.560001e-05	0.000000e+00	-4.530000e-12	2.560001e-05	0.000000e+00	-2.560000e-05
4.540000000000000e+00	4.540000e+00	1.600000e+00	-2.560001e-05	0.000000e+00	-4.550000e-12	2.560001e-05	0.000000e+00	-2.560000e-05
4.560000000000000e+00	4.560000e+00	1.600000e+00	-2.560001e-05	0.000000e+00	-4.570000e-12	2.560001e-05	0.000000e+00	-2.560000e-05
4.580000000000000e+00	4.580000e+00	1.600000e+00	-2.560001e-05	0.000000e+00	-4.590000e-12	2.560001e-05	0.000000e+00	-2.560000e-05
4.600000000000001e+00	4.600000e+00	1.600000e+00	-2.560001e-05	0.000000e+00	-4.610000e-12	2.560001e-05	0.000000e+00	-2.560000e-05
4.620000000000000e+00	4.620000e+00	1.600000e+00	-2.560001e-05	0.000000e+00	-4.630000e-12	2.560001e-05	0.000000e+00	-2.560000e-05
4.640000000000000e+00	4.640000e+00	1.600000e+00	-2.560001e-05	0.000000e+00	-4.650000e-12	2.560001e-05	0.000000e+00	-2.560000e-05
4.660000000000000e+00	4.660000e+00	1.600000e+00	-2.560001e-05	0.000000e+00	-4.670000e-12	2.560001e-05	0.000000e+00	-2.560000e-05
4.680000000000000e+00	4.680000e+00	1.600000e+00	-2.560001e-05	0.000000e+00	-4.690000e-12	2.560001e-05	0.000000e+00	-2.560000e-05
4.700000000000000e+00	4.700000e+00	1.600000e+00	-2.560001e-05	0.000000e+00	-4.710000e-12	2.560001e-05	0.000000e+00	-2.560000e-05
4.720000000000000e+00	4.720000e+00	1.600000e+00	-2.560001e-05	0.000000e+00	-4.730000e-12	2.560001e-05	0.000000e+00	-2.560000e-05
4.740000000000000e+00	4.740000e+00	1.600000e+00	-2.560001e-05	0.000000e+00	-4.750000e-12	2.560001e-05	0.000000e+00	-2.560000e-05
4.760000000000000e+00	4.760000e+00	1.600000e+00	-2.560001e-05	0.000000e+00	-4.770000e-12	2.560001e-05	0.000000e+00	-2.560000e-05
4.780000000000000e+00	4.780000e+00	1.600000e+00	-2.560001e-05	0.000000e+00	-4.790000e-12	2.560001e-05	0.000000e+00	-2.560000e-05
4.800000000000000e+00	4.800000e+00	1.600000e+00	-2.560001e-05	0.000000e+00	-4.810000e-12	2.560001e-05	0.000000e+00	-2.560000e-05
4.820000000000000e+00	4.820000e+00	1.600000e+00	-2.560001e-05	0.000000e+00	-4.830000e-12	2.560001e-05	0.000000e+00	-2.560000e-05
4.840000000000000e+00	4.840000e+00	1.600000e+00	-2.560001e-05	0.000000e+00	-4.850000e-12	2.560001e-05	0.000000e+00	-2.560000e-05
4.860000000000000e+00	4.860000e+00	1.600000e+00	-2.560001e-05	0.000000e+00	-4.870000e-12	2.560001e-05	0.000000e+00	-2.560001e-05
4.880000000000000e+00	4.880000e+00	1.600000e+00	-2.560001e-05	0.000000e+00	-4.890000e-12	2.560001e-05	0.000000e+00	-2.560001e-05
4.900000000000000e+00	4.900000e+00	1.600000e+00	-2.560001e-05	0.000000e+00	-4.910000e-12	2.560001e-05	0.000000e+00	-2.560001e-05
4.920000000000000e+00	4.920000e+00	1.600000e+00	-2.560001e-05	0.000000e+00	-4.930000e-12	2.560001e-05	0.000000e+00	-2.560001e-05
4.940000000000000e+00	4.940000e+00	1.600000e+00	-2.560001e-05	0.000000e+00	-4.950000e-12	2.560001e-05	0.000000e+00	-2.560001e-05
4.960000000000000e+00	4.960000e+00	1.600000e+00	-2.560001e-05	0.000000e+00	-4.970000e-12	2.560001e-05	0.000000e+00	-2.560001e-05
4.980000000000000e+00	4.980000e+00	1.600000e+00	-2.560001e-05	0.000000e+00	-4.990000e-12	2.560001e-05	0.000000e+00	-2.560001e-05
5.000000000000000e+00	5.000000e+00	1.600000e+00	-2.560001e-05	0.000000e+00	-5.010000e-12	2.560001e-05	0.000000e+00	-2.560001e-05
Step Information: Vin=2  (Step: 6/6)
0.000000000000000e+00	0.000000e+00	2.000000e+00	0.000000e+00	0.000000e+00	0.000000e+00	0.000000e+00	0.000000e+00	-0.000000e+00
2.000000000000000e-02	2.000000e-02	2.000000e+00	-7.960001e-07	0.000000e+00	-2.538488e-14	7.960001e-07	0.000000e+00	-7.960000e-07
4.000000000000000e-02	4.000000e-02	2.000000e+00	-1.584000e-06	0.000000e+00	-4.787007e-14	1.584000e-06	0.000000e+00	-1.584000e-06
6.000000000000000e-02	6.000000e-02	2.000000e+00	-2.364000e-06	0.000000e+00	-6.901701e-14	2.364000e-06	0.000000e+00	-2.364000e-06
8.000000000000000e-02	8.000000e-02	2.000000e+00	-3.136000e-06	0.000000e+00	-8.954634e-14	3.136000e-06	0.000000e+00	-3.136000e-06
1.000000000000000e-01	1.000000e-01	2.000000e+00	-3.900000e-06	0.000000e+00	-1.097906e-13	3.900000e-06	0.000000e+00	-3.900000e-06
1.200000000000000e-01	1.200000e-01	2.000000e+00	-4.656000e-06	0.000000e+00	-1.299034e-13	4.656000e-06	0.000000e+00	-4.656000e-06
1.400000000000000e-01	1.400000e-01	2.000000e+00	-5.404000e-06	0.000000e+00	-1.499554e-13	5.404000e-06	0.000000e+00	-5.404000e-06
1.600000000000000e-01	1.600000e-01	2.000000e+00	-6.144001e-06	0.000000e+00	-1.699794e-13	6.144001e-06	0.000000e+00	-6.144000e-06
1.800000000000000e-01	1.800000e-01	2.000000e+00	-6.876000e-06	0.000000e+00	-1.899905e-13	6.876000e-06	0.000000e+00	-6.876000e-06
2.000000000000000e-01	2.000000e-01	2.000000e+00	-7.600001e-06	0.000000e+00	-2.099956e-13	7.600001e-06	0.000000e+00	-7.600000e-06
2.200000000000000e-01	2.200000e-01	2.000000e+00	-8.316000e-06	0.000000e+00	-2.299980e-13	8.316000e-06	0.000000e+00	-8.316000e-06
2.400000000000000e-01	2.400000e-01	2.000000e+00	-9.024000e-06	0.000000e+00	-2.499991e-13	9.024000e-06	0.000000e+00	-9.024000e-06
2.600000000000000e-01	2.600000e-01	2.000000e+00	-9.724001e-06	0.000000e+00	-2.699996e-13	9.724001e-06	0.000000e+00	-9.724000e-06
2.800000000000000e-01	2.800000e-01	2.000000e+00	-1.041600e-05	0.000000e+00	-2.899998e-13	1.041600e-05	0.000000e+00	-1.041600e-05
3.000000000000000e-01	3.000000e-01	2.000000e+00	-1.110000e-05	0.000000e+00	-3.099999e-13	1.110000e-05	0.000000e+00	-1.110000e-05
3.200000000000000e-01	3.200000e-01	2.000000e+00	-1.177600e-05	0.000000e+00	-3.300000e-13	1.177600e-05	0.000000e+00	-1.177600e-05
3.400000000000000e-01	3.400000e-01	2.000000e+00	-1.244400e-05	0.000000e+00	-3.500000e-13	1.244400e-05	0.000000e+00	-1.244400e-05
3.600000000000000e-01	3.600000e-01	2.000000e+00	-1.310400e-05	0.000000e+00	-3.700000e-13	1.310400e-05	0.000000e+00	-1.310400e-05
3.800000000000000e-01	3.800000e-01	2.000000e+00	-1.375600e-05	0.000000e+00	-3.900000e-13	1.375600e-05	0.000000e+00	-1.375600e-05
4.000000000000000e-01	4.000000e-01	2.000000e+00	-1.440000e-05	0.000000e+00	-4.100000e-13	1.440000e-05	0.000000e+00	-1.440000e-05
4.200000000000000e-01	4.200000e-01	2.000000e+00	-1.503600e-05	0.000000e+00	-4.300000e-13	1.503600e-05	0.000000e+00	-1.503600e-05
4.400000000000000e-01	4.400000e-01	2.000000e+00	-1.566400e-05	0.000000e+00	-4.500000e-13	1.566400e-05	0.000000e+00	-1.566400e-05
4.600000000000000e-01	4.600000e-01	2.000000e+00	-1.628400e-05	0.000000e+00	-4.700000e-13	1.628400e-05	0.000000e+00	-1.628400e-05
4.800000000000000e-01	4.800000e-01	2.000000e+00	-1.689600e-05	0.000000e+00	-4.900000e-13	1.689600e-05	0.000000e+00	-1.689600e-05
5.000000000000000e-01	5.000000e-01	2.000000e+00	-1.750000e-05	0.000000e+00	-5.100000e-13	1.750000e-05	0.000000e+00	-1.750000e-05
5.200000000000000e-01	5.200000e-01	2.000000e+00	-1.809600e-05	0.000000e+00	-5.300000e-13	1.809600e-05	0.000000e+00	-1.809600e-05
5.400000000000000e-01	5.400000e-01	2.000000e+00	-1.868400e-05	0.000000e+00	-5.500000e-13	1.868400e-05	0.000000e+00	-1.868400e-05
5.600000000000001e-01	5.600000e-01	2.000000e+00	-1.926400e-05	0.000000e+00	-5.700000e-13	1.926400e-05	0.000000e+00	-1.926400e-05
5.800000000000000e-01	5.800000e-01	2.000000e+00	-1.983600e-05	0.000000e+00	-5.900000e-13	1.983600e-05	0.000000e+00	-1.983600e-05
6.000000000000000e-01	6.000000e-01	2.000000e+00	-2.040000e-05	0.000000e+00	-6.100000e-13	2.040000e-05	0.000000e+00	-2.040000e-05
6.200000000000000e-01	6.200000e-01	2.000000e+00	-2.095600e-05	0.000000e+00	-6.300000e-13	2.095600e-05	0.000000e+00	-2.095600e-05
6.400000000000000e-01	6.400000e-01	2.000000e+00	-2.150400e-05	0.000000e+00	-6.500000e-13	2.150400e-05	0.000000e+00	-2.150400e-05
6.600000000000000e-01	6.600000e-01	2.000000e+00	-2.204400e-05	0.000000e+00	-6.700000e-13	2.204400e-05	0.000000e+00	-2.204400e-05
6.800000000000000e-01	6.800000e-01	2.000000e+00	-2.257600e-05	0.000000e+00	-6.900000e-13	2.257600e-05	0.000000e+00	-2.257600e-05
7.000000000000001e-01	7.000000e-01	2.000000e+00	-2.310000e-05	0.000000e+00	-7.100000e-13	2.310000e-05	0.000000e+00	-2.310000e-05
7.200000000000000e-01	7.200000e-01	2.000000e+00	-2.361600e-05	0.000000e+00	-7.300000e-13	2.361600e-05	0.000000e+00	-2.361600e-05
7.400000000000000e-01	7.400000e-01	2.000000e+00	-2.412400e-05	0.000000e+00	-7.500000e-13	2.412400e-05	0.000000e+00	-2.412400e-05
7.600000000000000e-01	7.600000e-01	2.000000e+00	-2.462400e-05	0.000000e+00	-7.700000e-13	2.462400e-05	0.000000e+00	-2.462400e-05
7.800000000000000e-01	7.800000e-01	2.000000e+00	-2.511600e-05	0.000000e+00	-7.900000e-13	2.511600e-05	0.000000e+00	-2.511600e-05
8.000000000000000e-01	8.000000e-01	2.000000e+00	-2.560000e-05	0.000000e+00	-8.100000e-13	2.560000e-05	0.000000e+00	-2.560000e-05
8.200000000000001e-01	8.200000e-01	2.000000e+00	-2.607600e-05	0.000000e+00	-8.300000e-13	2.607600e-05	0.000000e+00	-2.607600e-05
8.400000000000000e-01	8.400000e-01	2.000000e+00	-2.654400e-05	0.000000e+00	-8.500000e-13	2.654400e-05	0.000000e+00	-2.654400e-05
8.600000000000000e-01	8.600000e-01	2.000000e+00	-2.700400e-05	0.000000e+00	-8.700000e-13	2.700400e-05	0.000000e+00	-2.700400e-05
8.800000000000000e-01	8.800000e-01	2.000000e+00	-2.745600e-05	0.000000e+00	-8.900000e-13	2.745600e-05	0.000000e+00	-2.745600e-05
9.000000000000000e-01	9.000000e-01	2.000000e+00	-2.790000e-05	0.000000e+00	-9.100000e-13	2.790000e-05	0.000000e+00	-2.790000e-05
9.200000000000000e-01	9.200000e-01	2.000000e+00	-2.833600e-05	0.000000e+00	-9.300000e-13	2.833600e-05	0.000000e+00	-2.833600e-05
9.400000000000001e-01	9.400000e-01	2.000000e+00	-2.876400e-05	0.000000e+00	-9.500000e-13	2.876400e-05	0.000000e+00	-2.876400e-05
9.600000000000000e-01	9.600000e-01	2.000000e+00	-2.918400e-05	0.000000e+00	-9.700000e-13	2.918400e-05	0.000000e+00	-2.918400e-05
9.800000000000000e-01	9.800000e-01	2.000000e+00	-2.959600e-05	0.000000e+00	-9.900000e-13	2.959600e-05	0.000000e+00	-2.959600e-05
1.000000000000000e+00	1.000000e+00	2.000000e+00	-3.000000e-05	0.000000e+00	-1.010000e-12	3.000000e-05	0.000000e+00	-3.000000e-05
1.020000000000000e+00	1.020000e+00	2.000000e+00	-3.039600e-05	0.000000e+00	-1.030000e-12	3.039600e-05	0.000000e+00	-3.039600e-05
1.040000000000000e+00	1.040000e+00	2.000000e+00	-3.078400e-05	0.000000e+00	-1.050000e-12	3.078400e-05	0.000000e+00	-3.078400e-05
1.060000000000000e+00	1.060000e+00	2.000000e+00	-3.116400e-05	0.000000e+00	-1.070000e-12	3.116400e-05	0.000000e+00	-3.116400e-05
1.080000000000000e+00	1.080000e+00	2.000000e+00	-3.153600e-05	0.000000e+00	-1.090000e-12	3.153600e-05	0.000000e+00	-3.153600e-05
1.100000000000000e+00	1.100000e+00	2.000000e+00	-3.190000e-05	0.000000e+00	-1.110000e-12	3.190000e-05	0.000000e+00	-3.190000e-05
1.120000000000000e+00	1.120000e+00	2.000000e+00	-3.225600e-05	0.000000e+00	-1.130000e-12	3.225600e-05	0.000000e+00	-3.225600e-05
1.140000000000000e+00	1.140000e+00	2.000000e+00	-3.260400e-05	0.000000e+00	-1.150000e-12	3.260400e-05	0.000000e+00	-3.260400e-05
1.160000000000000e+00	1.160000e+00	2.000000e+00	-3.294400e-05	0.000000e+00	-1.170000e-12	3.294400e-05	0.000000e+00	-3.294400e-05
1.180000000000000e+00	1.180000e+00	2.000000e+00	-3.327600e-05	0.000000e+00	-1.190000e-12	3.327600e-05	0.000000e+00	-3.327600e-05
1.200000000000000e+00	1.200000e+00	2.000000e+00	-3.360000e-05	0.000000e+00	-1.210000e-12	3.360000e-05	0.000000e+00	-3.360000e-05
1.220000000000000e+00	1.220000e+00	2.000000e+00	-3.391600e-05	0.000000e+00	-1.230000e-12	3.391600e-05	0.000000e+00	-3.391600e-05
1.240000000000000e+00	1.240000e+00	2.000000e+00	-3.422400e-05	0.000000e+00	-1.250000e-12	3.422400e-05	0.000000e+00	-3.422400e-05
1.260000000000000e+00	1.260000e+00	2.000000e+00	-3.452400e-05	0.000000e+00	-1.270000e-12	3.452400e-05	0.000000e+00	-3.452400e-05
1.280000000000000e+00	1.280000e+00	2.000000e+00	-3.481600e-05	0.000000e+00	-1.290000e-12	3.481600e-05	0.000000e+00	-3.481600e-05
1.300000000000000e+00	1.300000e+00	2.000000e+00	-3.510000e-05	0.000000e+00	-1.310000e-12	3.510000e-05	0.000000e+00	-3.510000e-05
1.320000000000000e+00	1.320000e+00	2.000000e+00	-3.537600e-05	0.000000e+00	-1.330000e-12	3.537600e-05	0.000000e+00	-3.537600e-05
1.340000000000000e+00	1.340000e+00	2.000000e+00	-3.564400e-05	0.000000e+00	-1.350000e-12	3.564400e-05	0.000000e+00	-3.564400e-05
1.360000000000000e+00	1.360000e+00	2.000000e+00	-3.590400e-05	0.000000e+00	-1.370000e-12	3.590400e-05	0.000000e+00	-3.590400e-05
1.380000000000000e+00	1.380000e+00	2.000000e+00	-3.615600e-05	0.000000e+00	-1.390000e-12	3.615600e-05	0.000000e+00	-3.615600e-05
1.400000000000000e+00	1.400000e+00	2.000000e+00	-3.640000e-05	0.000000e+00	-1.410000e-12	3.640000e-05	0.000000e+00	-3.640000e-05
1.420000000000000e+00	1.420000e+00	2.000000e+00	-3.663600e-05	0.000000e+00	-1.430000e-12	3.663600e-05	0.000000e+00	-3.663600e-05
1.440000000000000e+00	1.440000e+00	2.000000e+00	-3.686400e-05	0.000000e+00	-1.450000e-12	3.686400e-05	0.000000e+00	-3.686400e-05
1.460000000000000e+00	1.460000e+00	2.000000e+00	-3.708400e-05	0.000000e+00	-1.470000e-12	3.708400e-05	0.000000e+00	-3.708400e-05
1.480000000000000e+00	1.480000e+00	2.000000e+00	-3.729600e-05	0.000000e+00	-1.490000e-12	3.729600e-05	0.000000e+00	-3.729600e-05
1.500000000000000e+00	1.500000e+00	2.000000e+00	-3.750000e-05	0.000000e+00	-1.510000e-12	3.750000e-05	0.000000e+00	-3.750000e-05
1.520000000000000e+00	1.520000e+00	2.000000e+00	-3.769600e-05	0.000000e+00	-1.530000e-12	3.769600e-05	0.000000e+00	-3.769600e-05
1.540000000000000e+00	1.540000e+00	2.000000e+00	-3.788400e-05	0.000000e+00	-1.550000e-12	3.788400e-05	0.000000e+00	-3.788400e-05
1.560000000000000e+00	1.560000e+00	2.000000e+00	-3.806400e-05	0.000000e+00	-1.570000e-12	3.806400e-05	0.000000e+00	-3.806400e-05
1.580000000000000e+00	1.580000e+00	2.000000e+00	-3.823600e-05	0.000000e+00	-1.590000e-12	3.823600e-05	0.000000e+00	-3.823600e-05
1.600000000000000e+00	1.600000e+00	2.000000e+00	-3.840000e-05	0.000000e+00	-1.610000e-12	3.840000e-05	0.000000e+00	-3.840000e-05
1.620000000000000e+00	1.620000e+00	2.000000e+00	-3.855600e-05	0.000000e+00	-1.630000e-12	3.855600e-05	0.000000e+00	-3.855600e-05
1.640000000000000e+00	1.640000e+00	2.000000e+00	-3.870400e-05	0.000000e+00	-1.650000e-12	3.870400e-05	0.000000e+00	-3.870400e-05
1.660000000000000e+00	1.660000e+00	2.000000e+00	-3.884400e-05	0.000000e+00	-1.670000e-12	3.884400e-05	0.000000e+00	-3.884400e-05
1.680000000000000e+00	1.680000e+00	2.000000e+00	-3.897600e-05	0.000000e+00	-1.690000e-12	3.897600e-05	0.000000e+00	-3.897600e-05
1.700000000000000e+00	1.700000e+00	2.000000e+00	-3.910000e-05	0.000000e+00	-1.710000e-12	3.910000e-05	0.000000e+00	-3.910000e-05
1.720000000000000e+00	1.720000e+00	2.000000e+00	-3.921600e-05	0.000000e+00	-1.730000e-12	3.921600e-05	0.000000e+00	-3.921600e-05
1.740000000000000e+00	1.740000e+00	2.000000e+00	-3.932400e-05	0.000000e+00	-1.750000e-12	3.932400e-05	0.000000e+00	-3.932400e-05
1.760000000000000e+00	1.760000e+00	2.000000e+00	-3.942401e-05	0.000000e+00	-1.770000e-12	3.942401e-05	0.000000e+00	-3.942400e-05
1.780000000000000e+00	1.780000e+00	2.000000e+00	-3.951600e-05	0.000000e+00	-1.790000e-12	3.951600e-05	0.000000e+00	-3.951600e-05
1.800000000000000e+00	1.800000e+00	2.000000e+00	-3.960000e-05	0.000000e+00	-1.810000e-12	3.960000e-05	0.000000e+00	-3.960000e-05
1.820000000000000e+00	1.820000e+00	2.000000e+00	-3.967600e-05	0.000000e+00	-1.830000e-12	3.967600e-05	0.000000e+00	-3.967600e-05
1.840000000000000e+00	1.840000e+00	2.000000e+00	-3.974401e-05	0.000000e+00	-1.850000e-12	3.974401e-05	0.000000e+00	-3.974400e-05
1.860000000000000e+00	1.860000e+00	2.000000e+00	-3.980400e-05	0.000000e+00	-1.870000e-12	3.980400e-05	0.000000e+00	-3.980400e-05
1.880000000000000e+00	1.880000e+00	2.000000e+00	-3.985600e-05	0.000000e+00	-1.890000e-12	3.985600e-05	0.000000e+00	-3.985600e-05
1.900000000000000e+00	1.900000e+00	2.000000e+00	-3.990001e-05	0.000000e+00	-1.910000e-12	3.990001e-05	0.000000e+00	-3.990000e-05
1.920000000000000e+00	1.920000e+00	2.000000e+00	-3.993600e-05	0.000000e+00	-1.930000e-12	3.993600e-05	0.000000e+00	-3.993600e-05
1.940000000000000e+00	1.940000e+00	2.000000e+00	-3.996400e-05	0.000000e+00	-1.950000e-12	3.996400e-05	0.000000e+00	-3.996400e-05
1.960000000000000e+00	1.960000e+00	2.000000e+00	-3.998400e-05	0.000000e+00	-1.970000e-12	3.998400e-05	0.000000e+00	-3.998400e-05
1.980000000000000e+00	1.980000e+00	2.000000e+00	-3.999600e-05	0.000000e+00	-1.990000e-12	3.999600e-05	0.000000e+00	-3.999600e-05
2.000000000000000e+00	2.000000e+00	2.000000e+00	-4.000000e-05	0.000000e+00	-2.010000e-12	4.000000e-05	0.000000e+00	-4.000000e-05
2.020000000000000e+00	2.020000e+00	2.000000e+00	-4.000000e-05	0.000000e+00	-2.030000e-12	4.000000e-05	0.000000e+00	-4.000000e-05
2.040000000000000e+00	2.040000e+00	2.000000e+00	-4.000000e-05	0.000000e+00	-2.050000e-12	4.000000e-05	0.000000e+00	-4.000000e-05
2.060000000000000e+00	2.060000e+00	2.000000e+00	-4.000000e-05	0.000000e+00	-2.070000e-12	4.000000e-05	0.000000e+00	-4.000000e-05
2.080000000000000e+00	2.080000e+00	2.000000e+00	-4.000000e-05	0.000000e+00	-2.090000e-12	4.000000e-05	0.000000e+00	-4.000000e-05
2.100000000000000e+00	2.100000e+00	2.000000e+00	-4.000000e-05	0.000000e+00	-2.110000e-12	4.000000e-05	0.000000e+00	-4.000000e-05
2.120000000000000e+00	2.120000e+00	2.000000e+00	-4.000000e-05	0.000000e+00	-2.130000e-12	4.000000e-05	0.000000e+00	-4.000000e-05
2.140000000000000e+00	2.140000e+00	2.000000e+00	-4.000000e-05	0.000000e+00	-2.150000e-12	4.000000e-05	0.000000e+00	-4.000000e-05
2.160000000000000e+00	2.160000e+00	2.000000e+00	-4.000000e-05	0.000000e+00	-2.170000e-12	4.000000e-05	0.000000e+00	-4.000000e-05
2.180000000000000e+00	2.180000e+00	2.000000e+00	-4.000000e-05	0.000000e+00	-2.190000e-12	4.000000e-05	0.000000e+00	-4.000000e-05
2.200000000000000e+00	2.200000e+00	2.000000e+00	-4.000000e-05	0.000000e+00	-2.210000e-12	4.000000e-05	0.000000e+00	-4.000000e-05
2.220000000000000e+00	2.220000e+00	2.000000e+00	-4.000001e-05	0.000000e+00	-2.230000e-12	4.000001e-05	0.000000e+00	-4.000000e-05
2.240000000000000e+00	2.240000e+00	2.000000e+00	-4.000001e-05	0.000000e+00	-2.250000e-12	4.000001e-05	0.000000e+00	-4.000000e-05
2.260000000000000e+00	2.260000e+00	2.000000e+00	-4.000001e-05	0.000000e+00	-2.270000e-12	4.000001e-05	0.000000e+00	-4.000000e-05
2.280000000000000e+00	2.280000e+00	2.000000e+00	-4.000001e-05	0.000000e+00	-2.290000e-12	4.000001e-05	0.000000e+00	-4.000000e-05
2.300000000000000e+00	2.300000e+00	2.000000e+00	-4.000001e-05	0.000000e+00	-2.310000e-12	4.000001e-05	0.000000e+00	-4.000000e-05
2.320000000000000e+00	2.320000e+00	2.000000e+00	-4.000001e-05	0.000000e+00	-2.330000e-12	4.000001e-05	0.000000e+00	-4.000000e-05
2.340000000000000e+00	2.340000e+00	2.000000e+00	-4.000001e-05	0.000000e+00	-2.350000e-12	4.000001e-05	0.000000e+00	-4.000000e-05
2.360000000000000e+00	2.360000e+00	2.000000e+00	-4.000001e-05	0.000000e+00	-2.370000e-12	4.000001e-05	0.000000e+00	-4.000000e-05
2.380000000000000e+00	2.380000e+00	2.000000e+00	-4.000001e-05	0.000000e+00	-2.390000e-12	4.000001e-05	0.000000e+00	-4.000000e-05
2.400000000000000e+00	2.400000e+00	2.000000e+00	-4.000001e-05	0.000000e+00	-2.410000e-12	4.000001e-05	0.000000e+00	-4.000000e-05
2.420000000000000e+00	2.420000e+00	2.000000e+00	-4.000001e-05	0.000000e+00	-2.430000e-12	4.000001e-05	0.000000e+00	-4.000000e-05
2.440000000000000e+00	2.440000e+00	2.000000e+00	-4.000001e-05	0.000000e+00	-2.450000e-12	4.000001e-05	0.000000e+00	-4.000000e-05
2.460000000000000e+00	2.460000e+00	2.000000e+00	-4.000001e-05	0.000000e+00	-2.470000e-12	4.000001e-05	0.000000e+00	-4.000000e-05
2.480000000000000e+00	2.480000e+00	2.000000e+00	-4.000001e-05	0.000000e+00	-2.490000e-12	4.000001e-05	0.000000e+00	-4.000000e-05
2.500000000000000e+00	2.500000e+00	2.000000e+00	-4.000001e-05	0.000000e+00	-2.510000e-12	4.000001e-05	0.000000e+00	-4.000000e-05
2.520000000000000e+00	2.520000e+00	2.000000e+00	-4.000001e-05	0.000000e+00	-2.530000e-12	4.000001e-05	0.000000e+00	-4.000000e-05
2.540000000000000e+00	2.540000e+00	2.000000e+00	-4.000001e-05	0.000000e+00	-2.550000e-12	4.000001e-05	0.000000e+00	-4.000000e-05
2.560000000000000e+00	2.560000e+00	2.000000e+00	-4.000001e-05	0.000000e+00	-2.570000e-12	4.000001e-05	0.000000e+00	-4.000000e-05
2.580000000000000e+00	2.580000e+00	2.000000e+00	-4.000001e-05	0.000000e+00	-2.590000e-12	4.000001e-05	0.000000e+00	-4.000000e-05
2.600000000000000e+00	2.600000e+00	2.000000e+00	-4.000001e-05	0.000000e+00	-2.610000e-12	4.000001e-05	0.000000e+00	-4.000000e-05
2.620000000000000e+00	2.620000e+00	2.000000e+00	-4.000001e-05	0.000000e+00	-2.630000e-12	4.000001e-05	0.000000e+00	-4.000000e-05
2.640000000000000e+00	2.640000e+00	2.000000e+00	-4.000001e-05	0.000000e+00	-2.650000e-12	4.000001e-05	0.000000e+00	-4.000000e-05
2.660000000000000e+00	2.660000e+00	2.000000e+00	-4.000001e-05	0.000000e+00	-2.670000e-12	4.000001e-05	0.000000e+00	-4.000000e-05
2.680000000000000e+00	2.680000e+00	2.000000e+00	-4.000001e-05	0.000000e+00	-2.690000e-12	4.000001e-05	0.000000e+00	-4.000000e-05
2.700000000000000e+00	2.700000e+00	2.000000e+00	-4.000001e-05	0.000000e+00	-2.710000e-12	4.000001e-05	0.000000e+00	-4.000000e-05
2.720000000000000e+00	2.720000e+00	2.000000e+00	-4.000001e-05	0.000000e+00	-2.730000e-12	4.000001e-05	0.000000e+00	-4.000000e-05
2.740000000000000e+00	2.740000e+00	2.000000e+00	-4.000001e-05	0.000000e+00	-2.750000e-12	4.000001e-05	0.000000e+00	-4.000000e-05
2.760000000000000e+00	2.760000e+00	2.000000e+00	-4.000001e-05	0.000000e+00	-2.770000e-12	4.000001e-05	0.000000e+00	-4.000000e-05
2.780000000000000e+00	2.780000e+00	2.000000e+00	-4.000001e-05	0.000000e+00	-2.790000e-12	4.000001e-05	0.000000e+00	-4.000000e-05
2.800000000000000e+00	2.800000e+00	2.000000e+00	-4.000001e-05	0.000000e+00	-2.810000e-12	4.000001e-05	0.000000e+00	-4.000000e-05
2.820000000000000e+00	2.820000e+00	2.000000e+00	-4.000001e-05	0.000000e+00	-2.830000e-12	4.000001e-05	0.000000e+00	-4.000000e-05
2.840000000000000e+00	2.840000e+00	2.000000e+00	-4.000001e-05	0.000000e+00	-2.850000e-12	4.000001e-05	0.000000e+00	-4.000000e-05
2.860000000000000e+00	2.860000e+00	2.000000e+00	-4.000001e-05	0.000000e+00	-2.870000e-12	4.000001e-05	0.000000e+00	-4.000000e-05
2.880000000000000e+00	2.880000e+00	2.000000e+00	-4.000001e-05	0.000000e+00	-2.890000e-12	4.000001e-05	0.000000e+00	-4.000000e-05
2.900000000000000e+00	2.900000e+00	2.000000e+00	-4.000001e-05	0.000000e+00	-2.910000e-12	4.000001e-05	0.000000e+00	-4.000000e-05
2.920000000000000e+00	2.920000e+00	2.000000e+00	-4.000001e-05	0.000000e+00	-2.930000e-12	4.000001e-05	0.000000e+00	-4.000000e-05
2.940000000000000e+00	2.940000e+00	2.000000e+00	-4.000001e-05	0.000000e+00	-2.950000e-12	4.000001e-05	0.000000e+00	-4.000000e-05
2.960000000000000e+00	2.960000e+00	2.000000e+00	-4.000001e-05	0.000000e+00	-2.970000e-12	4.000001e-05	0.000000e+00	-4.000000e-05
2.980000000000000e+00	2.980000e+00	2.000000e+00	-4.000001e-05	0.000000e+00	-2.990000e-12	4.000001e-05	0.000000e+00	-4.000000e-05
3.000000000000000e+00	3.000000e+00	2.000000e+00	-4.000001e-05	0.000000e+00	-3.010000e-12	4.000001e-05	0.000000e+00	-4.000000e-05
3.020000000000000e+00	3.020000e+00	2.000000e+00	-4.000001e-05	0.000000e+00	-3.030000e-12	4.000001e-05	0.000000e+00	-4.000000e-05
3.040000000000000e+00	3.040000e+00	2.000000e+00	-4.000001e-05	0.000000e+00	-3.050000e-12	4.000001e-05	0.000000e+00	-4.000000e-05
3.060000000000000e+00	3.060000e+00	2.000000e+00	-4.000001e-05	0.000000e+00	-3.070000e-12	4.000001e-05	0.000000e+00	-4.000000e-05
3.080000000000000e+00	3.080000e+00	2.000000e+00	-4.000001e-05	0.000000e+00	-3.090000e-12	4.000001e-05	0.000000e+00	-4.000000e-05
3.100000000000000e+00	3.100000e+00	2.000000e+00	-4.000001e-05	0.000000e+00	-3.110000e-12	4.000001e-05	0.000000e+00	-4.000000e-05
3.120000000000000e+00	3.120000e+00	2.000000e+00	-4.000001e-05	0.000000e+00	-3.130000e-12	4.000001e-05	0.000000e+00	-4.000000e-05
3.140000000000000e+00	3.140000e+00	2.000000e+00	-4.000001e-05	0.000000e+00	-3.150000e-12	4.000001e-05	0.000000e+00	-4.000000e-05
3.160000000000000e+00	3.160000e+00	2.000000e+00	-4.000001e-05	0.000000e+00	-3.170000e-12	4.000001e-05	0.000000e+00	-4.000000e-05
3.180000000000000e+00	3.180000e+00	2.000000e+00	-4.000001e-05	0.000000e+00	-3.190000e-12	4.000001e-05	0.000000e+00	-4.000000e-05
3.200000000000000e+00	3.200000e+00	2.000000e+00	-4.000001e-05	0.000000e+00	-3.210000e-12	4.000001e-05	0.000000e+00	-4.000000e-05
3.220000000000000e+00	3.220000e+00	2.000000e+00	-4.000001e-05	0.000000e+00	-3.230000e-12	4.000001e-05	0.000000e+00	-4.000000e-05
3.240000000000000e+00	3.240000e+00	2.000000e+00	-4.000001e-05	0.000000e+00	-3.250000e-12	4.000001e-05	0.000000e+00	-4.000000e-05
3.260000000000000e+00	3.260000e+00	2.000000e+00	-4.000001e-05	0.000000e+00	-3.270000e-12	4.000001e-05	0.000000e+00	-4.000000e-05
3.280000000000000e+00	3.280000e+00	2.000000e+00	-4.000001e-05	0.000000e+00	-3.290000e-12	4.000001e-05	0.000000e+00	-4.000000e-05
3.300000000000000e+00	3.300000e+00	2.000000e+00	-4.000001e-05	0.000000e+00	-3.310000e-12	4.000001e-05	0.000000e+00	-4.000000e-05
3.320000000000000e+00	3.320000e+00	2.000000e+00	-4.000001e-05	0.000000e+00	-3.330000e-12	4.000001e-05	0.000000e+00	-4.000000e-05
3.340000000000000e+00	3.340000e+00	2.000000e+00	-4.000001e-05	0.000000e+00	-3.350000e-12	4.000001e-05	0.000000e+00	-4.000000e-05
3.360000000000000e+00	3.360000e+00	2.000000e+00	-4.000001e-05	0.000000e+00	-3.370000e-12	4.000001e-05	0.000000e+00	-4.000000e-05
3.380000000000000e+00	3.380000e+00	2.000000e+00	-4.000001e-05	0.000000e+00	-3.390000e-12	4.000001e-05	0.000000e+00	-4.000000e-05
3.400000000000000e+00	3.400000e+00	2.000000e+00	-4.000001e-05	0.000000e+00	-3.410000e-12	4.000001e-05	0.000000e+00	-4.000000e-05
3.420000000000000e+00	3.420000e+00	2.000000e+00	-4.000001e-05	0.000000e+00	-3.430000e-12	4.000001e-05	0.000000e+00	-4.000000e-05
3.440000000000000e+00	3.440000e+00	2.000000e+00	-4.000001e-05	0.000000e+00	-3.450000e-12	4.000001e-05	0.000000e+00	-4.000000e-05
3.460000000000000e+00	3.460000e+00	2.000000e+00	-4.000001e-05	0.000000e+00	-3.470000e-12	4.000001e-05	0.000000e+00	-4.000000e-05
3.480000000000000e+00	3.480000e+00	2.000000e+00	-4.000001e-05	0.000000e+00	-3.490000e-12	4.000001e-05	0.000000e+00	-4.000000e-05
3.500000000000000e+00	3.500000e+00	2.000000e+00	-4.000001e-05	0.000000e+00	-3.510000e-12	4.000001e-05	0.000000e+00	-4.000000e-05
3.520000000000000e+00	3.520000e+00	2.000000e+00	-4.000001e-05	0.000000e+00	-3.530000e-12	4.000001e-05	0.000000e+00	-4.000000e-05
3.540000000000000e+00	3.540000e+00	2.000000e+00	-4.000001e-05	0.000000e+00	-3.550000e-12	4.000001e-05	0.000000e+00	-4.000000e-05
3.560000000000000e+00	3.560000e+00	2.000000e+00	-4.000001e-05	0.000000e+00	-3.570000e-12	4.000001e-05	0.000000e+00	-4.000000e-05
3.580000000000000e+00	3.580000e+00	2.000000e+00	-4.000001e-05	0.000000e+00	-3.590000e-12	4.000001e-05	0.000000e+00	-4.000000e-05
3.600000000000000e+00	3.600000e+00	2.000000e+00	-4.000001e-05	0.000000e+00	-3.610000e-12	4.000001e-05	0.000000e+00	-4.000000e-05
3.620000000000000e+00	3.620000e+00	2.000000e+00	-4.000001e-05	0.000000e+00	-3.630000e-12	4.000001e-05	0.000000e+00	-4.000000e-05
3.640000000000000e+00	3.640000e+00	2.000000e+00	-4.000001e-05	0.000000e+00	-3.650000e-12	4.000001e-05	0.000000e+00	-4.000000e-05
3.660000000000000e+00	3.660000e+00	2.000000e+00	-4.000001e-05	0.000000e+00	-3.670000e-12	4.000001e-05	0.000000e+00	-4.000000e-05
3.680000000000000e+00	3.680000e+00	2.000000e+00	-4.000001e-05	0.000000e+00	-3.690000e-12	4.000001e-05	0.000000e+00	-4.000000e-05
3.700000000000000e+00	3.700000e+00	2.000000e+00	-4.000001e-05	0.000000e+00	-3.710000e-12	4.000001e-05	0.000000e+00	-4.000000e-05
3.720000000000000e+00	3.720000e+00	2.000000e+00	-4.000001e-05	0.000000e+00	-3.730000e-12	4.000001e-05	0.000000e+00	-4.000000e-05
3.740000000000000e+00	3.740000e+00	2.000000e+00	-4.000001e-05	0.000000e+00	-3.750000e-12	4.000001e-05	0.000000e+00	-4.000000e-05
3.760000000000000e+00	3.760000e+00	2.000000e+00	-4.000001e-05	0.000000e+00	-3.770000e-12	4.000001e-05	0.000000e+00	-4.000000e-05
3.780000000000000e+00	3.780000e+00	2.000000e+00	-4.000001e-05	0.000000e+00	-3.790000e-12	4.000001e-05	0.000000e+00	-4.000000e-05
3.800000000000000e+00	3.800000e+00	2.000000e+00	-4.000001e-05	0.000000e+00	-3.810000e-12	4.000001e-05	0.000000e+00	-4.000000e-05
3.820000000000000e+00	3.820000e+00	2.000000e+00	-4.000001e-05	0.000000e+00	-3.830000e-12	4.000001e-05	0.000000e+00	-4.000000e-05
3.840000000000000e+00	3.840000e+00	2.000000e+00	-4.000001e-05	0.000000e+00	-3.850000e-12	4.000001e-05	0.000000e+00	-4.000000e-05
3.860000000000000e+00	3.860000e+00	2.000000e+00	-4.000001e-05	0.000000e+00	-3.870000e-12	4.000001e-05	0.000000e+00	-4.000000e-05
3.880000000000000e+00	3.880000e+00	2.000000e+00	-4.000001e-05	0.000000e+00	-3.890000e-12	4.000001e-05	0.000000e+00	-4.000000e-05
3.900000000000000e+00	3.900000e+00	2.000000e+00	-4.000001e-05	0.000000e+00	-3.910000e-12	4.000001e-05	0.000000e+00	-4.000000e-05
3.920000000000000e+00	3.920000e+00	2.000000e+00	-4.000001e-05	0.000000e+00	-3.930000e-12	4.000001e-05	0.000000e+00	-4.000000e-05
3.940000000000000e+00	3.940000e+00	2.000000e+00	-4.000001e-05	0.000000e+00	-3.950000e-12	4.000001e-05	0.000000e+00	-4.000000e-05
3.960000000000000e+00	3.960000e+00	2.000000e+00	-4.000001e-05	0.000000e+00	-3.970000e-12	4.000001e-05	0.000000e+00	-4.000000e-05
3.980000000000000e+00	3.980000e+00	2.000000e+00	-4.000001e-05	0.000000e+00	-3.990000e-12	4.000001e-05	0.000000e+00	-4.000000e-05
4.000000000000000e+00	4.000000e+00	2.000000e+00	-4.000001e-05	0.000000e+00	-4.010000e-12	4.000001e-05	0.000000e+00	-4.000000e-05
4.020000000000000e+00	4.020000e+00	2.000000e+00	-4.000001e-05	0.000000e+00	-4.030000e-12	4.000001e-05	0.000000e+00	-4.000000e-05
4.040000000000000e+00	4.040000e+00	2.000000e+00	-4.000001e-05	0.000000e+00	-4.050000e-12	4.000001e-05	0.000000e+00	-4.000000e-05
4.060000000000000e+00	4.060000e+00	2.000000e+00	-4.000001e-05	0.000000e+00	-4.070000e-12	4.000001e-05	0.000000e+00	-4.000000e-05
4.080000000000000e+00	4.080000e+00	2.000000e+00	-4.000001e-05	0.000000e+00	-4.090000e-12	4.000001e-05	0.000000e+00	-4.000000e-05
4.100000000000000e+00	4.100000e+00	2.000000e+00	-4.000001e-05	0.000000e+00	-4.110000e-12	4.000001e-05	0.000000e+00	-4.000000e-05
4.120000000000000e+00	4.120000e+00	2.000000e+00	-4.000001e-05	0.000000e+00	-4.130000e-12	4.000001e-05	0.000000e+00	-4.000000e-05
4.140000000000000e+00	4.140000e+00	2.000000e+00	-4.000001e-05	0.000000e+00	-4.150000e-12	4.000001e-05	0.000000e+00	-4.000000e-05
4.160000000000000e+00	4.160000e+00	2.000000e+00	-4.000001e-05	0.000000e+00	-4.170000e-12	4.000001e-05	0.000000e+00	-4.000000e-05
4.180000000000000e+00	4.180000e+00	2.000000e+00	-4.000001e-05	0.000000e+00	-4.190000e-12	4.000001e-05	0.000000e+00	-4.000000e-05
4.200000000000000e+00	4.200000e+00	2.000000e+00	-4.000001e-05	0.000000e+00	-4.210000e-12	4.000001e-05	0.000000e+00	-4.000000e-05
4.220000000000000e+00	4.220000e+00	2.000000e+00	-4.000001e-05	0.000000e+00	-4.230000e-12	4.000001e-05	0.000000e+00	-4.000000e-05
4.240000000000000e+00	4.240000e+00	2.000000e+00	-4.000001e-05	0.000000e+00	-4.250000e-12	4.000001e-05	0.000000e+00	-4.000000e-05
4.260000000000000e+00	4.260000e+00	2.000000e+00	-4.000001e-05	0.000000e+00	-4.270000e-12	4.000001e-05	0.000000e+00	-4.000000e-05
4.280000000000000e+00	4.280000e+00	2.000000e+00	-4.000001e-05	0.000000e+00	-4.290000e-12	4.000001e-05	0.000000e+00	-4.000000e-05
4.300000000000000e+00	4.300000e+00	2.000000e+00	-4.000001e-05	0.000000e+00	-4.310000e-12	4.000001e-05	0.000000e+00	-4.000000e-05
4.320000000000000e+00	4.320000e+00	2.000000e+00	-4.000001e-05	0.000000e+00	-4.330000e-12	4.000001e-05	0.000000e+00	-4.000000e-05
4.340000000000000e+00	4.340000e+00	2.000000e+00	-4.000001e-05	0.000000e+00	-4.350000e-12	4.000001e-05	0.000000e+00	-4.000000e-05
4.360000000000000e+00	4.360000e+00	2.000000e+00	-4.000001e-05	0.000000e+00	-4.370000e-12	4.000001e-05	0.000000e+00	-4.000000e-05
4.380000000000000e+00	4.380000e+00	2.000000e+00	-4.000001e-05	0.000000e+00	-4.390000e-12	4.000001e-05	0.000000e+00	-4.000000e-05
4.400000000000000e+00	4.400000e+00	2.000000e+00	-4.000001e-05	0.000000e+00	-4.410000e-12	4.000001e-05	0.000000e+00	-4.000000e-05
4.420000000000000e+00	4.420000e+00	2.000000e+00	-4.000001e-05	0.000000e+00	-4.430000e-12	4.000001e-05	0.000000e+00	-4.000000e-05
4.440000000000000e+00	4.440000e+00	2.000000e+00	-4.000001e-05	0.000000e+00	-4.450000e-12	4.000001e-05	0.000000e+00	-4.000000e-05
4.460000000000000e+00	4.460000e+00	2.000000e+00	-4.000001e-05	0.000000e+00	-4.470000e-12	4.000001e-05	0.000000e+00	-4.000001e-05
4.480000000000000e+00	4.480000e+00	2.000000e+00	-4.000001e-05	0.000000e+00	-4.490000e-12	4.000001e-05	0.000000e+00	-4.000001e-05
4.500000000000000e+00	4.500000e+00	2.000000e+00	-4.000001e-05	0.000000e+00	-4.510000e-12	4.000001e-05	0.000000e+00	-4.000001e-05
4.520000000000000e+00	4.520000e+00	2.000000e+00	-4.000001e-05	0.000000e+00	-4.530000e-12	4.000001e-05	0.000000e+00	-4.000001e-05
4.540000000000000e+00	4.540000e+00	2.000000e+00	-4.000001e-05	0.000000e+00	-4.550000e-12	4.000001e-05	0.000000e+00	-4.000001e-05
4.560000000000000e+00	4.560000e+00	2.000000e+00	-4.000001e-05	0.000000e+00	-4.570000e-12	4.000001e-05	0.000000e+00	-4.000001e-05
4.580000000000000e+00	4.580000e+00	2.000000e+00	-4.000001e-05	0.000000e+00	-4.590000e-12	4.000001e-05	0.000000e+00	-4.000001e-05
4.600000000000001e+00	4.600000e+00	2.000000e+00	-4.000001e-05	0.000000e+00	-4.610000e-12	4.000001e-05	0.000000e+00	-4.000001e-05
4.620000000000000e+00	4.620000e+00	2.000000e+00	-4.000001e-05	0.000000e+00	-4.630000e-12	4.000001e-05	0.000000e+00	-4.000001e-05
4.640000000000000e+00	4.640000e+00	2.000000e+00	-4.000001e-05	0.000000e+00	-4.650000e-12	4.000001e-05	0.000000e+00	-4.000001e-05
4.660000000000000e+00	4.660000e+00	2.000000e+00	-4.000001e-05	0.000000e+00	-4.670000e-12	4.000001e-05	0.000000e+00	-4.000001e-05
4.680000000000000e+00	4.680000e+00	2.000000e+00	-4.000001e-05	0.000000e+00	-4.690000e-12	4.000001e-05	0.000000e+00	-4.000001e-05
4.700000000000000e+00	4.700000e+00	2.000000e+00	-4.000001e-05	0.000000e+00	-4.710000e-12	4.000001e-05	0.000000e+00	-4.000001e-05
4.720000000000000e+00	4.720000e+00	2.000000e+00	-4.000001e-05	0.000000e+00	-4.730000e-12	4.000001e-05	0.000000e+00	-4.000001e-05
4.740000000000000e+00	4.740000e+00	2.000000e+00	-4.000001e-05	0.000000e+00	-4.750000e-12	4.000001e-05	0.000000e+00	-4.000001e-05
4.760000000000000e+00	4.760000e+00	2.000000e+00	-4.000001e-05	0.000000e+00	-4.770000e-12	4.000001e-05	0.000000e+00	-4.000001e-05
4.780000000000000e+00	4.780000e+00	2.000000e+00	-4.000001e-05	0.000000e+00	-4.790000e-12	4.000001e-05	0.000000e+00	-4.000001e-05
4.800000000000000e+00	4.800000e+00	2.000000e+00	-4.000001e-05	0.000000e+00	-4.810000e-12	4.000001e-05	0.000000e+00	-4.000001e-05
4.820000000000000e+00	4.820000e+00	2.000000e+00	-4.000001e-05	0.000000e+00	-4.830000e-12	4.000001e-05	0.000000e+00	-4.000001e-05
4.840000000000000e+00	4.840000e+00	2.000000e+00	-4.000001e-05	0.000000e+00	-4.850000e-12	4.000001e-05	0.000000e+00	-4.000001e-05
4.860000000000000e+00	4.860000e+00	2.000000e+00	-4.000001e-05	0.000000e+00	-4.870000e-12	4.000001e-05	0.000000e+00	-4.000001e-05
4.880000000000000e+00	4.880000e+00	2.000000e+00	-4.000001e-05	0.000000e+00	-4.890000e-12	4.000001e-05	0.000000e+00	-4.000001e-05
4.900000000000000e+00	4.900000e+00	2.000000e+00	-4.000001e-05	0.000000e+00	-4.910000e-12	4.000001e-05	0.000000e+00	-4.000001e-05
4.920000000000000e+00	4.920000e+00	2.000000e+00	-4.000001e-05	0.000000e+00	-4.930000e-12	4.000001e-05	0.000000e+00	-4.000001e-05
4.940000000000000e+00	4.940000e+00	2.000000e+00	-4.000001e-05	0.000000e+00	-4.950000e-12	4.000001e-05	0.000000e+00	-4.000001e-05
4.960000000000000e+00	4.960000e+00	2.000000e+00	-4.000001e-05	0.000000e+00	-4.970000e-12	4.000001e-05	0.000000e+00	-4.000001e-05
4.980000000000000e+00	4.980000e+00	2.000000e+00	-4.000001e-05	0.000000e+00	-4.990000e-12	4.000001e-05	0.000000e+00	-4.000001e-05
5.000000000000000e+00	5.000000e+00	2.000000e+00	-4.000001e-05	0.000000e+00	-5.010000e-12	4.000001e-05	0.000000e+00	-4.000001e-05
