Vdd	V(vdd)	V(vin)	I(Vdd)	I(Vin)	Ib(M1)	Id(M1)	Ig(M1)	Is(M1)
0,Step Information: Vin=0  (Step: 1/5)
1,0.000000000000000e+00	0.000000e+00	0.000000e+00	0.000000e+00	0.000000e+00	0.000000e+00	0.000000e+00	0.000000e+00	-0.000000e+00
2,1.000000000000000e-01	1.000000e-01	0.000000e+00	-2.097906e-13	0.000000e+00	-1.097906e-13	2.097906e-13	0.000000e+00	-1.000000e-13
3,2.000000000000000e-01	2.000000e-01	0.000000e+00	-4.099956e-13	0.000000e+00	-2.099956e-13	4.099956e-13	0.000000e+00	-2.000000e-13
4,3.000000000000000e-01	3.000000e-01	0.000000e+00	-6.099999e-13	0.000000e+00	-3.099999e-13	6.099999e-13	0.000000e+00	-3.000000e-13
5,4.000000000000000e-01	4.000000e-01	0.000000e+00	-8.100000e-13	0.000000e+00	-4.100000e-13	8.100000e-13	0.000000e+00	-4.000000e-13
6,5.000000000000000e-01	5.000000e-01	0.000000e+00	-1.010000e-12	0.000000e+00	-5.100000e-13	1.010000e-12	0.000000e+00	-5.000000e-13
7,6.000000000000001e-01	6.000000e-01	0.000000e+00	-1.210000e-12	0.000000e+00	-6.100000e-13	1.210000e-12	0.000000e+00	-6.000000e-13
8,7.000000000000001e-01	7.000000e-01	0.000000e+00	-1.410000e-12	0.000000e+00	-7.100000e-13	1.410000e-12	0.000000e+00	-7.000000e-13
9,8.000000000000000e-01	8.000000e-01	0.000000e+00	-1.610000e-12	0.000000e+00	-8.100000e-13	1.610000e-12	0.000000e+00	-8.000000e-13
10,9.000000000000000e-01	9.000000e-01	0.000000e+00	-1.810000e-12	0.000000e+00	-9.100000e-13	1.810000e-12	0.000000e+00	-9.000000e-13
11,1.000000000000000e+00	1.000000e+00	0.000000e+00	-2.010000e-12	0.000000e+00	-1.010000e-12	2.010000e-12	0.000000e+00	-1.000000e-12
12,1.100000000000000e+00	1.100000e+00	0.000000e+00	-2.210000e-12	0.000000e+00	-1.110000e-12	2.210000e-12	0.000000e+00	-1.100000e-12
13,1.200000000000000e+00	1.200000e+00	0.000000e+00	-2.410000e-12	0.000000e+00	-1.210000e-12	2.410000e-12	0.000000e+00	-1.200000e-12
14,1.300000000000000e+00	1.300000e+00	0.000000e+00	-2.610000e-12	0.000000e+00	-1.310000e-12	2.610000e-12	0.000000e+00	-1.300000e-12
15,1.400000000000000e+00	1.400000e+00	0.000000e+00	-2.810000e-12	0.000000e+00	-1.410000e-12	2.810000e-12	0.000000e+00	-1.400000e-12
16,1.500000000000000e+00	1.500000e+00	0.000000e+00	-3.010000e-12	0.000000e+00	-1.510000e-12	3.010000e-12	0.000000e+00	-1.500000e-12
17,1.600000000000000e+00	1.600000e+00	0.000000e+00	-3.210000e-12	0.000000e+00	-1.610000e-12	3.210000e-12	0.000000e+00	-1.600000e-12
18,1.700000000000000e+00	1.700000e+00	0.000000e+00	-3.410000e-12	0.000000e+00	-1.710000e-12	3.410000e-12	0.000000e+00	-1.700000e-12
19,1.800000000000000e+00	1.800000e+00	0.000000e+00	-3.610000e-12	0.000000e+00	-1.810000e-12	3.610000e-12	0.000000e+00	-1.800000e-12
20,1.900000000000000e+00	1.900000e+00	0.000000e+00	-3.810000e-12	0.000000e+00	-1.910000e-12	3.810000e-12	0.000000e+00	-1.900000e-12
21,2.000000000000000e+00	2.000000e+00	0.000000e+00	-4.010000e-12	0.000000e+00	-2.010000e-12	4.010000e-12	0.000000e+00	-2.000000e-12
22,2.100000000000000e+00	2.100000e+00	0.000000e+00	-4.210000e-12	0.000000e+00	-2.110000e-12	4.210000e-12	0.000000e+00	-2.100000e-12
23,2.200000000000000e+00	2.200000e+00	0.000000e+00	-4.410000e-12	0.000000e+00	-2.210000e-12	4.410000e-12	0.000000e+00	-2.200000e-12
24,2.300000000000000e+00	2.300000e+00	0.000000e+00	-4.610000e-12	0.000000e+00	-2.310000e-12	4.610000e-12	0.000000e+00	-2.300000e-12
25,2.400000000000000e+00	2.400000e+00	0.000000e+00	-4.810000e-12	0.000000e+00	-2.410000e-12	4.810000e-12	0.000000e+00	-2.400000e-12
26,2.500000000000000e+00	2.500000e+00	0.000000e+00	-5.010000e-12	0.000000e+00	-2.510000e-12	5.010000e-12	0.000000e+00	-2.500000e-12
27,2.600000000000000e+00	2.600000e+00	0.000000e+00	-5.210000e-12	0.000000e+00	-2.610000e-12	5.210000e-12	0.000000e+00	-2.600000e-12
28,2.700000000000000e+00	2.700000e+00	0.000000e+00	-5.410000e-12	0.000000e+00	-2.710000e-12	5.410000e-12	0.000000e+00	-2.700000e-12
29,2.800000000000000e+00	2.800000e+00	0.000000e+00	-5.610000e-12	0.000000e+00	-2.810000e-12	5.610000e-12	0.000000e+00	-2.800000e-12
30,2.900000000000000e+00	2.900000e+00	0.000000e+00	-5.810000e-12	0.000000e+00	-2.910000e-12	5.810000e-12	0.000000e+00	-2.900000e-12
31,3.000000000000000e+00	3.000000e+00	0.000000e+00	-6.010000e-12	0.000000e+00	-3.010000e-12	6.010000e-12	0.000000e+00	-3.000000e-12
32,3.100000000000000e+00	3.100000e+00	0.000000e+00	-6.210000e-12	0.000000e+00	-3.110000e-12	6.210000e-12	0.000000e+00	-3.100000e-12
33,3.200000000000000e+00	3.200000e+00	0.000000e+00	-6.410000e-12	0.000000e+00	-3.210000e-12	6.410000e-12	0.000000e+00	-3.200000e-12
34,3.300000000000000e+00	3.300000e+00	0.000000e+00	-6.610000e-12	0.000000e+00	-3.310000e-12	6.610000e-12	0.000000e+00	-3.300000e-12
35,3.400000000000000e+00	3.400000e+00	0.000000e+00	-6.810000e-12	0.000000e+00	-3.410000e-12	6.810000e-12	0.000000e+00	-3.400000e-12
36,3.500000000000000e+00	3.500000e+00	0.000000e+00	-7.010000e-12	0.000000e+00	-3.510000e-12	7.010000e-12	0.000000e+00	-3.500000e-12
37,3.600000000000000e+00	3.600000e+00	0.000000e+00	-7.210000e-12	0.000000e+00	-3.610000e-12	7.210000e-12	0.000000e+00	-3.600000e-12
38,3.700000000000000e+00	3.700000e+00	0.000000e+00	-7.410000e-12	0.000000e+00	-3.710000e-12	7.410000e-12	0.000000e+00	-3.700000e-12
39,3.800000000000000e+00	3.800000e+00	0.000000e+00	-7.610000e-12	0.000000e+00	-3.810000e-12	7.610000e-12	0.000000e+00	-3.800000e-12
40,3.900000000000000e+00	3.900000e+00	0.000000e+00	-7.810000e-12	0.000000e+00	-3.910000e-12	7.810000e-12	0.000000e+00	-3.900000e-12
41,4.000000000000000e+00	4.000000e+00	0.000000e+00	-8.010000e-12	0.000000e+00	-4.010000e-12	8.010000e-12	0.000000e+00	-4.000000e-12
42,4.100000000000001e+00	4.100000e+00	0.000000e+00	-8.210000e-12	0.000000e+00	-4.110000e-12	8.210000e-12	0.000000e+00	-4.100000e-12
43,4.200000000000000e+00	4.200000e+00	0.000000e+00	-8.410000e-12	0.000000e+00	-4.210000e-12	8.410000e-12	0.000000e+00	-4.200000e-12
44,4.300000000000000e+00	4.300000e+00	0.000000e+00	-8.610000e-12	0.000000e+00	-4.310000e-12	8.610000e-12	0.000000e+00	-4.300000e-12
45,4.400000000000000e+00	4.400000e+00	0.000000e+00	-8.810000e-12	0.000000e+00	-4.410000e-12	8.810000e-12	0.000000e+00	-4.400000e-12
46,4.500000000000000e+00	4.500000e+00	0.000000e+00	-9.010000e-12	0.000000e+00	-4.510000e-12	9.010000e-12	0.000000e+00	-4.500000e-12
47,4.600000000000001e+00	4.600000e+00	0.000000e+00	-9.210000e-12	0.000000e+00	-4.610000e-12	9.210000e-12	0.000000e+00	-4.600000e-12
48,4.700000000000000e+00	4.700000e+00	0.000000e+00	-9.410000e-12	0.000000e+00	-4.710000e-12	9.410000e-12	0.000000e+00	-4.700000e-12
49,4.800000000000001e+00	4.800000e+00	0.000000e+00	-9.610000e-12	0.000000e+00	-4.810000e-12	9.610000e-12	0.000000e+00	-4.800000e-12
50,4.900000000000000e+00	4.900000e+00	0.000000e+00	-9.810000e-12	0.000000e+00	-4.910000e-12	9.810000e-12	0.000000e+00	-4.900000e-12
51,5.000000000000000e+00	5.000000e+00	0.000000e+00	-1.001000e-11	0.000000e+00	-5.010000e-12	1.001000e-11	0.000000e+00	-5.000000e-12
52,5.100000000000001e+00	5.100000e+00	0.000000e+00	-1.021000e-11	0.000000e+00	-5.110000e-12	1.021000e-11	0.000000e+00	-5.100000e-12
53,5.200000000000000e+00	5.200000e+00	0.000000e+00	-1.041000e-11	0.000000e+00	-5.210000e-12	1.041000e-11	0.000000e+00	-5.200000e-12
54,5.300000000000001e+00	5.300000e+00	0.000000e+00	-1.061000e-11	0.000000e+00	-5.310000e-12	1.061000e-11	0.000000e+00	-5.300000e-12
55,5.400000000000000e+00	5.400000e+00	0.000000e+00	-1.081000e-11	0.000000e+00	-5.410000e-12	1.081000e-11	0.000000e+00	-5.400000e-12
56,5.500000000000000e+00	5.500000e+00	0.000000e+00	-1.101000e-11	0.000000e+00	-5.510000e-12	1.101000e-11	0.000000e+00	-5.500000e-12
57,5.600000000000001e+00	5.600000e+00	0.000000e+00	-1.121000e-11	0.000000e+00	-5.610000e-12	1.121000e-11	0.000000e+00	-5.600000e-12
58,5.700000000000000e+00	5.700000e+00	0.000000e+00	-1.141000e-11	0.000000e+00	-5.710000e-12	1.141000e-11	0.000000e+00	-5.700000e-12
59,5.800000000000001e+00	5.800000e+00	0.000000e+00	-1.161000e-11	0.000000e+00	-5.810000e-12	1.161000e-11	0.000000e+00	-5.800000e-12
60,5.900000000000000e+00	5.900000e+00	0.000000e+00	-1.181000e-11	0.000000e+00	-5.910000e-12	1.181000e-11	0.000000e+00	-5.900000e-12
61,6.000000000000000e+00	6.000000e+00	0.000000e+00	-1.201000e-11	0.000000e+00	-6.010000e-12	1.201000e-11	0.000000e+00	-6.000000e-12
62,6.100000000000001e+00	6.100000e+00	0.000000e+00	-1.221000e-11	0.000000e+00	-6.110000e-12	1.221000e-11	0.000000e+00	-6.100000e-12
63,6.200000000000000e+00	6.200000e+00	0.000000e+00	-1.241000e-11	0.000000e+00	-6.210000e-12	1.241000e-11	0.000000e+00	-6.200000e-12
64,6.300000000000001e+00	6.300000e+00	0.000000e+00	-1.261000e-11	0.000000e+00	-6.310000e-12	1.261000e-11	0.000000e+00	-6.300000e-12
65,6.400000000000000e+00	6.400000e+00	0.000000e+00	-1.281000e-11	0.000000e+00	-6.410000e-12	1.281000e-11	0.000000e+00	-6.400000e-12
66,6.500000000000000e+00	6.500000e+00	0.000000e+00	-1.301000e-11	0.000000e+00	-6.510000e-12	1.301000e-11	0.000000e+00	-6.500000e-12
67,6.600000000000001e+00	6.600000e+00	0.000000e+00	-1.321000e-11	0.000000e+00	-6.610000e-12	1.321000e-11	0.000000e+00	-6.600000e-12
68,6.700000000000000e+00	6.700000e+00	0.000000e+00	-1.341000e-11	0.000000e+00	-6.710000e-12	1.341000e-11	0.000000e+00	-6.700000e-12
69,6.800000000000001e+00	6.800000e+00	0.000000e+00	-1.361000e-11	0.000000e+00	-6.810000e-12	1.361000e-11	0.000000e+00	-6.800000e-12
70,6.900000000000000e+00	6.900000e+00	0.000000e+00	-1.381000e-11	0.000000e+00	-6.910000e-12	1.381000e-11	0.000000e+00	-6.900000e-12
71,7.000000000000000e+00	7.000000e+00	0.000000e+00	-1.401000e-11	0.000000e+00	-7.010000e-12	1.401000e-11	0.000000e+00	-7.000000e-12
72,7.100000000000001e+00	7.100000e+00	0.000000e+00	-1.421000e-11	0.000000e+00	-7.110000e-12	1.421000e-11	0.000000e+00	-7.100000e-12
73,7.200000000000000e+00	7.200000e+00	0.000000e+00	-1.441000e-11	0.000000e+00	-7.210000e-12	1.441000e-11	0.000000e+00	-7.200000e-12
74,7.300000000000001e+00	7.300000e+00	0.000000e+00	-1.461000e-11	0.000000e+00	-7.310000e-12	1.461000e-11	0.000000e+00	-7.300000e-12
75,7.400000000000000e+00	7.400000e+00	0.000000e+00	-1.481000e-11	0.000000e+00	-7.410000e-12	1.481000e-11	0.000000e+00	-7.400000e-12
76,7.500000000000000e+00	7.500000e+00	0.000000e+00	-1.501000e-11	0.000000e+00	-7.510000e-12	1.501000e-11	0.000000e+00	-7.500000e-12
77,7.600000000000001e+00	7.600000e+00	0.000000e+00	-1.521000e-11	0.000000e+00	-7.610000e-12	1.521000e-11	0.000000e+00	-7.600000e-12
78,7.700000000000000e+00	7.700000e+00	0.000000e+00	-1.541000e-11	0.000000e+00	-7.710000e-12	1.541000e-11	0.000000e+00	-7.700000e-12
79,7.800000000000001e+00	7.800000e+00	0.000000e+00	-1.561000e-11	0.000000e+00	-7.810000e-12	1.561000e-11	0.000000e+00	-7.800000e-12
80,7.900000000000000e+00	7.900000e+00	0.000000e+00	-1.581000e-11	0.000000e+00	-7.910000e-12	1.581000e-11	0.000000e+00	-7.900000e-12
81,8.000000000000000e+00	8.000000e+00	0.000000e+00	-1.601000e-11	0.000000e+00	-8.010000e-12	1.601000e-11	0.000000e+00	-8.000000e-12
82,8.100000000000000e+00	8.100000e+00	0.000000e+00	-1.621000e-11	0.000000e+00	-8.110000e-12	1.621000e-11	0.000000e+00	-8.100000e-12
83,8.200000000000001e+00	8.200000e+00	0.000000e+00	-1.641000e-11	0.000000e+00	-8.210000e-12	1.641000e-11	0.000000e+00	-8.200000e-12
84,8.300000000000001e+00	8.300000e+00	0.000000e+00	-1.661000e-11	0.000000e+00	-8.310000e-12	1.661000e-11	0.000000e+00	-8.300000e-12
85,8.400000000000000e+00	8.400000e+00	0.000000e+00	-1.681000e-11	0.000000e+00	-8.410000e-12	1.681000e-11	0.000000e+00	-8.400000e-12
86,8.500000000000000e+00	8.500000e+00	0.000000e+00	-1.701000e-11	0.000000e+00	-8.510000e-12	1.701000e-11	0.000000e+00	-8.500000e-12
87,8.600000000000000e+00	8.600000e+00	0.000000e+00	-1.721000e-11	0.000000e+00	-8.610000e-12	1.721000e-11	0.000000e+00	-8.600000e-12
88,8.700000000000001e+00	8.700000e+00	0.000000e+00	-1.741000e-11	0.000000e+00	-8.710000e-12	1.741000e-11	0.000000e+00	-8.700000e-12
89,8.800000000000001e+00	8.800000e+00	0.000000e+00	-1.761000e-11	0.000000e+00	-8.810000e-12	1.761000e-11	0.000000e+00	-8.800000e-12
90,8.900000000000000e+00	8.900000e+00	0.000000e+00	-1.781000e-11	0.000000e+00	-8.910000e-12	1.781000e-11	0.000000e+00	-8.900000e-12
91,9.000000000000000e+00	9.000000e+00	0.000000e+00	-1.801000e-11	0.000000e+00	-9.010000e-12	1.801000e-11	0.000000e+00	-9.000000e-12
92,9.100000000000000e+00	9.100000e+00	0.000000e+00	-1.821000e-11	0.000000e+00	-9.110000e-12	1.821000e-11	0.000000e+00	-9.100000e-12
93,9.200000000000001e+00	9.200000e+00	0.000000e+00	-1.841000e-11	0.000000e+00	-9.210000e-12	1.841000e-11	0.000000e+00	-9.200000e-12
94,9.300000000000001e+00	9.300000e+00	0.000000e+00	-1.861000e-11	0.000000e+00	-9.310000e-12	1.861000e-11	0.000000e+00	-9.300000e-12
95,9.400000000000000e+00	9.400000e+00	0.000000e+00	-1.881000e-11	0.000000e+00	-9.410000e-12	1.881000e-11	0.000000e+00	-9.400000e-12
96,9.500000000000000e+00	9.500000e+00	0.000000e+00	-1.901000e-11	0.000000e+00	-9.510000e-12	1.901000e-11	0.000000e+00	-9.500000e-12
97,9.600000000000001e+00	9.600000e+00	0.000000e+00	-1.921000e-11	0.000000e+00	-9.610000e-12	1.921000e-11	0.000000e+00	-9.600000e-12
98,9.700000000000001e+00	9.700000e+00	0.000000e+00	-1.941000e-11	0.000000e+00	-9.710000e-12	1.941000e-11	0.000000e+00	-9.700000e-12
99,9.800000000000001e+00	9.800000e+00	0.000000e+00	-1.961000e-11	0.000000e+00	-9.810000e-12	1.961000e-11	0.000000e+00	-9.800000e-12
100,9.900000000000000e+00	9.900000e+00	0.000000e+00	-1.981000e-11	0.000000e+00	-9.910000e-12	1.981000e-11	0.000000e+00	-9.900000e-12
101,1.000000000000000e+01	1.000000e+01	0.000000e+00	-2.001000e-11	0.000000e+00	-1.001000e-11	2.001000e-11	0.000000e+00	-1.000000e-11
102,1.010000000000000e+01	1.010000e+01	0.000000e+00	-2.021000e-11	0.000000e+00	-1.011000e-11	2.021000e-11	0.000000e+00	-1.010000e-11
103,1.020000000000000e+01	1.020000e+01	0.000000e+00	-2.041000e-11	0.000000e+00	-1.021000e-11	2.041000e-11	0.000000e+00	-1.020000e-11
104,1.030000000000000e+01	1.030000e+01	0.000000e+00	-2.061000e-11	0.000000e+00	-1.031000e-11	2.061000e-11	0.000000e+00	-1.030000e-11
105,1.040000000000000e+01	1.040000e+01	0.000000e+00	-2.081000e-11	0.000000e+00	-1.041000e-11	2.081000e-11	0.000000e+00	-1.040000e-11
106,1.050000000000000e+01	1.050000e+01	0.000000e+00	-2.101000e-11	0.000000e+00	-1.051000e-11	2.101000e-11	0.000000e+00	-1.050000e-11
107,1.060000000000000e+01	1.060000e+01	0.000000e+00	-2.121000e-11	0.000000e+00	-1.061000e-11	2.121000e-11	0.000000e+00	-1.060000e-11
108,1.070000000000000e+01	1.070000e+01	0.000000e+00	-2.141000e-11	0.000000e+00	-1.071000e-11	2.141000e-11	0.000000e+00	-1.070000e-11
109,1.080000000000000e+01	1.080000e+01	0.000000e+00	-2.161000e-11	0.000000e+00	-1.081000e-11	2.161000e-11	0.000000e+00	-1.080000e-11
110,1.090000000000000e+01	1.090000e+01	0.000000e+00	-2.181000e-11	0.000000e+00	-1.091000e-11	2.181000e-11	0.000000e+00	-1.090000e-11
111,1.100000000000000e+01	1.100000e+01	0.000000e+00	-2.201000e-11	0.000000e+00	-1.101000e-11	2.201000e-11	0.000000e+00	-1.100000e-11
112,1.110000000000000e+01	1.110000e+01	0.000000e+00	-2.221000e-11	0.000000e+00	-1.111000e-11	2.221000e-11	0.000000e+00	-1.110000e-11
113,1.120000000000000e+01	1.120000e+01	0.000000e+00	-2.241000e-11	0.000000e+00	-1.121000e-11	2.241000e-11	0.000000e+00	-1.120000e-11
114,1.130000000000000e+01	1.130000e+01	0.000000e+00	-2.261000e-11	0.000000e+00	-1.131000e-11	2.261000e-11	0.000000e+00	-1.130000e-11
115,1.140000000000000e+01	1.140000e+01	0.000000e+00	-2.281000e-11	0.000000e+00	-1.141000e-11	2.281000e-11	0.000000e+00	-1.140000e-11
116,1.150000000000000e+01	1.150000e+01	0.000000e+00	-2.301000e-11	0.000000e+00	-1.151000e-11	2.301000e-11	0.000000e+00	-1.150000e-11
117,1.160000000000000e+01	1.160000e+01	0.000000e+00	-2.321000e-11	0.000000e+00	-1.161000e-11	2.321000e-11	0.000000e+00	-1.160000e-11
118,1.170000000000000e+01	1.170000e+01	0.000000e+00	-2.341000e-11	0.000000e+00	-1.171000e-11	2.341000e-11	0.000000e+00	-1.170000e-11
119,1.180000000000000e+01	1.180000e+01	0.000000e+00	-2.361000e-11	0.000000e+00	-1.181000e-11	2.361000e-11	0.000000e+00	-1.180000e-11
120,1.190000000000000e+01	1.190000e+01	0.000000e+00	-2.381000e-11	0.000000e+00	-1.191000e-11	2.381000e-11	0.000000e+00	-1.190000e-11
121,1.200000000000000e+01	1.200000e+01	0.000000e+00	-2.401000e-11	0.000000e+00	-1.201000e-11	2.401000e-11	0.000000e+00	-1.200000e-11
122,1.210000000000000e+01	1.210000e+01	0.000000e+00	-2.421000e-11	0.000000e+00	-1.211000e-11	2.421000e-11	0.000000e+00	-1.210000e-11
123,1.220000000000000e+01	1.220000e+01	0.000000e+00	-2.441000e-11	0.000000e+00	-1.221000e-11	2.441000e-11	0.000000e+00	-1.220000e-11
124,1.230000000000000e+01	1.230000e+01	0.000000e+00	-2.461000e-11	0.000000e+00	-1.231000e-11	2.461000e-11	0.000000e+00	-1.230000e-11
125,1.240000000000000e+01	1.240000e+01	0.000000e+00	-2.481000e-11	0.000000e+00	-1.241000e-11	2.481000e-11	0.000000e+00	-1.240000e-11
126,1.250000000000000e+01	1.250000e+01	0.000000e+00	-2.501000e-11	0.000000e+00	-1.251000e-11	2.501000e-11	0.000000e+00	-1.250000e-11
127,1.260000000000000e+01	1.260000e+01	0.000000e+00	-2.521000e-11	0.000000e+00	-1.261000e-11	2.521000e-11	0.000000e+00	-1.260000e-11
128,1.270000000000000e+01	1.270000e+01	0.000000e+00	-2.541000e-11	0.000000e+00	-1.271000e-11	2.541000e-11	0.000000e+00	-1.270000e-11
129,1.280000000000000e+01	1.280000e+01	0.000000e+00	-2.561000e-11	0.000000e+00	-1.281000e-11	2.561000e-11	0.000000e+00	-1.280000e-11
130,1.290000000000000e+01	1.290000e+01	0.000000e+00	-2.581000e-11	0.000000e+00	-1.291000e-11	2.581000e-11	0.000000e+00	-1.290000e-11
131,1.300000000000000e+01	1.300000e+01	0.000000e+00	-2.601000e-11	0.000000e+00	-1.301000e-11	2.601000e-11	0.000000e+00	-1.300000e-11
132,1.310000000000000e+01	1.310000e+01	0.000000e+00	-2.621000e-11	0.000000e+00	-1.311000e-11	2.621000e-11	0.000000e+00	-1.310000e-11
133,1.320000000000000e+01	1.320000e+01	0.000000e+00	-2.641000e-11	0.000000e+00	-1.321000e-11	2.641000e-11	0.000000e+00	-1.320000e-11
134,1.330000000000000e+01	1.330000e+01	0.000000e+00	-2.661000e-11	0.000000e+00	-1.331000e-11	2.661000e-11	0.000000e+00	-1.330000e-11
135,1.340000000000000e+01	1.340000e+01	0.000000e+00	-2.681000e-11	0.000000e+00	-1.341000e-11	2.681000e-11	0.000000e+00	-1.340000e-11
136,1.350000000000000e+01	1.350000e+01	0.000000e+00	-2.701000e-11	0.000000e+00	-1.351000e-11	2.701000e-11	0.000000e+00	-1.350000e-11
137,1.360000000000000e+01	1.360000e+01	0.000000e+00	-2.721000e-11	0.000000e+00	-1.361000e-11	2.721000e-11	0.000000e+00	-1.360000e-11
138,1.370000000000000e+01	1.370000e+01	0.000000e+00	-2.741000e-11	0.000000e+00	-1.371000e-11	2.741000e-11	0.000000e+00	-1.370000e-11
139,1.380000000000000e+01	1.380000e+01	0.000000e+00	-2.761000e-11	0.000000e+00	-1.381000e-11	2.761000e-11	0.000000e+00	-1.380000e-11
140,1.390000000000000e+01	1.390000e+01	0.000000e+00	-2.781000e-11	0.000000e+00	-1.391000e-11	2.781000e-11	0.000000e+00	-1.390000e-11
141,1.400000000000000e+01	1.400000e+01	0.000000e+00	-2.801000e-11	0.000000e+00	-1.401000e-11	2.801000e-11	0.000000e+00	-1.400000e-11
142,1.410000000000000e+01	1.410000e+01	0.000000e+00	-2.821000e-11	0.000000e+00	-1.411000e-11	2.821000e-11	0.000000e+00	-1.410000e-11
143,1.420000000000000e+01	1.420000e+01	0.000000e+00	-2.841000e-11	0.000000e+00	-1.421000e-11	2.841000e-11	0.000000e+00	-1.420000e-11
144,1.430000000000000e+01	1.430000e+01	0.000000e+00	-2.861000e-11	0.000000e+00	-1.431000e-11	2.861000e-11	0.000000e+00	-1.430000e-11
145,1.440000000000000e+01	1.440000e+01	0.000000e+00	-2.881000e-11	0.000000e+00	-1.441000e-11	2.881000e-11	0.000000e+00	-1.440000e-11
146,1.450000000000000e+01	1.450000e+01	0.000000e+00	-2.901000e-11	0.000000e+00	-1.451000e-11	2.901000e-11	0.000000e+00	-1.450000e-11
147,1.460000000000000e+01	1.460000e+01	0.000000e+00	-2.921000e-11	0.000000e+00	-1.461000e-11	2.921000e-11	0.000000e+00	-1.460000e-11
148,1.470000000000000e+01	1.470000e+01	0.000000e+00	-2.941000e-11	0.000000e+00	-1.471000e-11	2.941000e-11	0.000000e+00	-1.470000e-11
149,1.480000000000000e+01	1.480000e+01	0.000000e+00	-2.961000e-11	0.000000e+00	-1.481000e-11	2.961000e-11	0.000000e+00	-1.480000e-11
150,1.490000000000000e+01	1.490000e+01	0.000000e+00	-2.981000e-11	0.000000e+00	-1.491000e-11	2.981000e-11	0.000000e+00	-1.490000e-11
151,1.500000000000000e+01	1.500000e+01	0.000000e+00	-3.001000e-11	0.000000e+00	-1.501000e-11	3.001000e-11	0.000000e+00	-1.500000e-11
152,1.510000000000000e+01	1.510000e+01	0.000000e+00	-3.021000e-11	0.000000e+00	-1.511000e-11	3.021000e-11	0.000000e+00	-1.510000e-11
153,1.520000000000000e+01	1.520000e+01	0.000000e+00	-3.041000e-11	0.000000e+00	-1.521000e-11	3.041000e-11	0.000000e+00	-1.520000e-11
154,1.530000000000000e+01	1.530000e+01	0.000000e+00	-3.061000e-11	0.000000e+00	-1.531000e-11	3.061000e-11	0.000000e+00	-1.530000e-11
155,1.540000000000000e+01	1.540000e+01	0.000000e+00	-3.081000e-11	0.000000e+00	-1.541000e-11	3.081000e-11	0.000000e+00	-1.540000e-11
156,1.550000000000000e+01	1.550000e+01	0.000000e+00	-3.101000e-11	0.000000e+00	-1.551000e-11	3.101000e-11	0.000000e+00	-1.550000e-11
157,1.560000000000000e+01	1.560000e+01	0.000000e+00	-3.121000e-11	0.000000e+00	-1.561000e-11	3.121000e-11	0.000000e+00	-1.560000e-11
158,1.570000000000000e+01	1.570000e+01	0.000000e+00	-3.141000e-11	0.000000e+00	-1.571000e-11	3.141000e-11	0.000000e+00	-1.570000e-11
159,1.580000000000000e+01	1.580000e+01	0.000000e+00	-3.161000e-11	0.000000e+00	-1.581000e-11	3.161000e-11	0.000000e+00	-1.580000e-11
160,1.590000000000000e+01	1.590000e+01	0.000000e+00	-3.181000e-11	0.000000e+00	-1.591000e-11	3.181000e-11	0.000000e+00	-1.590000e-11
161,1.600000000000000e+01	1.600000e+01	0.000000e+00	-3.201000e-11	0.000000e+00	-1.601000e-11	3.201000e-11	0.000000e+00	-1.600000e-11
162,Step Information: Vin=2  (Step: 2/5)
163,0.000000000000000e+00	0.000000e+00	2.000000e+00	0.000000e+00	0.000000e+00	0.000000e+00	0.000000e+00	0.000000e+00	-0.000000e+00
164,1.000000000000000e-01	1.000000e-01	2.000000e+00	-3.900000e-06	0.000000e+00	-1.097906e-13	3.900000e-06	0.000000e+00	-3.900000e-06
165,2.000000000000000e-01	2.000000e-01	2.000000e+00	-7.600001e-06	0.000000e+00	-2.099956e-13	7.600001e-06	0.000000e+00	-7.600000e-06
166,3.000000000000000e-01	3.000000e-01	2.000000e+00	-1.110000e-05	0.000000e+00	-3.099999e-13	1.110000e-05	0.000000e+00	-1.110000e-05
167,4.000000000000000e-01	4.000000e-01	2.000000e+00	-1.440000e-05	0.000000e+00	-4.100000e-13	1.440000e-05	0.000000e+00	-1.440000e-05
168,5.000000000000000e-01	5.000000e-01	2.000000e+00	-1.750000e-05	0.000000e+00	-5.100000e-13	1.750000e-05	0.000000e+00	-1.750000e-05
169,6.000000000000001e-01	6.000000e-01	2.000000e+00	-2.040000e-05	0.000000e+00	-6.100000e-13	2.040000e-05	0.000000e+00	-2.040000e-05
170,7.000000000000001e-01	7.000000e-01	2.000000e+00	-2.310000e-05	0.000000e+00	-7.100000e-13	2.310000e-05	0.000000e+00	-2.310000e-05
171,8.000000000000000e-01	8.000000e-01	2.000000e+00	-2.560000e-05	0.000000e+00	-8.100000e-13	2.560000e-05	0.000000e+00	-2.560000e-05
172,9.000000000000000e-01	9.000000e-01	2.000000e+00	-2.790000e-05	0.000000e+00	-9.100000e-13	2.790000e-05	0.000000e+00	-2.790000e-05
173,1.000000000000000e+00	1.000000e+00	2.000000e+00	-3.000000e-05	0.000000e+00	-1.010000e-12	3.000000e-05	0.000000e+00	-3.000000e-05
174,1.100000000000000e+00	1.100000e+00	2.000000e+00	-3.190000e-05	0.000000e+00	-1.110000e-12	3.190000e-05	0.000000e+00	-3.190000e-05
175,1.200000000000000e+00	1.200000e+00	2.000000e+00	-3.360000e-05	0.000000e+00	-1.210000e-12	3.360000e-05	0.000000e+00	-3.360000e-05
176,1.300000000000000e+00	1.300000e+00	2.000000e+00	-3.510000e-05	0.000000e+00	-1.310000e-12	3.510000e-05	0.000000e+00	-3.510000e-05
177,1.400000000000000e+00	1.400000e+00	2.000000e+00	-3.640000e-05	0.000000e+00	-1.410000e-12	3.640000e-05	0.000000e+00	-3.640000e-05
178,1.500000000000000e+00	1.500000e+00	2.000000e+00	-3.750000e-05	0.000000e+00	-1.510000e-12	3.750000e-05	0.000000e+00	-3.750000e-05
179,1.600000000000000e+00	1.600000e+00	2.000000e+00	-3.840000e-05	0.000000e+00	-1.610000e-12	3.840000e-05	0.000000e+00	-3.840000e-05
180,1.700000000000000e+00	1.700000e+00	2.000000e+00	-3.910000e-05	0.000000e+00	-1.710000e-12	3.910000e-05	0.000000e+00	-3.910000e-05
181,1.800000000000000e+00	1.800000e+00	2.000000e+00	-3.960000e-05	0.000000e+00	-1.810000e-12	3.960000e-05	0.000000e+00	-3.960000e-05
182,1.900000000000000e+00	1.900000e+00	2.000000e+00	-3.990001e-05	0.000000e+00	-1.910000e-12	3.990001e-05	0.000000e+00	-3.990000e-05
183,2.000000000000000e+00	2.000000e+00	2.000000e+00	-4.000000e-05	0.000000e+00	-2.010000e-12	4.000000e-05	0.000000e+00	-4.000000e-05
184,2.100000000000000e+00	2.100000e+00	2.000000e+00	-4.000000e-05	0.000000e+00	-2.110000e-12	4.000000e-05	0.000000e+00	-4.000000e-05
185,2.200000000000000e+00	2.200000e+00	2.000000e+00	-4.000000e-05	0.000000e+00	-2.210000e-12	4.000000e-05	0.000000e+00	-4.000000e-05
186,2.300000000000000e+00	2.300000e+00	2.000000e+00	-4.000001e-05	0.000000e+00	-2.310000e-12	4.000001e-05	0.000000e+00	-4.000000e-05
187,2.400000000000000e+00	2.400000e+00	2.000000e+00	-4.000001e-05	0.000000e+00	-2.410000e-12	4.000001e-05	0.000000e+00	-4.000000e-05
188,2.500000000000000e+00	2.500000e+00	2.000000e+00	-4.000001e-05	0.000000e+00	-2.510000e-12	4.000001e-05	0.000000e+00	-4.000000e-05
189,2.600000000000000e+00	2.600000e+00	2.000000e+00	-4.000001e-05	0.000000e+00	-2.610000e-12	4.000001e-05	0.000000e+00	-4.000000e-05
190,2.700000000000000e+00	2.700000e+00	2.000000e+00	-4.000001e-05	0.000000e+00	-2.710000e-12	4.000001e-05	0.000000e+00	-4.000000e-05
191,2.800000000000000e+00	2.800000e+00	2.000000e+00	-4.000001e-05	0.000000e+00	-2.810000e-12	4.000001e-05	0.000000e+00	-4.000000e-05
192,2.900000000000000e+00	2.900000e+00	2.000000e+00	-4.000001e-05	0.000000e+00	-2.910000e-12	4.000001e-05	0.000000e+00	-4.000000e-05
193,3.000000000000000e+00	3.000000e+00	2.000000e+00	-4.000001e-05	0.000000e+00	-3.010000e-12	4.000001e-05	0.000000e+00	-4.000000e-05
194,3.100000000000000e+00	3.100000e+00	2.000000e+00	-4.000001e-05	0.000000e+00	-3.110000e-12	4.000001e-05	0.000000e+00	-4.000000e-05
195,3.200000000000000e+00	3.200000e+00	2.000000e+00	-4.000001e-05	0.000000e+00	-3.210000e-12	4.000001e-05	0.000000e+00	-4.000000e-05
196,3.300000000000000e+00	3.300000e+00	2.000000e+00	-4.000001e-05	0.000000e+00	-3.310000e-12	4.000001e-05	0.000000e+00	-4.000000e-05
197,3.400000000000000e+00	3.400000e+00	2.000000e+00	-4.000001e-05	0.000000e+00	-3.410000e-12	4.000001e-05	0.000000e+00	-4.000000e-05
198,3.500000000000000e+00	3.500000e+00	2.000000e+00	-4.000001e-05	0.000000e+00	-3.510000e-12	4.000001e-05	0.000000e+00	-4.000000e-05
199,3.600000000000000e+00	3.600000e+00	2.000000e+00	-4.000001e-05	0.000000e+00	-3.610000e-12	4.000001e-05	0.000000e+00	-4.000000e-05
200,3.700000000000000e+00	3.700000e+00	2.000000e+00	-4.000001e-05	0.000000e+00	-3.710000e-12	4.000001e-05	0.000000e+00	-4.000000e-05
201,3.800000000000000e+00	3.800000e+00	2.000000e+00	-4.000001e-05	0.000000e+00	-3.810000e-12	4.000001e-05	0.000000e+00	-4.000000e-05
202,3.900000000000000e+00	3.900000e+00	2.000000e+00	-4.000001e-05	0.000000e+00	-3.910000e-12	4.000001e-05	0.000000e+00	-4.000000e-05
203,4.000000000000000e+00	4.000000e+00	2.000000e+00	-4.000001e-05	0.000000e+00	-4.010000e-12	4.000001e-05	0.000000e+00	-4.000000e-05
204,4.100000000000001e+00	4.100000e+00	2.000000e+00	-4.000001e-05	0.000000e+00	-4.110000e-12	4.000001e-05	0.000000e+00	-4.000000e-05
205,4.200000000000000e+00	4.200000e+00	2.000000e+00	-4.000001e-05	0.000000e+00	-4.210000e-12	4.000001e-05	0.000000e+00	-4.000000e-05
206,4.300000000000000e+00	4.300000e+00	2.000000e+00	-4.000001e-05	0.000000e+00	-4.310000e-12	4.000001e-05	0.000000e+00	-4.000000e-05
207,4.400000000000000e+00	4.400000e+00	2.000000e+00	-4.000001e-05	0.000000e+00	-4.410000e-12	4.000001e-05	0.000000e+00	-4.000000e-05
208,4.500000000000000e+00	4.500000e+00	2.000000e+00	-4.000001e-05	0.000000e+00	-4.510000e-12	4.000001e-05	0.000000e+00	-4.000001e-05
209,4.600000000000001e+00	4.600000e+00	2.000000e+00	-4.000001e-05	0.000000e+00	-4.610000e-12	4.000001e-05	0.000000e+00	-4.000001e-05
210,4.700000000000000e+00	4.700000e+00	2.000000e+00	-4.000001e-05	0.000000e+00	-4.710000e-12	4.000001e-05	0.000000e+00	-4.000001e-05
211,4.800000000000001e+00	4.800000e+00	2.000000e+00	-4.000001e-05	0.000000e+00	-4.810000e-12	4.000001e-05	0.000000e+00	-4.000001e-05
212,4.900000000000000e+00	4.900000e+00	2.000000e+00	-4.000001e-05	0.000000e+00	-4.910000e-12	4.000001e-05	0.000000e+00	-4.000001e-05
213,5.000000000000000e+00	5.000000e+00	2.000000e+00	-4.000001e-05	0.000000e+00	-5.010000e-12	4.000001e-05	0.000000e+00	-4.000001e-05
214,5.100000000000001e+00	5.100000e+00	2.000000e+00	-4.000001e-05	0.000000e+00	-5.110000e-12	4.000001e-05	0.000000e+00	-4.000001e-05
215,5.200000000000000e+00	5.200000e+00	2.000000e+00	-4.000001e-05	0.000000e+00	-5.210000e-12	4.000001e-05	0.000000e+00	-4.000001e-05
216,5.300000000000001e+00	5.300000e+00	2.000000e+00	-4.000001e-05	0.000000e+00	-5.310000e-12	4.000001e-05	0.000000e+00	-4.000001e-05
217,5.400000000000000e+00	5.400000e+00	2.000000e+00	-4.000001e-05	0.000000e+00	-5.410000e-12	4.000001e-05	0.000000e+00	-4.000001e-05
218,5.500000000000000e+00	5.500000e+00	2.000000e+00	-4.000001e-05	0.000000e+00	-5.510000e-12	4.000001e-05	0.000000e+00	-4.000001e-05
219,5.600000000000001e+00	5.600000e+00	2.000000e+00	-4.000001e-05	0.000000e+00	-5.610000e-12	4.000001e-05	0.000000e+00	-4.000001e-05
220,5.700000000000000e+00	5.700000e+00	2.000000e+00	-4.000001e-05	0.000000e+00	-5.710000e-12	4.000001e-05	0.000000e+00	-4.000001e-05
221,5.800000000000001e+00	5.800000e+00	2.000000e+00	-4.000001e-05	0.000000e+00	-5.810000e-12	4.000001e-05	0.000000e+00	-4.000001e-05
222,5.900000000000000e+00	5.900000e+00	2.000000e+00	-4.000001e-05	0.000000e+00	-5.910000e-12	4.000001e-05	0.000000e+00	-4.000001e-05
223,6.000000000000000e+00	6.000000e+00	2.000000e+00	-4.000001e-05	0.000000e+00	-6.010000e-12	4.000001e-05	0.000000e+00	-4.000001e-05
224,6.100000000000001e+00	6.100000e+00	2.000000e+00	-4.000001e-05	0.000000e+00	-6.110000e-12	4.000001e-05	0.000000e+00	-4.000001e-05
225,6.200000000000000e+00	6.200000e+00	2.000000e+00	-4.000001e-05	0.000000e+00	-6.210000e-12	4.000001e-05	0.000000e+00	-4.000001e-05
226,6.300000000000001e+00	6.300000e+00	2.000000e+00	-4.000001e-05	0.000000e+00	-6.310000e-12	4.000001e-05	0.000000e+00	-4.000001e-05
227,6.400000000000000e+00	6.400000e+00	2.000000e+00	-4.000001e-05	0.000000e+00	-6.410000e-12	4.000001e-05	0.000000e+00	-4.000001e-05
228,6.500000000000000e+00	6.500000e+00	2.000000e+00	-4.000001e-05	0.000000e+00	-6.510000e-12	4.000001e-05	0.000000e+00	-4.000001e-05
229,6.600000000000001e+00	6.600000e+00	2.000000e+00	-4.000001e-05	0.000000e+00	-6.610000e-12	4.000001e-05	0.000000e+00	-4.000001e-05
230,6.700000000000000e+00	6.700000e+00	2.000000e+00	-4.000001e-05	0.000000e+00	-6.710000e-12	4.000001e-05	0.000000e+00	-4.000001e-05
231,6.800000000000001e+00	6.800000e+00	2.000000e+00	-4.000001e-05	0.000000e+00	-6.810000e-12	4.000001e-05	0.000000e+00	-4.000001e-05
232,6.900000000000000e+00	6.900000e+00	2.000000e+00	-4.000001e-05	0.000000e+00	-6.910000e-12	4.000001e-05	0.000000e+00	-4.000001e-05
233,7.000000000000000e+00	7.000000e+00	2.000000e+00	-4.000001e-05	0.000000e+00	-7.010000e-12	4.000001e-05	0.000000e+00	-4.000001e-05
234,7.100000000000001e+00	7.100000e+00	2.000000e+00	-4.000001e-05	0.000000e+00	-7.110000e-12	4.000001e-05	0.000000e+00	-4.000001e-05
235,7.200000000000000e+00	7.200000e+00	2.000000e+00	-4.000001e-05	0.000000e+00	-7.210000e-12	4.000001e-05	0.000000e+00	-4.000001e-05
236,7.300000000000001e+00	7.300000e+00	2.000000e+00	-4.000001e-05	0.000000e+00	-7.310000e-12	4.000001e-05	0.000000e+00	-4.000001e-05
237,7.400000000000000e+00	7.400000e+00	2.000000e+00	-4.000001e-05	0.000000e+00	-7.410000e-12	4.000001e-05	0.000000e+00	-4.000001e-05
238,7.500000000000000e+00	7.500000e+00	2.000000e+00	-4.000001e-05	0.000000e+00	-7.510000e-12	4.000001e-05	0.000000e+00	-4.000001e-05
239,7.600000000000001e+00	7.600000e+00	2.000000e+00	-4.000001e-05	0.000000e+00	-7.610000e-12	4.000001e-05	0.000000e+00	-4.000001e-05
240,7.700000000000000e+00	7.700000e+00	2.000000e+00	-4.000002e-05	0.000000e+00	-7.710000e-12	4.000002e-05	0.000000e+00	-4.000001e-05
241,7.800000000000001e+00	7.800000e+00	2.000000e+00	-4.000002e-05	0.000000e+00	-7.810000e-12	4.000002e-05	0.000000e+00	-4.000001e-05
242,7.900000000000000e+00	7.900000e+00	2.000000e+00	-4.000002e-05	0.000000e+00	-7.910000e-12	4.000002e-05	0.000000e+00	-4.000001e-05
243,8.000000000000000e+00	8.000000e+00	2.000000e+00	-4.000002e-05	0.000000e+00	-8.010000e-12	4.000002e-05	0.000000e+00	-4.000001e-05
244,8.100000000000000e+00	8.100000e+00	2.000000e+00	-4.000002e-05	0.000000e+00	-8.110000e-12	4.000002e-05	0.000000e+00	-4.000001e-05
245,8.200000000000001e+00	8.200000e+00	2.000000e+00	-4.000002e-05	0.000000e+00	-8.210000e-12	4.000002e-05	0.000000e+00	-4.000001e-05
246,8.300000000000001e+00	8.300000e+00	2.000000e+00	-4.000002e-05	0.000000e+00	-8.310000e-12	4.000002e-05	0.000000e+00	-4.000001e-05
247,8.400000000000000e+00	8.400000e+00	2.000000e+00	-4.000002e-05	0.000000e+00	-8.410000e-12	4.000002e-05	0.000000e+00	-4.000001e-05
248,8.500000000000000e+00	8.500000e+00	2.000000e+00	-4.000002e-05	0.000000e+00	-8.510000e-12	4.000002e-05	0.000000e+00	-4.000001e-05
249,8.600000000000000e+00	8.600000e+00	2.000000e+00	-4.000002e-05	0.000000e+00	-8.610000e-12	4.000002e-05	0.000000e+00	-4.000001e-05
250,8.700000000000001e+00	8.700000e+00	2.000000e+00	-4.000002e-05	0.000000e+00	-8.710000e-12	4.000002e-05	0.000000e+00	-4.000001e-05
251,8.800000000000001e+00	8.800000e+00	2.000000e+00	-4.000002e-05	0.000000e+00	-8.810000e-12	4.000002e-05	0.000000e+00	-4.000001e-05
252,8.900000000000000e+00	8.900000e+00	2.000000e+00	-4.000002e-05	0.000000e+00	-8.910000e-12	4.000002e-05	0.000000e+00	-4.000001e-05
253,9.000000000000000e+00	9.000000e+00	2.000000e+00	-4.000002e-05	0.000000e+00	-9.010000e-12	4.000002e-05	0.000000e+00	-4.000001e-05
254,9.100000000000000e+00	9.100000e+00	2.000000e+00	-4.000002e-05	0.000000e+00	-9.110000e-12	4.000002e-05	0.000000e+00	-4.000001e-05
255,9.200000000000001e+00	9.200000e+00	2.000000e+00	-4.000002e-05	0.000000e+00	-9.210000e-12	4.000002e-05	0.000000e+00	-4.000001e-05
256,9.300000000000001e+00	9.300000e+00	2.000000e+00	-4.000002e-05	0.000000e+00	-9.310000e-12	4.000002e-05	0.000000e+00	-4.000001e-05
257,9.400000000000000e+00	9.400000e+00	2.000000e+00	-4.000002e-05	0.000000e+00	-9.410000e-12	4.000002e-05	0.000000e+00	-4.000001e-05
258,9.500000000000000e+00	9.500000e+00	2.000000e+00	-4.000002e-05	0.000000e+00	-9.510000e-12	4.000002e-05	0.000000e+00	-4.000001e-05
259,9.600000000000001e+00	9.600000e+00	2.000000e+00	-4.000002e-05	0.000000e+00	-9.610000e-12	4.000002e-05	0.000000e+00	-4.000001e-05
260,9.700000000000001e+00	9.700000e+00	2.000000e+00	-4.000002e-05	0.000000e+00	-9.710000e-12	4.000002e-05	0.000000e+00	-4.000001e-05
261,9.800000000000001e+00	9.800000e+00	2.000000e+00	-4.000002e-05	0.000000e+00	-9.810000e-12	4.000002e-05	0.000000e+00	-4.000001e-05
262,9.900000000000000e+00	9.900000e+00	2.000000e+00	-4.000002e-05	0.000000e+00	-9.910000e-12	4.000002e-05	0.000000e+00	-4.000001e-05
263,1.000000000000000e+01	1.000000e+01	2.000000e+00	-4.000002e-05	0.000000e+00	-1.001000e-11	4.000002e-05	0.000000e+00	-4.000001e-05
264,1.010000000000000e+01	1.010000e+01	2.000000e+00	-4.000002e-05	0.000000e+00	-1.011000e-11	4.000002e-05	0.000000e+00	-4.000001e-05
265,1.020000000000000e+01	1.020000e+01	2.000000e+00	-4.000002e-05	0.000000e+00	-1.021000e-11	4.000002e-05	0.000000e+00	-4.000001e-05
266,1.030000000000000e+01	1.030000e+01	2.000000e+00	-4.000002e-05	0.000000e+00	-1.031000e-11	4.000002e-05	0.000000e+00	-4.000001e-05
267,1.040000000000000e+01	1.040000e+01	2.000000e+00	-4.000002e-05	0.000000e+00	-1.041000e-11	4.000002e-05	0.000000e+00	-4.000001e-05
268,1.050000000000000e+01	1.050000e+01	2.000000e+00	-4.000002e-05	0.000000e+00	-1.051000e-11	4.000002e-05	0.000000e+00	-4.000001e-05
269,1.060000000000000e+01	1.060000e+01	2.000000e+00	-4.000002e-05	0.000000e+00	-1.061000e-11	4.000002e-05	0.000000e+00	-4.000001e-05
270,1.070000000000000e+01	1.070000e+01	2.000000e+00	-4.000002e-05	0.000000e+00	-1.071000e-11	4.000002e-05	0.000000e+00	-4.000001e-05
271,1.080000000000000e+01	1.080000e+01	2.000000e+00	-4.000002e-05	0.000000e+00	-1.081000e-11	4.000002e-05	0.000000e+00	-4.000001e-05
272,1.090000000000000e+01	1.090000e+01	2.000000e+00	-4.000002e-05	0.000000e+00	-1.091000e-11	4.000002e-05	0.000000e+00	-4.000001e-05
273,1.100000000000000e+01	1.100000e+01	2.000000e+00	-4.000002e-05	0.000000e+00	-1.101000e-11	4.000002e-05	0.000000e+00	-4.000001e-05
274,1.110000000000000e+01	1.110000e+01	2.000000e+00	-4.000002e-05	0.000000e+00	-1.111000e-11	4.000002e-05	0.000000e+00	-4.000001e-05
275,1.120000000000000e+01	1.120000e+01	2.000000e+00	-4.000002e-05	0.000000e+00	-1.121000e-11	4.000002e-05	0.000000e+00	-4.000001e-05
276,1.130000000000000e+01	1.130000e+01	2.000000e+00	-4.000002e-05	0.000000e+00	-1.131000e-11	4.000002e-05	0.000000e+00	-4.000001e-05
277,1.140000000000000e+01	1.140000e+01	2.000000e+00	-4.000002e-05	0.000000e+00	-1.141000e-11	4.000002e-05	0.000000e+00	-4.000001e-05
278,1.150000000000000e+01	1.150000e+01	2.000000e+00	-4.000002e-05	0.000000e+00	-1.151000e-11	4.000002e-05	0.000000e+00	-4.000001e-05
279,1.160000000000000e+01	1.160000e+01	2.000000e+00	-4.000002e-05	0.000000e+00	-1.161000e-11	4.000002e-05	0.000000e+00	-4.000001e-05
280,1.170000000000000e+01	1.170000e+01	2.000000e+00	-4.000002e-05	0.000000e+00	-1.171000e-11	4.000002e-05	0.000000e+00	-4.000001e-05
281,1.180000000000000e+01	1.180000e+01	2.000000e+00	-4.000002e-05	0.000000e+00	-1.181000e-11	4.000002e-05	0.000000e+00	-4.000001e-05
282,1.190000000000000e+01	1.190000e+01	2.000000e+00	-4.000002e-05	0.000000e+00	-1.191000e-11	4.000002e-05	0.000000e+00	-4.000001e-05
283,1.200000000000000e+01	1.200000e+01	2.000000e+00	-4.000002e-05	0.000000e+00	-1.201000e-11	4.000002e-05	0.000000e+00	-4.000001e-05
284,1.210000000000000e+01	1.210000e+01	2.000000e+00	-4.000002e-05	0.000000e+00	-1.211000e-11	4.000002e-05	0.000000e+00	-4.000001e-05
285,1.220000000000000e+01	1.220000e+01	2.000000e+00	-4.000002e-05	0.000000e+00	-1.221000e-11	4.000002e-05	0.000000e+00	-4.000001e-05
286,1.230000000000000e+01	1.230000e+01	2.000000e+00	-4.000002e-05	0.000000e+00	-1.231000e-11	4.000002e-05	0.000000e+00	-4.000001e-05
287,1.240000000000000e+01	1.240000e+01	2.000000e+00	-4.000002e-05	0.000000e+00	-1.241000e-11	4.000002e-05	0.000000e+00	-4.000001e-05
288,1.250000000000000e+01	1.250000e+01	2.000000e+00	-4.000002e-05	0.000000e+00	-1.251000e-11	4.000002e-05	0.000000e+00	-4.000001e-05
289,1.260000000000000e+01	1.260000e+01	2.000000e+00	-4.000002e-05	0.000000e+00	-1.261000e-11	4.000002e-05	0.000000e+00	-4.000001e-05
290,1.270000000000000e+01	1.270000e+01	2.000000e+00	-4.000002e-05	0.000000e+00	-1.271000e-11	4.000002e-05	0.000000e+00	-4.000001e-05
291,1.280000000000000e+01	1.280000e+01	2.000000e+00	-4.000002e-05	0.000000e+00	-1.281000e-11	4.000002e-05	0.000000e+00	-4.000001e-05
292,1.290000000000000e+01	1.290000e+01	2.000000e+00	-4.000002e-05	0.000000e+00	-1.291000e-11	4.000002e-05	0.000000e+00	-4.000001e-05
293,1.300000000000000e+01	1.300000e+01	2.000000e+00	-4.000002e-05	0.000000e+00	-1.301000e-11	4.000002e-05	0.000000e+00	-4.000001e-05
294,1.310000000000000e+01	1.310000e+01	2.000000e+00	-4.000002e-05	0.000000e+00	-1.311000e-11	4.000002e-05	0.000000e+00	-4.000001e-05
295,1.320000000000000e+01	1.320000e+01	2.000000e+00	-4.000003e-05	0.000000e+00	-1.321000e-11	4.000003e-05	0.000000e+00	-4.000001e-05
296,1.330000000000000e+01	1.330000e+01	2.000000e+00	-4.000003e-05	0.000000e+00	-1.331000e-11	4.000003e-05	0.000000e+00	-4.000001e-05
297,1.340000000000000e+01	1.340000e+01	2.000000e+00	-4.000003e-05	0.000000e+00	-1.341000e-11	4.000003e-05	0.000000e+00	-4.000001e-05
298,1.350000000000000e+01	1.350000e+01	2.000000e+00	-4.000003e-05	0.000000e+00	-1.351000e-11	4.000003e-05	0.000000e+00	-4.000001e-05
299,1.360000000000000e+01	1.360000e+01	2.000000e+00	-4.000003e-05	0.000000e+00	-1.361000e-11	4.000003e-05	0.000000e+00	-4.000001e-05
300,1.370000000000000e+01	1.370000e+01	2.000000e+00	-4.000003e-05	0.000000e+00	-1.371000e-11	4.000003e-05	0.000000e+00	-4.000001e-05
301,1.380000000000000e+01	1.380000e+01	2.000000e+00	-4.000003e-05	0.000000e+00	-1.381000e-11	4.000003e-05	0.000000e+00	-4.000001e-05
302,1.390000000000000e+01	1.390000e+01	2.000000e+00	-4.000003e-05	0.000000e+00	-1.391000e-11	4.000003e-05	0.000000e+00	-4.000001e-05
303,1.400000000000000e+01	1.400000e+01	2.000000e+00	-4.000003e-05	0.000000e+00	-1.401000e-11	4.000003e-05	0.000000e+00	-4.000001e-05
304,1.410000000000000e+01	1.410000e+01	2.000000e+00	-4.000003e-05	0.000000e+00	-1.411000e-11	4.000003e-05	0.000000e+00	-4.000001e-05
305,1.420000000000000e+01	1.420000e+01	2.000000e+00	-4.000003e-05	0.000000e+00	-1.421000e-11	4.000003e-05	0.000000e+00	-4.000001e-05
306,1.430000000000000e+01	1.430000e+01	2.000000e+00	-4.000003e-05	0.000000e+00	-1.431000e-11	4.000003e-05	0.000000e+00	-4.000001e-05
307,1.440000000000000e+01	1.440000e+01	2.000000e+00	-4.000003e-05	0.000000e+00	-1.441000e-11	4.000003e-05	0.000000e+00	-4.000001e-05
308,1.450000000000000e+01	1.450000e+01	2.000000e+00	-4.000003e-05	0.000000e+00	-1.451000e-11	4.000003e-05	0.000000e+00	-4.000001e-05
309,1.460000000000000e+01	1.460000e+01	2.000000e+00	-4.000003e-05	0.000000e+00	-1.461000e-11	4.000003e-05	0.000000e+00	-4.000001e-05
310,1.470000000000000e+01	1.470000e+01	2.000000e+00	-4.000003e-05	0.000000e+00	-1.471000e-11	4.000003e-05	0.000000e+00	-4.000001e-05
311,1.480000000000000e+01	1.480000e+01	2.000000e+00	-4.000003e-05	0.000000e+00	-1.481000e-11	4.000003e-05	0.000000e+00	-4.000001e-05
312,1.490000000000000e+01	1.490000e+01	2.000000e+00	-4.000003e-05	0.000000e+00	-1.491000e-11	4.000003e-05	0.000000e+00	-4.000001e-05
313,1.500000000000000e+01	1.500000e+01	2.000000e+00	-4.000003e-05	0.000000e+00	-1.501000e-11	4.000003e-05	0.000000e+00	-4.000001e-05
314,1.510000000000000e+01	1.510000e+01	2.000000e+00	-4.000003e-05	0.000000e+00	-1.511000e-11	4.000003e-05	0.000000e+00	-4.000001e-05
315,1.520000000000000e+01	1.520000e+01	2.000000e+00	-4.000003e-05	0.000000e+00	-1.521000e-11	4.000003e-05	0.000000e+00	-4.000001e-05
316,1.530000000000000e+01	1.530000e+01	2.000000e+00	-4.000003e-05	0.000000e+00	-1.531000e-11	4.000003e-05	0.000000e+00	-4.000001e-05
317,1.540000000000000e+01	1.540000e+01	2.000000e+00	-4.000003e-05	0.000000e+00	-1.541000e-11	4.000003e-05	0.000000e+00	-4.000002e-05
318,1.550000000000000e+01	1.550000e+01	2.000000e+00	-4.000003e-05	0.000000e+00	-1.551000e-11	4.000003e-05	0.000000e+00	-4.000002e-05
319,1.560000000000000e+01	1.560000e+01	2.000000e+00	-4.000003e-05	0.000000e+00	-1.561000e-11	4.000003e-05	0.000000e+00	-4.000002e-05
320,1.570000000000000e+01	1.570000e+01	2.000000e+00	-4.000003e-05	0.000000e+00	-1.571000e-11	4.000003e-05	0.000000e+00	-4.000002e-05
321,1.580000000000000e+01	1.580000e+01	2.000000e+00	-4.000003e-05	0.000000e+00	-1.581000e-11	4.000003e-05	0.000000e+00	-4.000002e-05
322,1.590000000000000e+01	1.590000e+01	2.000000e+00	-4.000003e-05	0.000000e+00	-1.591000e-11	4.000003e-05	0.000000e+00	-4.000002e-05
323,1.600000000000000e+01	1.600000e+01	2.000000e+00	-4.000003e-05	0.000000e+00	-1.601000e-11	4.000003e-05	0.000000e+00	-4.000002e-05
324,Step Information: Vin=4  (Step: 3/5)
325,0.000000000000000e+00	0.000000e+00	4.000000e+00	0.000000e+00	0.000000e+00	0.000000e+00	0.000000e+00	0.000000e+00	-0.000000e+00
326,1.000000000000000e-01	1.000000e-01	4.000000e+00	-7.900000e-06	0.000000e+00	-1.097906e-13	7.900000e-06	0.000000e+00	-7.900000e-06
327,2.000000000000000e-01	2.000000e-01	4.000000e+00	-1.560000e-05	0.000000e+00	-2.099956e-13	1.560000e-05	0.000000e+00	-1.560000e-05
328,3.000000000000000e-01	3.000000e-01	4.000000e+00	-2.310000e-05	0.000000e+00	-3.099999e-13	2.310000e-05	0.000000e+00	-2.310000e-05
329,4.000000000000000e-01	4.000000e-01	4.000000e+00	-3.040000e-05	0.000000e+00	-4.100000e-13	3.040000e-05	0.000000e+00	-3.040000e-05
330,5.000000000000000e-01	5.000000e-01	4.000000e+00	-3.750000e-05	0.000000e+00	-5.100000e-13	3.750000e-05	0.000000e+00	-3.750000e-05
331,6.000000000000001e-01	6.000000e-01	4.000000e+00	-4.440000e-05	0.000000e+00	-6.100000e-13	4.440000e-05	0.000000e+00	-4.440000e-05
332,7.000000000000001e-01	7.000000e-01	4.000000e+00	-5.110000e-05	0.000000e+00	-7.100000e-13	5.110000e-05	0.000000e+00	-5.110000e-05
333,8.000000000000000e-01	8.000000e-01	4.000000e+00	-5.760000e-05	0.000000e+00	-8.100000e-13	5.760000e-05	0.000000e+00	-5.760000e-05
334,9.000000000000000e-01	9.000000e-01	4.000000e+00	-6.390000e-05	0.000000e+00	-9.100000e-13	6.390000e-05	0.000000e+00	-6.390000e-05
335,1.000000000000000e+00	1.000000e+00	4.000000e+00	-7.000000e-05	0.000000e+00	-1.010000e-12	7.000000e-05	0.000000e+00	-7.000000e-05
336,1.100000000000000e+00	1.100000e+00	4.000000e+00	-7.590000e-05	0.000000e+00	-1.110000e-12	7.590000e-05	0.000000e+00	-7.590000e-05
337,1.200000000000000e+00	1.200000e+00	4.000000e+00	-8.160000e-05	0.000000e+00	-1.210000e-12	8.160000e-05	0.000000e+00	-8.160000e-05
338,1.300000000000000e+00	1.300000e+00	4.000000e+00	-8.710000e-05	0.000000e+00	-1.310000e-12	8.710000e-05	0.000000e+00	-8.710000e-05
339,1.400000000000000e+00	1.400000e+00	4.000000e+00	-9.240001e-05	0.000000e+00	-1.410000e-12	9.240001e-05	0.000000e+00	-9.240000e-05
340,1.500000000000000e+00	1.500000e+00	4.000000e+00	-9.750000e-05	0.000000e+00	-1.510000e-12	9.750000e-05	0.000000e+00	-9.750000e-05
341,1.600000000000000e+00	1.600000e+00	4.000000e+00	-1.024000e-04	0.000000e+00	-1.610000e-12	1.024000e-04	0.000000e+00	-1.024000e-04
342,1.700000000000000e+00	1.700000e+00	4.000000e+00	-1.071000e-04	0.000000e+00	-1.710000e-12	1.071000e-04	0.000000e+00	-1.071000e-04
343,1.800000000000000e+00	1.800000e+00	4.000000e+00	-1.116000e-04	0.000000e+00	-1.810000e-12	1.116000e-04	0.000000e+00	-1.116000e-04
344,1.900000000000000e+00	1.900000e+00	4.000000e+00	-1.159000e-04	0.000000e+00	-1.910000e-12	1.159000e-04	0.000000e+00	-1.159000e-04
345,2.000000000000000e+00	2.000000e+00	4.000000e+00	-1.200000e-04	0.000000e+00	-2.010000e-12	1.200000e-04	0.000000e+00	-1.200000e-04
346,2.100000000000000e+00	2.100000e+00	4.000000e+00	-1.239000e-04	0.000000e+00	-2.110000e-12	1.239000e-04	0.000000e+00	-1.239000e-04
347,2.200000000000000e+00	2.200000e+00	4.000000e+00	-1.276000e-04	0.000000e+00	-2.210000e-12	1.276000e-04	0.000000e+00	-1.276000e-04
348,2.300000000000000e+00	2.300000e+00	4.000000e+00	-1.311000e-04	0.000000e+00	-2.310000e-12	1.311000e-04	0.000000e+00	-1.311000e-04
349,2.400000000000000e+00	2.400000e+00	4.000000e+00	-1.344000e-04	0.000000e+00	-2.410000e-12	1.344000e-04	0.000000e+00	-1.344000e-04
350,2.500000000000000e+00	2.500000e+00	4.000000e+00	-1.375000e-04	0.000000e+00	-2.510000e-12	1.375000e-04	0.000000e+00	-1.375000e-04
351,2.600000000000000e+00	2.600000e+00	4.000000e+00	-1.404000e-04	0.000000e+00	-2.610000e-12	1.404000e-04	0.000000e+00	-1.404000e-04
352,2.700000000000000e+00	2.700000e+00	4.000000e+00	-1.431000e-04	0.000000e+00	-2.710000e-12	1.431000e-04	0.000000e+00	-1.431000e-04
353,2.800000000000000e+00	2.800000e+00	4.000000e+00	-1.456000e-04	0.000000e+00	-2.810000e-12	1.456000e-04	0.000000e+00	-1.456000e-04
354,2.900000000000000e+00	2.900000e+00	4.000000e+00	-1.479000e-04	0.000000e+00	-2.910000e-12	1.479000e-04	0.000000e+00	-1.479000e-04
355,3.000000000000000e+00	3.000000e+00	4.000000e+00	-1.500000e-04	0.000000e+00	-3.010000e-12	1.500000e-04	0.000000e+00	-1.500000e-04
356,3.100000000000000e+00	3.100000e+00	4.000000e+00	-1.519000e-04	0.000000e+00	-3.110000e-12	1.519000e-04	0.000000e+00	-1.519000e-04
357,3.200000000000000e+00	3.200000e+00	4.000000e+00	-1.536000e-04	0.000000e+00	-3.210000e-12	1.536000e-04	0.000000e+00	-1.536000e-04
358,3.300000000000000e+00	3.300000e+00	4.000000e+00	-1.551000e-04	0.000000e+00	-3.310000e-12	1.551000e-04	0.000000e+00	-1.551000e-04
359,3.400000000000000e+00	3.400000e+00	4.000000e+00	-1.564000e-04	0.000000e+00	-3.410000e-12	1.564000e-04	0.000000e+00	-1.564000e-04
360,3.500000000000000e+00	3.500000e+00	4.000000e+00	-1.575000e-04	0.000000e+00	-3.510000e-12	1.575000e-04	0.000000e+00	-1.575000e-04
361,3.600000000000000e+00	3.600000e+00	4.000000e+00	-1.584000e-04	0.000000e+00	-3.610000e-12	1.584000e-04	0.000000e+00	-1.584000e-04
362,3.700000000000000e+00	3.700000e+00	4.000000e+00	-1.591000e-04	0.000000e+00	-3.710000e-12	1.591000e-04	0.000000e+00	-1.591000e-04
363,3.800000000000000e+00	3.800000e+00	4.000000e+00	-1.596000e-04	0.000000e+00	-3.810000e-12	1.596000e-04	0.000000e+00	-1.596000e-04
364,3.900000000000000e+00	3.900000e+00	4.000000e+00	-1.599000e-04	0.000000e+00	-3.910000e-12	1.599000e-04	0.000000e+00	-1.599000e-04
365,4.000000000000000e+00	4.000000e+00	4.000000e+00	-1.600000e-04	0.000000e+00	-4.010000e-12	1.600000e-04	0.000000e+00	-1.600000e-04
366,4.100000000000001e+00	4.100000e+00	4.000000e+00	-1.600000e-04	0.000000e+00	-4.110000e-12	1.600000e-04	0.000000e+00	-1.600000e-04
367,4.200000000000000e+00	4.200000e+00	4.000000e+00	-1.600000e-04	0.000000e+00	-4.210000e-12	1.600000e-04	0.000000e+00	-1.600000e-04
368,4.300000000000000e+00	4.300000e+00	4.000000e+00	-1.600000e-04	0.000000e+00	-4.310000e-12	1.600000e-04	0.000000e+00	-1.600000e-04
369,4.400000000000000e+00	4.400000e+00	4.000000e+00	-1.600000e-04	0.000000e+00	-4.410000e-12	1.600000e-04	0.000000e+00	-1.600000e-04
370,4.500000000000000e+00	4.500000e+00	4.000000e+00	-1.600000e-04	0.000000e+00	-4.510000e-12	1.600000e-04	0.000000e+00	-1.600000e-04
371,4.600000000000001e+00	4.600000e+00	4.000000e+00	-1.600000e-04	0.000000e+00	-4.610000e-12	1.600000e-04	0.000000e+00	-1.600000e-04
372,4.700000000000000e+00	4.700000e+00	4.000000e+00	-1.600000e-04	0.000000e+00	-4.710000e-12	1.600000e-04	0.000000e+00	-1.600000e-04
373,4.800000000000001e+00	4.800000e+00	4.000000e+00	-1.600000e-04	0.000000e+00	-4.810000e-12	1.600000e-04	0.000000e+00	-1.600000e-04
374,4.900000000000000e+00	4.900000e+00	4.000000e+00	-1.600000e-04	0.000000e+00	-4.910000e-12	1.600000e-04	0.000000e+00	-1.600000e-04
375,5.000000000000000e+00	5.000000e+00	4.000000e+00	-1.600000e-04	0.000000e+00	-5.010000e-12	1.600000e-04	0.000000e+00	-1.600000e-04
376,5.100000000000001e+00	5.100000e+00	4.000000e+00	-1.600000e-04	0.000000e+00	-5.110000e-12	1.600000e-04	0.000000e+00	-1.600000e-04
377,5.200000000000000e+00	5.200000e+00	4.000000e+00	-1.600000e-04	0.000000e+00	-5.210000e-12	1.600000e-04	0.000000e+00	-1.600000e-04
378,5.300000000000001e+00	5.300000e+00	4.000000e+00	-1.600000e-04	0.000000e+00	-5.310000e-12	1.600000e-04	0.000000e+00	-1.600000e-04
379,5.400000000000000e+00	5.400000e+00	4.000000e+00	-1.600000e-04	0.000000e+00	-5.410000e-12	1.600000e-04	0.000000e+00	-1.600000e-04
380,5.500000000000000e+00	5.500000e+00	4.000000e+00	-1.600000e-04	0.000000e+00	-5.510000e-12	1.600000e-04	0.000000e+00	-1.600000e-04
381,5.600000000000001e+00	5.600000e+00	4.000000e+00	-1.600000e-04	0.000000e+00	-5.610000e-12	1.600000e-04	0.000000e+00	-1.600000e-04
382,5.700000000000000e+00	5.700000e+00	4.000000e+00	-1.600000e-04	0.000000e+00	-5.710000e-12	1.600000e-04	0.000000e+00	-1.600000e-04
383,5.800000000000001e+00	5.800000e+00	4.000000e+00	-1.600000e-04	0.000000e+00	-5.810000e-12	1.600000e-04	0.000000e+00	-1.600000e-04
384,5.900000000000000e+00	5.900000e+00	4.000000e+00	-1.600000e-04	0.000000e+00	-5.910000e-12	1.600000e-04	0.000000e+00	-1.600000e-04
385,6.000000000000000e+00	6.000000e+00	4.000000e+00	-1.600000e-04	0.000000e+00	-6.010000e-12	1.600000e-04	0.000000e+00	-1.600000e-04
386,6.100000000000001e+00	6.100000e+00	4.000000e+00	-1.600000e-04	0.000000e+00	-6.110000e-12	1.600000e-04	0.000000e+00	-1.600000e-04
387,6.200000000000000e+00	6.200000e+00	4.000000e+00	-1.600000e-04	0.000000e+00	-6.210000e-12	1.600000e-04	0.000000e+00	-1.600000e-04
388,6.300000000000001e+00	6.300000e+00	4.000000e+00	-1.600000e-04	0.000000e+00	-6.310000e-12	1.600000e-04	0.000000e+00	-1.600000e-04
389,6.400000000000000e+00	6.400000e+00	4.000000e+00	-1.600000e-04	0.000000e+00	-6.410000e-12	1.600000e-04	0.000000e+00	-1.600000e-04
390,6.500000000000000e+00	6.500000e+00	4.000000e+00	-1.600000e-04	0.000000e+00	-6.510000e-12	1.600000e-04	0.000000e+00	-1.600000e-04
391,6.600000000000001e+00	6.600000e+00	4.000000e+00	-1.600000e-04	0.000000e+00	-6.610000e-12	1.600000e-04	0.000000e+00	-1.600000e-04
392,6.700000000000000e+00	6.700000e+00	4.000000e+00	-1.600000e-04	0.000000e+00	-6.710000e-12	1.600000e-04	0.000000e+00	-1.600000e-04
393,6.800000000000001e+00	6.800000e+00	4.000000e+00	-1.600000e-04	0.000000e+00	-6.810000e-12	1.600000e-04	0.000000e+00	-1.600000e-04
394,6.900000000000000e+00	6.900000e+00	4.000000e+00	-1.600000e-04	0.000000e+00	-6.910000e-12	1.600000e-04	0.000000e+00	-1.600000e-04
395,7.000000000000000e+00	7.000000e+00	4.000000e+00	-1.600000e-04	0.000000e+00	-7.010000e-12	1.600000e-04	0.000000e+00	-1.600000e-04
396,7.100000000000001e+00	7.100000e+00	4.000000e+00	-1.600000e-04	0.000000e+00	-7.110000e-12	1.600000e-04	0.000000e+00	-1.600000e-04
397,7.200000000000000e+00	7.200000e+00	4.000000e+00	-1.600000e-04	0.000000e+00	-7.210000e-12	1.600000e-04	0.000000e+00	-1.600000e-04
398,7.300000000000001e+00	7.300000e+00	4.000000e+00	-1.600000e-04	0.000000e+00	-7.310000e-12	1.600000e-04	0.000000e+00	-1.600000e-04
399,7.400000000000000e+00	7.400000e+00	4.000000e+00	-1.600000e-04	0.000000e+00	-7.410000e-12	1.600000e-04	0.000000e+00	-1.600000e-04
400,7.500000000000000e+00	7.500000e+00	4.000000e+00	-1.600000e-04	0.000000e+00	-7.510000e-12	1.600000e-04	0.000000e+00	-1.600000e-04
401,7.600000000000001e+00	7.600000e+00	4.000000e+00	-1.600000e-04	0.000000e+00	-7.610000e-12	1.600000e-04	0.000000e+00	-1.600000e-04
402,7.700000000000000e+00	7.700000e+00	4.000000e+00	-1.600000e-04	0.000000e+00	-7.710000e-12	1.600000e-04	0.000000e+00	-1.600000e-04
403,7.800000000000001e+00	7.800000e+00	4.000000e+00	-1.600000e-04	0.000000e+00	-7.810000e-12	1.600000e-04	0.000000e+00	-1.600000e-04
404,7.900000000000000e+00	7.900000e+00	4.000000e+00	-1.600000e-04	0.000000e+00	-7.910000e-12	1.600000e-04	0.000000e+00	-1.600000e-04
405,8.000000000000000e+00	8.000000e+00	4.000000e+00	-1.600000e-04	0.000000e+00	-8.010000e-12	1.600000e-04	0.000000e+00	-1.600000e-04
406,8.100000000000000e+00	8.100000e+00	4.000000e+00	-1.600000e-04	0.000000e+00	-8.110000e-12	1.600000e-04	0.000000e+00	-1.600000e-04
407,8.200000000000001e+00	8.200000e+00	4.000000e+00	-1.600000e-04	0.000000e+00	-8.210000e-12	1.600000e-04	0.000000e+00	-1.600000e-04
408,8.300000000000001e+00	8.300000e+00	4.000000e+00	-1.600000e-04	0.000000e+00	-8.310000e-12	1.600000e-04	0.000000e+00	-1.600000e-04
409,8.400000000000000e+00	8.400000e+00	4.000000e+00	-1.600000e-04	0.000000e+00	-8.410000e-12	1.600000e-04	0.000000e+00	-1.600000e-04
410,8.500000000000000e+00	8.500000e+00	4.000000e+00	-1.600000e-04	0.000000e+00	-8.510000e-12	1.600000e-04	0.000000e+00	-1.600000e-04
411,8.600000000000000e+00	8.600000e+00	4.000000e+00	-1.600000e-04	0.000000e+00	-8.610000e-12	1.600000e-04	0.000000e+00	-1.600000e-04
412,8.700000000000001e+00	8.700000e+00	4.000000e+00	-1.600000e-04	0.000000e+00	-8.710000e-12	1.600000e-04	0.000000e+00	-1.600000e-04
413,8.800000000000001e+00	8.800000e+00	4.000000e+00	-1.600000e-04	0.000000e+00	-8.810000e-12	1.600000e-04	0.000000e+00	-1.600000e-04
414,8.900000000000000e+00	8.900000e+00	4.000000e+00	-1.600000e-04	0.000000e+00	-8.910000e-12	1.600000e-04	0.000000e+00	-1.600000e-04
415,9.000000000000000e+00	9.000000e+00	4.000000e+00	-1.600000e-04	0.000000e+00	-9.010000e-12	1.600000e-04	0.000000e+00	-1.600000e-04
416,9.100000000000000e+00	9.100000e+00	4.000000e+00	-1.600000e-04	0.000000e+00	-9.110000e-12	1.600000e-04	0.000000e+00	-1.600000e-04
417,9.200000000000001e+00	9.200000e+00	4.000000e+00	-1.600000e-04	0.000000e+00	-9.210000e-12	1.600000e-04	0.000000e+00	-1.600000e-04
418,9.300000000000001e+00	9.300000e+00	4.000000e+00	-1.600000e-04	0.000000e+00	-9.310000e-12	1.600000e-04	0.000000e+00	-1.600000e-04
419,9.400000000000000e+00	9.400000e+00	4.000000e+00	-1.600000e-04	0.000000e+00	-9.410000e-12	1.600000e-04	0.000000e+00	-1.600000e-04
420,9.500000000000000e+00	9.500000e+00	4.000000e+00	-1.600000e-04	0.000000e+00	-9.510000e-12	1.600000e-04	0.000000e+00	-1.600000e-04
421,9.600000000000001e+00	9.600000e+00	4.000000e+00	-1.600000e-04	0.000000e+00	-9.610000e-12	1.600000e-04	0.000000e+00	-1.600000e-04
422,9.700000000000001e+00	9.700000e+00	4.000000e+00	-1.600000e-04	0.000000e+00	-9.710000e-12	1.600000e-04	0.000000e+00	-1.600000e-04
423,9.800000000000001e+00	9.800000e+00	4.000000e+00	-1.600000e-04	0.000000e+00	-9.810000e-12	1.600000e-04	0.000000e+00	-1.600000e-04
424,9.900000000000000e+00	9.900000e+00	4.000000e+00	-1.600000e-04	0.000000e+00	-9.910000e-12	1.600000e-04	0.000000e+00	-1.600000e-04
425,1.000000000000000e+01	1.000000e+01	4.000000e+00	-1.600000e-04	0.000000e+00	-1.001000e-11	1.600000e-04	0.000000e+00	-1.600000e-04
426,1.010000000000000e+01	1.010000e+01	4.000000e+00	-1.600000e-04	0.000000e+00	-1.011000e-11	1.600000e-04	0.000000e+00	-1.600000e-04
427,1.020000000000000e+01	1.020000e+01	4.000000e+00	-1.600000e-04	0.000000e+00	-1.021000e-11	1.600000e-04	0.000000e+00	-1.600000e-04
428,1.030000000000000e+01	1.030000e+01	4.000000e+00	-1.600000e-04	0.000000e+00	-1.031000e-11	1.600000e-04	0.000000e+00	-1.600000e-04
429,1.040000000000000e+01	1.040000e+01	4.000000e+00	-1.600000e-04	0.000000e+00	-1.041000e-11	1.600000e-04	0.000000e+00	-1.600000e-04
430,1.050000000000000e+01	1.050000e+01	4.000000e+00	-1.600000e-04	0.000000e+00	-1.051000e-11	1.600000e-04	0.000000e+00	-1.600000e-04
431,1.060000000000000e+01	1.060000e+01	4.000000e+00	-1.600000e-04	0.000000e+00	-1.061000e-11	1.600000e-04	0.000000e+00	-1.600000e-04
432,1.070000000000000e+01	1.070000e+01	4.000000e+00	-1.600000e-04	0.000000e+00	-1.071000e-11	1.600000e-04	0.000000e+00	-1.600000e-04
433,1.080000000000000e+01	1.080000e+01	4.000000e+00	-1.600000e-04	0.000000e+00	-1.081000e-11	1.600000e-04	0.000000e+00	-1.600000e-04
434,1.090000000000000e+01	1.090000e+01	4.000000e+00	-1.600000e-04	0.000000e+00	-1.091000e-11	1.600000e-04	0.000000e+00	-1.600000e-04
435,1.100000000000000e+01	1.100000e+01	4.000000e+00	-1.600000e-04	0.000000e+00	-1.101000e-11	1.600000e-04	0.000000e+00	-1.600000e-04
436,1.110000000000000e+01	1.110000e+01	4.000000e+00	-1.600000e-04	0.000000e+00	-1.111000e-11	1.600000e-04	0.000000e+00	-1.600000e-04
437,1.120000000000000e+01	1.120000e+01	4.000000e+00	-1.600000e-04	0.000000e+00	-1.121000e-11	1.600000e-04	0.000000e+00	-1.600000e-04
438,1.130000000000000e+01	1.130000e+01	4.000000e+00	-1.600000e-04	0.000000e+00	-1.131000e-11	1.600000e-04	0.000000e+00	-1.600000e-04
439,1.140000000000000e+01	1.140000e+01	4.000000e+00	-1.600000e-04	0.000000e+00	-1.141000e-11	1.600000e-04	0.000000e+00	-1.600000e-04
440,1.150000000000000e+01	1.150000e+01	4.000000e+00	-1.600000e-04	0.000000e+00	-1.151000e-11	1.600000e-04	0.000000e+00	-1.600000e-04
441,1.160000000000000e+01	1.160000e+01	4.000000e+00	-1.600000e-04	0.000000e+00	-1.161000e-11	1.600000e-04	0.000000e+00	-1.600000e-04
442,1.170000000000000e+01	1.170000e+01	4.000000e+00	-1.600000e-04	0.000000e+00	-1.171000e-11	1.600000e-04	0.000000e+00	-1.600000e-04
443,1.180000000000000e+01	1.180000e+01	4.000000e+00	-1.600000e-04	0.000000e+00	-1.181000e-11	1.600000e-04	0.000000e+00	-1.600000e-04
444,1.190000000000000e+01	1.190000e+01	4.000000e+00	-1.600000e-04	0.000000e+00	-1.191000e-11	1.600000e-04	0.000000e+00	-1.600000e-04
445,1.200000000000000e+01	1.200000e+01	4.000000e+00	-1.600000e-04	0.000000e+00	-1.201000e-11	1.600000e-04	0.000000e+00	-1.600000e-04
446,1.210000000000000e+01	1.210000e+01	4.000000e+00	-1.600000e-04	0.000000e+00	-1.211000e-11	1.600000e-04	0.000000e+00	-1.600000e-04
447,1.220000000000000e+01	1.220000e+01	4.000000e+00	-1.600000e-04	0.000000e+00	-1.221000e-11	1.600000e-04	0.000000e+00	-1.600000e-04
448,1.230000000000000e+01	1.230000e+01	4.000000e+00	-1.600000e-04	0.000000e+00	-1.231000e-11	1.600000e-04	0.000000e+00	-1.600000e-04
449,1.240000000000000e+01	1.240000e+01	4.000000e+00	-1.600000e-04	0.000000e+00	-1.241000e-11	1.600000e-04	0.000000e+00	-1.600000e-04
450,1.250000000000000e+01	1.250000e+01	4.000000e+00	-1.600000e-04	0.000000e+00	-1.251000e-11	1.600000e-04	0.000000e+00	-1.600000e-04
451,1.260000000000000e+01	1.260000e+01	4.000000e+00	-1.600000e-04	0.000000e+00	-1.261000e-11	1.600000e-04	0.000000e+00	-1.600000e-04
452,1.270000000000000e+01	1.270000e+01	4.000000e+00	-1.600000e-04	0.000000e+00	-1.271000e-11	1.600000e-04	0.000000e+00	-1.600000e-04
453,1.280000000000000e+01	1.280000e+01	4.000000e+00	-1.600000e-04	0.000000e+00	-1.281000e-11	1.600000e-04	0.000000e+00	-1.600000e-04
454,1.290000000000000e+01	1.290000e+01	4.000000e+00	-1.600000e-04	0.000000e+00	-1.291000e-11	1.600000e-04	0.000000e+00	-1.600000e-04
455,1.300000000000000e+01	1.300000e+01	4.000000e+00	-1.600000e-04	0.000000e+00	-1.301000e-11	1.600000e-04	0.000000e+00	-1.600000e-04
456,1.310000000000000e+01	1.310000e+01	4.000000e+00	-1.600000e-04	0.000000e+00	-1.311000e-11	1.600000e-04	0.000000e+00	-1.600000e-04
457,1.320000000000000e+01	1.320000e+01	4.000000e+00	-1.600000e-04	0.000000e+00	-1.321000e-11	1.600000e-04	0.000000e+00	-1.600000e-04
458,1.330000000000000e+01	1.330000e+01	4.000000e+00	-1.600000e-04	0.000000e+00	-1.331000e-11	1.600000e-04	0.000000e+00	-1.600000e-04
459,1.340000000000000e+01	1.340000e+01	4.000000e+00	-1.600000e-04	0.000000e+00	-1.341000e-11	1.600000e-04	0.000000e+00	-1.600000e-04
460,1.350000000000000e+01	1.350000e+01	4.000000e+00	-1.600000e-04	0.000000e+00	-1.351000e-11	1.600000e-04	0.000000e+00	-1.600000e-04
461,1.360000000000000e+01	1.360000e+01	4.000000e+00	-1.600000e-04	0.000000e+00	-1.361000e-11	1.600000e-04	0.000000e+00	-1.600000e-04
462,1.370000000000000e+01	1.370000e+01	4.000000e+00	-1.600000e-04	0.000000e+00	-1.371000e-11	1.600000e-04	0.000000e+00	-1.600000e-04
463,1.380000000000000e+01	1.380000e+01	4.000000e+00	-1.600000e-04	0.000000e+00	-1.381000e-11	1.600000e-04	0.000000e+00	-1.600000e-04
464,1.390000000000000e+01	1.390000e+01	4.000000e+00	-1.600000e-04	0.000000e+00	-1.391000e-11	1.600000e-04	0.000000e+00	-1.600000e-04
465,1.400000000000000e+01	1.400000e+01	4.000000e+00	-1.600000e-04	0.000000e+00	-1.401000e-11	1.600000e-04	0.000000e+00	-1.600000e-04
466,1.410000000000000e+01	1.410000e+01	4.000000e+00	-1.600000e-04	0.000000e+00	-1.411000e-11	1.600000e-04	0.000000e+00	-1.600000e-04
467,1.420000000000000e+01	1.420000e+01	4.000000e+00	-1.600000e-04	0.000000e+00	-1.421000e-11	1.600000e-04	0.000000e+00	-1.600000e-04
468,1.430000000000000e+01	1.430000e+01	4.000000e+00	-1.600000e-04	0.000000e+00	-1.431000e-11	1.600000e-04	0.000000e+00	-1.600000e-04
469,1.440000000000000e+01	1.440000e+01	4.000000e+00	-1.600000e-04	0.000000e+00	-1.441000e-11	1.600000e-04	0.000000e+00	-1.600000e-04
470,1.450000000000000e+01	1.450000e+01	4.000000e+00	-1.600000e-04	0.000000e+00	-1.451000e-11	1.600000e-04	0.000000e+00	-1.600000e-04
471,1.460000000000000e+01	1.460000e+01	4.000000e+00	-1.600000e-04	0.000000e+00	-1.461000e-11	1.600000e-04	0.000000e+00	-1.600000e-04
472,1.470000000000000e+01	1.470000e+01	4.000000e+00	-1.600000e-04	0.000000e+00	-1.471000e-11	1.600000e-04	0.000000e+00	-1.600000e-04
473,1.480000000000000e+01	1.480000e+01	4.000000e+00	-1.600000e-04	0.000000e+00	-1.481000e-11	1.600000e-04	0.000000e+00	-1.600000e-04
474,1.490000000000000e+01	1.490000e+01	4.000000e+00	-1.600000e-04	0.000000e+00	-1.491000e-11	1.600000e-04	0.000000e+00	-1.600000e-04
475,1.500000000000000e+01	1.500000e+01	4.000000e+00	-1.600000e-04	0.000000e+00	-1.501000e-11	1.600000e-04	0.000000e+00	-1.600000e-04
476,1.510000000000000e+01	1.510000e+01	4.000000e+00	-1.600000e-04	0.000000e+00	-1.511000e-11	1.600000e-04	0.000000e+00	-1.600000e-04
477,1.520000000000000e+01	1.520000e+01	4.000000e+00	-1.600000e-04	0.000000e+00	-1.521000e-11	1.600000e-04	0.000000e+00	-1.600000e-04
478,1.530000000000000e+01	1.530000e+01	4.000000e+00	-1.600000e-04	0.000000e+00	-1.531000e-11	1.600000e-04	0.000000e+00	-1.600000e-04
479,1.540000000000000e+01	1.540000e+01	4.000000e+00	-1.600000e-04	0.000000e+00	-1.541000e-11	1.600000e-04	0.000000e+00	-1.600000e-04
480,1.550000000000000e+01	1.550000e+01	4.000000e+00	-1.600000e-04	0.000000e+00	-1.551000e-11	1.600000e-04	0.000000e+00	-1.600000e-04
481,1.560000000000000e+01	1.560000e+01	4.000000e+00	-1.600000e-04	0.000000e+00	-1.561000e-11	1.600000e-04	0.000000e+00	-1.600000e-04
482,1.570000000000000e+01	1.570000e+01	4.000000e+00	-1.600000e-04	0.000000e+00	-1.571000e-11	1.600000e-04	0.000000e+00	-1.600000e-04
483,1.580000000000000e+01	1.580000e+01	4.000000e+00	-1.600000e-04	0.000000e+00	-1.581000e-11	1.600000e-04	0.000000e+00	-1.600000e-04
484,1.590000000000000e+01	1.590000e+01	4.000000e+00	-1.600000e-04	0.000000e+00	-1.591000e-11	1.600000e-04	0.000000e+00	-1.600000e-04
485,1.600000000000000e+01	1.600000e+01	4.000000e+00	-1.600000e-04	0.000000e+00	-1.601000e-11	1.600000e-04	0.000000e+00	-1.600000e-04
486,Step Information: Vin=6  (Step: 4/5)
487,0.000000000000000e+00	0.000000e+00	6.000000e+00	0.000000e+00	0.000000e+00	0.000000e+00	0.000000e+00	0.000000e+00	-0.000000e+00
488,1.000000000000000e-01	1.000000e-01	6.000000e+00	-1.190000e-05	0.000000e+00	-1.097906e-13	1.190000e-05	0.000000e+00	-1.190000e-05
489,2.000000000000000e-01	2.000000e-01	6.000000e+00	-2.360000e-05	0.000000e+00	-2.099956e-13	2.360000e-05	0.000000e+00	-2.360000e-05
490,3.000000000000000e-01	3.000000e-01	6.000000e+00	-3.510000e-05	0.000000e+00	-3.099999e-13	3.510000e-05	0.000000e+00	-3.510000e-05
491,4.000000000000000e-01	4.000000e-01	6.000000e+00	-4.640000e-05	0.000000e+00	-4.100000e-13	4.640000e-05	0.000000e+00	-4.640000e-05
492,5.000000000000000e-01	5.000000e-01	6.000000e+00	-5.750000e-05	0.000000e+00	-5.100000e-13	5.750000e-05	0.000000e+00	-5.750000e-05
493,6.000000000000001e-01	6.000000e-01	6.000000e+00	-6.840000e-05	0.000000e+00	-6.100000e-13	6.840000e-05	0.000000e+00	-6.840000e-05
494,7.000000000000001e-01	7.000000e-01	6.000000e+00	-7.910000e-05	0.000000e+00	-7.100000e-13	7.910000e-05	0.000000e+00	-7.910000e-05
495,8.000000000000000e-01	8.000000e-01	6.000000e+00	-8.960000e-05	0.000000e+00	-8.100000e-13	8.960000e-05	0.000000e+00	-8.960000e-05
496,9.000000000000000e-01	9.000000e-01	6.000000e+00	-9.990000e-05	0.000000e+00	-9.100000e-13	9.990000e-05	0.000000e+00	-9.990000e-05
497,1.000000000000000e+00	1.000000e+00	6.000000e+00	-1.100000e-04	0.000000e+00	-1.010000e-12	1.100000e-04	0.000000e+00	-1.100000e-04
498,1.100000000000000e+00	1.100000e+00	6.000000e+00	-1.199000e-04	0.000000e+00	-1.110000e-12	1.199000e-04	0.000000e+00	-1.199000e-04
499,1.200000000000000e+00	1.200000e+00	6.000000e+00	-1.296000e-04	0.000000e+00	-1.210000e-12	1.296000e-04	0.000000e+00	-1.296000e-04
500,1.300000000000000e+00	1.300000e+00	6.000000e+00	-1.391000e-04	0.000000e+00	-1.310000e-12	1.391000e-04	0.000000e+00	-1.391000e-04
501,1.400000000000000e+00	1.400000e+00	6.000000e+00	-1.484000e-04	0.000000e+00	-1.410000e-12	1.484000e-04	0.000000e+00	-1.484000e-04
502,1.500000000000000e+00	1.500000e+00	6.000000e+00	-1.575000e-04	0.000000e+00	-1.510000e-12	1.575000e-04	0.000000e+00	-1.575000e-04
503,1.600000000000000e+00	1.600000e+00	6.000000e+00	-1.664000e-04	0.000000e+00	-1.610000e-12	1.664000e-04	0.000000e+00	-1.664000e-04
504,1.700000000000000e+00	1.700000e+00	6.000000e+00	-1.751000e-04	0.000000e+00	-1.710000e-12	1.751000e-04	0.000000e+00	-1.751000e-04
505,1.800000000000000e+00	1.800000e+00	6.000000e+00	-1.836000e-04	0.000000e+00	-1.810000e-12	1.836000e-04	0.000000e+00	-1.836000e-04
506,1.900000000000000e+00	1.900000e+00	6.000000e+00	-1.919000e-04	0.000000e+00	-1.910000e-12	1.919000e-04	0.000000e+00	-1.919000e-04
507,2.000000000000000e+00	2.000000e+00	6.000000e+00	-2.000000e-04	0.000000e+00	-2.010000e-12	2.000000e-04	0.000000e+00	-2.000000e-04
508,2.100000000000000e+00	2.100000e+00	6.000000e+00	-2.079000e-04	0.000000e+00	-2.110000e-12	2.079000e-04	0.000000e+00	-2.079000e-04
509,2.200000000000000e+00	2.200000e+00	6.000000e+00	-2.156000e-04	0.000000e+00	-2.210000e-12	2.156000e-04	0.000000e+00	-2.156000e-04
510,2.300000000000000e+00	2.300000e+00	6.000000e+00	-2.231000e-04	0.000000e+00	-2.310000e-12	2.231000e-04	0.000000e+00	-2.231000e-04
511,2.400000000000000e+00	2.400000e+00	6.000000e+00	-2.304000e-04	0.000000e+00	-2.410000e-12	2.304000e-04	0.000000e+00	-2.304000e-04
512,2.500000000000000e+00	2.500000e+00	6.000000e+00	-2.375000e-04	0.000000e+00	-2.510000e-12	2.375000e-04	0.000000e+00	-2.375000e-04
513,2.600000000000000e+00	2.600000e+00	6.000000e+00	-2.444000e-04	0.000000e+00	-2.610000e-12	2.444000e-04	0.000000e+00	-2.444000e-04
514,2.700000000000000e+00	2.700000e+00	6.000000e+00	-2.511000e-04	0.000000e+00	-2.710000e-12	2.511000e-04	0.000000e+00	-2.511000e-04
515,2.800000000000000e+00	2.800000e+00	6.000000e+00	-2.576000e-04	0.000000e+00	-2.810000e-12	2.576000e-04	0.000000e+00	-2.576000e-04
516,2.900000000000000e+00	2.900000e+00	6.000000e+00	-2.639000e-04	0.000000e+00	-2.910000e-12	2.639000e-04	0.000000e+00	-2.639000e-04
517,3.000000000000000e+00	3.000000e+00	6.000000e+00	-2.700000e-04	0.000000e+00	-3.010000e-12	2.700000e-04	0.000000e+00	-2.700000e-04
518,3.100000000000000e+00	3.100000e+00	6.000000e+00	-2.759000e-04	0.000000e+00	-3.110000e-12	2.759000e-04	0.000000e+00	-2.759000e-04
519,3.200000000000000e+00	3.200000e+00	6.000000e+00	-2.816000e-04	0.000000e+00	-3.210000e-12	2.816000e-04	0.000000e+00	-2.816000e-04
520,3.300000000000000e+00	3.300000e+00	6.000000e+00	-2.871000e-04	0.000000e+00	-3.310000e-12	2.871000e-04	0.000000e+00	-2.871000e-04
521,3.400000000000000e+00	3.400000e+00	6.000000e+00	-2.924000e-04	0.000000e+00	-3.410000e-12	2.924000e-04	0.000000e+00	-2.924000e-04
522,3.500000000000000e+00	3.500000e+00	6.000000e+00	-2.975000e-04	0.000000e+00	-3.510000e-12	2.975000e-04	0.000000e+00	-2.975000e-04
523,3.600000000000000e+00	3.600000e+00	6.000000e+00	-3.024000e-04	0.000000e+00	-3.610000e-12	3.024000e-04	0.000000e+00	-3.024000e-04
524,3.700000000000000e+00	3.700000e+00	6.000000e+00	-3.071000e-04	0.000000e+00	-3.710000e-12	3.071000e-04	0.000000e+00	-3.071000e-04
525,3.800000000000000e+00	3.800000e+00	6.000000e+00	-3.116000e-04	0.000000e+00	-3.810000e-12	3.116000e-04	0.000000e+00	-3.116000e-04
526,3.900000000000000e+00	3.900000e+00	6.000000e+00	-3.159000e-04	0.000000e+00	-3.910000e-12	3.159000e-04	0.000000e+00	-3.159000e-04
527,4.000000000000000e+00	4.000000e+00	6.000000e+00	-3.200000e-04	0.000000e+00	-4.010000e-12	3.200000e-04	0.000000e+00	-3.200000e-04
528,4.100000000000001e+00	4.100000e+00	6.000000e+00	-3.239000e-04	0.000000e+00	-4.110000e-12	3.239000e-04	0.000000e+00	-3.239000e-04
529,4.200000000000000e+00	4.200000e+00	6.000000e+00	-3.276000e-04	0.000000e+00	-4.210000e-12	3.276000e-04	0.000000e+00	-3.276000e-04
530,4.300000000000000e+00	4.300000e+00	6.000000e+00	-3.311000e-04	0.000000e+00	-4.310000e-12	3.311000e-04	0.000000e+00	-3.311000e-04
531,4.400000000000000e+00	4.400000e+00	6.000000e+00	-3.344000e-04	0.000000e+00	-4.410000e-12	3.344000e-04	0.000000e+00	-3.344000e-04
532,4.500000000000000e+00	4.500000e+00	6.000000e+00	-3.375000e-04	0.000000e+00	-4.510000e-12	3.375000e-04	0.000000e+00	-3.375000e-04
533,4.600000000000001e+00	4.600000e+00	6.000000e+00	-3.404000e-04	0.000000e+00	-4.610000e-12	3.404000e-04	0.000000e+00	-3.404000e-04
534,4.700000000000000e+00	4.700000e+00	6.000000e+00	-3.431000e-04	0.000000e+00	-4.710000e-12	3.431000e-04	0.000000e+00	-3.431000e-04
535,4.800000000000001e+00	4.800000e+00	6.000000e+00	-3.456000e-04	0.000000e+00	-4.810000e-12	3.456000e-04	0.000000e+00	-3.456000e-04
536,4.900000000000000e+00	4.900000e+00	6.000000e+00	-3.479000e-04	0.000000e+00	-4.910000e-12	3.479000e-04	0.000000e+00	-3.479000e-04
537,5.000000000000000e+00	5.000000e+00	6.000000e+00	-3.500000e-04	0.000000e+00	-5.010000e-12	3.500000e-04	0.000000e+00	-3.500000e-04
538,5.100000000000001e+00	5.100000e+00	6.000000e+00	-3.519000e-04	0.000000e+00	-5.110000e-12	3.519000e-04	0.000000e+00	-3.519000e-04
539,5.200000000000000e+00	5.200000e+00	6.000000e+00	-3.536000e-04	0.000000e+00	-5.210000e-12	3.536000e-04	0.000000e+00	-3.536000e-04
540,5.300000000000001e+00	5.300000e+00	6.000000e+00	-3.551000e-04	0.000000e+00	-5.310000e-12	3.551000e-04	0.000000e+00	-3.551000e-04
541,5.400000000000000e+00	5.400000e+00	6.000000e+00	-3.564000e-04	0.000000e+00	-5.410000e-12	3.564000e-04	0.000000e+00	-3.564000e-04
542,5.500000000000000e+00	5.500000e+00	6.000000e+00	-3.575000e-04	0.000000e+00	-5.510000e-12	3.575000e-04	0.000000e+00	-3.575000e-04
543,5.600000000000001e+00	5.600000e+00	6.000000e+00	-3.584000e-04	0.000000e+00	-5.610000e-12	3.584000e-04	0.000000e+00	-3.584000e-04
544,5.700000000000000e+00	5.700000e+00	6.000000e+00	-3.591000e-04	0.000000e+00	-5.710000e-12	3.591000e-04	0.000000e+00	-3.591000e-04
545,5.800000000000001e+00	5.800000e+00	6.000000e+00	-3.596000e-04	0.000000e+00	-5.810000e-12	3.596000e-04	0.000000e+00	-3.596000e-04
546,5.900000000000000e+00	5.900000e+00	6.000000e+00	-3.599000e-04	0.000000e+00	-5.910000e-12	3.599000e-04	0.000000e+00	-3.599000e-04
547,6.000000000000000e+00	6.000000e+00	6.000000e+00	-3.600000e-04	0.000000e+00	-6.010000e-12	3.600000e-04	0.000000e+00	-3.600000e-04
548,6.100000000000001e+00	6.100000e+00	6.000000e+00	-3.600000e-04	0.000000e+00	-6.110000e-12	3.600000e-04	0.000000e+00	-3.600000e-04
549,6.200000000000000e+00	6.200000e+00	6.000000e+00	-3.600000e-04	0.000000e+00	-6.210000e-12	3.600000e-04	0.000000e+00	-3.600000e-04
550,6.300000000000001e+00	6.300000e+00	6.000000e+00	-3.600000e-04	0.000000e+00	-6.310000e-12	3.600000e-04	0.000000e+00	-3.600000e-04
551,6.400000000000000e+00	6.400000e+00	6.000000e+00	-3.600000e-04	0.000000e+00	-6.410000e-12	3.600000e-04	0.000000e+00	-3.600000e-04
552,6.500000000000000e+00	6.500000e+00	6.000000e+00	-3.600000e-04	0.000000e+00	-6.510000e-12	3.600000e-04	0.000000e+00	-3.600000e-04
553,6.600000000000001e+00	6.600000e+00	6.000000e+00	-3.600000e-04	0.000000e+00	-6.610000e-12	3.600000e-04	0.000000e+00	-3.600000e-04
554,6.700000000000000e+00	6.700000e+00	6.000000e+00	-3.600000e-04	0.000000e+00	-6.710000e-12	3.600000e-04	0.000000e+00	-3.600000e-04
555,6.800000000000001e+00	6.800000e+00	6.000000e+00	-3.600000e-04	0.000000e+00	-6.810000e-12	3.600000e-04	0.000000e+00	-3.600000e-04
556,6.900000000000000e+00	6.900000e+00	6.000000e+00	-3.600000e-04	0.000000e+00	-6.910000e-12	3.600000e-04	0.000000e+00	-3.600000e-04
557,7.000000000000000e+00	7.000000e+00	6.000000e+00	-3.600000e-04	0.000000e+00	-7.010000e-12	3.600000e-04	0.000000e+00	-3.600000e-04
558,7.100000000000001e+00	7.100000e+00	6.000000e+00	-3.600000e-04	0.000000e+00	-7.110000e-12	3.600000e-04	0.000000e+00	-3.600000e-04
559,7.200000000000000e+00	7.200000e+00	6.000000e+00	-3.600000e-04	0.000000e+00	-7.210000e-12	3.600000e-04	0.000000e+00	-3.600000e-04
560,7.300000000000001e+00	7.300000e+00	6.000000e+00	-3.600000e-04	0.000000e+00	-7.310000e-12	3.600000e-04	0.000000e+00	-3.600000e-04
561,7.400000000000000e+00	7.400000e+00	6.000000e+00	-3.600000e-04	0.000000e+00	-7.410000e-12	3.600000e-04	0.000000e+00	-3.600000e-04
562,7.500000000000000e+00	7.500000e+00	6.000000e+00	-3.600000e-04	0.000000e+00	-7.510000e-12	3.600000e-04	0.000000e+00	-3.600000e-04
563,7.600000000000001e+00	7.600000e+00	6.000000e+00	-3.600000e-04	0.000000e+00	-7.610000e-12	3.600000e-04	0.000000e+00	-3.600000e-04
564,7.700000000000000e+00	7.700000e+00	6.000000e+00	-3.600000e-04	0.000000e+00	-7.710000e-12	3.600000e-04	0.000000e+00	-3.600000e-04
565,7.800000000000001e+00	7.800000e+00	6.000000e+00	-3.600000e-04	0.000000e+00	-7.810000e-12	3.600000e-04	0.000000e+00	-3.600000e-04
566,7.900000000000000e+00	7.900000e+00	6.000000e+00	-3.600000e-04	0.000000e+00	-7.910000e-12	3.600000e-04	0.000000e+00	-3.600000e-04
567,8.000000000000000e+00	8.000000e+00	6.000000e+00	-3.600000e-04	0.000000e+00	-8.010000e-12	3.600000e-04	0.000000e+00	-3.600000e-04
568,8.100000000000000e+00	8.100000e+00	6.000000e+00	-3.600000e-04	0.000000e+00	-8.110000e-12	3.600000e-04	0.000000e+00	-3.600000e-04
569,8.200000000000001e+00	8.200000e+00	6.000000e+00	-3.600000e-04	0.000000e+00	-8.210000e-12	3.600000e-04	0.000000e+00	-3.600000e-04
570,8.300000000000001e+00	8.300000e+00	6.000000e+00	-3.600000e-04	0.000000e+00	-8.310000e-12	3.600000e-04	0.000000e+00	-3.600000e-04
571,8.400000000000000e+00	8.400000e+00	6.000000e+00	-3.600000e-04	0.000000e+00	-8.410000e-12	3.600000e-04	0.000000e+00	-3.600000e-04
572,8.500000000000000e+00	8.500000e+00	6.000000e+00	-3.600000e-04	0.000000e+00	-8.510000e-12	3.600000e-04	0.000000e+00	-3.600000e-04
573,8.600000000000000e+00	8.600000e+00	6.000000e+00	-3.600000e-04	0.000000e+00	-8.610000e-12	3.600000e-04	0.000000e+00	-3.600000e-04
574,8.700000000000001e+00	8.700000e+00	6.000000e+00	-3.600000e-04	0.000000e+00	-8.710000e-12	3.600000e-04	0.000000e+00	-3.600000e-04
575,8.800000000000001e+00	8.800000e+00	6.000000e+00	-3.600000e-04	0.000000e+00	-8.810000e-12	3.600000e-04	0.000000e+00	-3.600000e-04
576,8.900000000000000e+00	8.900000e+00	6.000000e+00	-3.600000e-04	0.000000e+00	-8.910000e-12	3.600000e-04	0.000000e+00	-3.600000e-04
577,9.000000000000000e+00	9.000000e+00	6.000000e+00	-3.600000e-04	0.000000e+00	-9.010000e-12	3.600000e-04	0.000000e+00	-3.600000e-04
578,9.100000000000000e+00	9.100000e+00	6.000000e+00	-3.600000e-04	0.000000e+00	-9.110000e-12	3.600000e-04	0.000000e+00	-3.600000e-04
579,9.200000000000001e+00	9.200000e+00	6.000000e+00	-3.600000e-04	0.000000e+00	-9.210000e-12	3.600000e-04	0.000000e+00	-3.600000e-04
580,9.300000000000001e+00	9.300000e+00	6.000000e+00	-3.600000e-04	0.000000e+00	-9.310000e-12	3.600000e-04	0.000000e+00	-3.600000e-04
581,9.400000000000000e+00	9.400000e+00	6.000000e+00	-3.600000e-04	0.000000e+00	-9.410000e-12	3.600000e-04	0.000000e+00	-3.600000e-04
582,9.500000000000000e+00	9.500000e+00	6.000000e+00	-3.600000e-04	0.000000e+00	-9.510000e-12	3.600000e-04	0.000000e+00	-3.600000e-04
583,9.600000000000001e+00	9.600000e+00	6.000000e+00	-3.600000e-04	0.000000e+00	-9.610000e-12	3.600000e-04	0.000000e+00	-3.600000e-04
584,9.700000000000001e+00	9.700000e+00	6.000000e+00	-3.600000e-04	0.000000e+00	-9.710000e-12	3.600000e-04	0.000000e+00	-3.600000e-04
585,9.800000000000001e+00	9.800000e+00	6.000000e+00	-3.600000e-04	0.000000e+00	-9.810000e-12	3.600000e-04	0.000000e+00	-3.600000e-04
586,9.900000000000000e+00	9.900000e+00	6.000000e+00	-3.600000e-04	0.000000e+00	-9.910000e-12	3.600000e-04	0.000000e+00	-3.600000e-04
587,1.000000000000000e+01	1.000000e+01	6.000000e+00	-3.600000e-04	0.000000e+00	-1.001000e-11	3.600000e-04	0.000000e+00	-3.600000e-04
588,1.010000000000000e+01	1.010000e+01	6.000000e+00	-3.600000e-04	0.000000e+00	-1.011000e-11	3.600000e-04	0.000000e+00	-3.600000e-04
589,1.020000000000000e+01	1.020000e+01	6.000000e+00	-3.600000e-04	0.000000e+00	-1.021000e-11	3.600000e-04	0.000000e+00	-3.600000e-04
590,1.030000000000000e+01	1.030000e+01	6.000000e+00	-3.600000e-04	0.000000e+00	-1.031000e-11	3.600000e-04	0.000000e+00	-3.600000e-04
591,1.040000000000000e+01	1.040000e+01	6.000000e+00	-3.600000e-04	0.000000e+00	-1.041000e-11	3.600000e-04	0.000000e+00	-3.600000e-04
592,1.050000000000000e+01	1.050000e+01	6.000000e+00	-3.600000e-04	0.000000e+00	-1.051000e-11	3.600000e-04	0.000000e+00	-3.600000e-04
593,1.060000000000000e+01	1.060000e+01	6.000000e+00	-3.600000e-04	0.000000e+00	-1.061000e-11	3.600000e-04	0.000000e+00	-3.600000e-04
594,1.070000000000000e+01	1.070000e+01	6.000000e+00	-3.600000e-04	0.000000e+00	-1.071000e-11	3.600000e-04	0.000000e+00	-3.600000e-04
595,1.080000000000000e+01	1.080000e+01	6.000000e+00	-3.600000e-04	0.000000e+00	-1.081000e-11	3.600000e-04	0.000000e+00	-3.600000e-04
596,1.090000000000000e+01	1.090000e+01	6.000000e+00	-3.600000e-04	0.000000e+00	-1.091000e-11	3.600000e-04	0.000000e+00	-3.600000e-04
597,1.100000000000000e+01	1.100000e+01	6.000000e+00	-3.600000e-04	0.000000e+00	-1.101000e-11	3.600000e-04	0.000000e+00	-3.600000e-04
598,1.110000000000000e+01	1.110000e+01	6.000000e+00	-3.600000e-04	0.000000e+00	-1.111000e-11	3.600000e-04	0.000000e+00	-3.600000e-04
599,1.120000000000000e+01	1.120000e+01	6.000000e+00	-3.600000e-04	0.000000e+00	-1.121000e-11	3.600000e-04	0.000000e+00	-3.600000e-04
600,1.130000000000000e+01	1.130000e+01	6.000000e+00	-3.600000e-04	0.000000e+00	-1.131000e-11	3.600000e-04	0.000000e+00	-3.600000e-04
601,1.140000000000000e+01	1.140000e+01	6.000000e+00	-3.600000e-04	0.000000e+00	-1.141000e-11	3.600000e-04	0.000000e+00	-3.600000e-04
602,1.150000000000000e+01	1.150000e+01	6.000000e+00	-3.600000e-04	0.000000e+00	-1.151000e-11	3.600000e-04	0.000000e+00	-3.600000e-04
603,1.160000000000000e+01	1.160000e+01	6.000000e+00	-3.600000e-04	0.000000e+00	-1.161000e-11	3.600000e-04	0.000000e+00	-3.600000e-04
604,1.170000000000000e+01	1.170000e+01	6.000000e+00	-3.600000e-04	0.000000e+00	-1.171000e-11	3.600000e-04	0.000000e+00	-3.600000e-04
605,1.180000000000000e+01	1.180000e+01	6.000000e+00	-3.600000e-04	0.000000e+00	-1.181000e-11	3.600000e-04	0.000000e+00	-3.600000e-04
606,1.190000000000000e+01	1.190000e+01	6.000000e+00	-3.600000e-04	0.000000e+00	-1.191000e-11	3.600000e-04	0.000000e+00	-3.600000e-04
607,1.200000000000000e+01	1.200000e+01	6.000000e+00	-3.600000e-04	0.000000e+00	-1.201000e-11	3.600000e-04	0.000000e+00	-3.600000e-04
608,1.210000000000000e+01	1.210000e+01	6.000000e+00	-3.600000e-04	0.000000e+00	-1.211000e-11	3.600000e-04	0.000000e+00	-3.600000e-04
609,1.220000000000000e+01	1.220000e+01	6.000000e+00	-3.600000e-04	0.000000e+00	-1.221000e-11	3.600000e-04	0.000000e+00	-3.600000e-04
610,1.230000000000000e+01	1.230000e+01	6.000000e+00	-3.600000e-04	0.000000e+00	-1.231000e-11	3.600000e-04	0.000000e+00	-3.600000e-04
611,1.240000000000000e+01	1.240000e+01	6.000000e+00	-3.600000e-04	0.000000e+00	-1.241000e-11	3.600000e-04	0.000000e+00	-3.600000e-04
612,1.250000000000000e+01	1.250000e+01	6.000000e+00	-3.600000e-04	0.000000e+00	-1.251000e-11	3.600000e-04	0.000000e+00	-3.600000e-04
613,1.260000000000000e+01	1.260000e+01	6.000000e+00	-3.600000e-04	0.000000e+00	-1.261000e-11	3.600000e-04	0.000000e+00	-3.600000e-04
614,1.270000000000000e+01	1.270000e+01	6.000000e+00	-3.600000e-04	0.000000e+00	-1.271000e-11	3.600000e-04	0.000000e+00	-3.600000e-04
615,1.280000000000000e+01	1.280000e+01	6.000000e+00	-3.600000e-04	0.000000e+00	-1.281000e-11	3.600000e-04	0.000000e+00	-3.600000e-04
616,1.290000000000000e+01	1.290000e+01	6.000000e+00	-3.600000e-04	0.000000e+00	-1.291000e-11	3.600000e-04	0.000000e+00	-3.600000e-04
617,1.300000000000000e+01	1.300000e+01	6.000000e+00	-3.600000e-04	0.000000e+00	-1.301000e-11	3.600000e-04	0.000000e+00	-3.600000e-04
618,1.310000000000000e+01	1.310000e+01	6.000000e+00	-3.600000e-04	0.000000e+00	-1.311000e-11	3.600000e-04	0.000000e+00	-3.600000e-04
619,1.320000000000000e+01	1.320000e+01	6.000000e+00	-3.600000e-04	0.000000e+00	-1.321000e-11	3.600000e-04	0.000000e+00	-3.600000e-04
620,1.330000000000000e+01	1.330000e+01	6.000000e+00	-3.600000e-04	0.000000e+00	-1.331000e-11	3.600000e-04	0.000000e+00	-3.600000e-04
621,1.340000000000000e+01	1.340000e+01	6.000000e+00	-3.600000e-04	0.000000e+00	-1.341000e-11	3.600000e-04	0.000000e+00	-3.600000e-04
622,1.350000000000000e+01	1.350000e+01	6.000000e+00	-3.600000e-04	0.000000e+00	-1.351000e-11	3.600000e-04	0.000000e+00	-3.600000e-04
623,1.360000000000000e+01	1.360000e+01	6.000000e+00	-3.600000e-04	0.000000e+00	-1.361000e-11	3.600000e-04	0.000000e+00	-3.600000e-04
624,1.370000000000000e+01	1.370000e+01	6.000000e+00	-3.600000e-04	0.000000e+00	-1.371000e-11	3.600000e-04	0.000000e+00	-3.600000e-04
625,1.380000000000000e+01	1.380000e+01	6.000000e+00	-3.600000e-04	0.000000e+00	-1.381000e-11	3.600000e-04	0.000000e+00	-3.600000e-04
626,1.390000000000000e+01	1.390000e+01	6.000000e+00	-3.600000e-04	0.000000e+00	-1.391000e-11	3.600000e-04	0.000000e+00	-3.600000e-04
627,1.400000000000000e+01	1.400000e+01	6.000000e+00	-3.600000e-04	0.000000e+00	-1.401000e-11	3.600000e-04	0.000000e+00	-3.600000e-04
628,1.410000000000000e+01	1.410000e+01	6.000000e+00	-3.600000e-04	0.000000e+00	-1.411000e-11	3.600000e-04	0.000000e+00	-3.600000e-04
629,1.420000000000000e+01	1.420000e+01	6.000000e+00	-3.600000e-04	0.000000e+00	-1.421000e-11	3.600000e-04	0.000000e+00	-3.600000e-04
630,1.430000000000000e+01	1.430000e+01	6.000000e+00	-3.600000e-04	0.000000e+00	-1.431000e-11	3.600000e-04	0.000000e+00	-3.600000e-04
631,1.440000000000000e+01	1.440000e+01	6.000000e+00	-3.600000e-04	0.000000e+00	-1.441000e-11	3.600000e-04	0.000000e+00	-3.600000e-04
632,1.450000000000000e+01	1.450000e+01	6.000000e+00	-3.600000e-04	0.000000e+00	-1.451000e-11	3.600000e-04	0.000000e+00	-3.600000e-04
633,1.460000000000000e+01	1.460000e+01	6.000000e+00	-3.600000e-04	0.000000e+00	-1.461000e-11	3.600000e-04	0.000000e+00	-3.600000e-04
634,1.470000000000000e+01	1.470000e+01	6.000000e+00	-3.600000e-04	0.000000e+00	-1.471000e-11	3.600000e-04	0.000000e+00	-3.600000e-04
635,1.480000000000000e+01	1.480000e+01	6.000000e+00	-3.600000e-04	0.000000e+00	-1.481000e-11	3.600000e-04	0.000000e+00	-3.600000e-04
636,1.490000000000000e+01	1.490000e+01	6.000000e+00	-3.600000e-04	0.000000e+00	-1.491000e-11	3.600000e-04	0.000000e+00	-3.600000e-04
637,1.500000000000000e+01	1.500000e+01	6.000000e+00	-3.600000e-04	0.000000e+00	-1.501000e-11	3.600000e-04	0.000000e+00	-3.600000e-04
638,1.510000000000000e+01	1.510000e+01	6.000000e+00	-3.600000e-04	0.000000e+00	-1.511000e-11	3.600000e-04	0.000000e+00	-3.600000e-04
639,1.520000000000000e+01	1.520000e+01	6.000000e+00	-3.600000e-04	0.000000e+00	-1.521000e-11	3.600000e-04	0.000000e+00	-3.600000e-04
640,1.530000000000000e+01	1.530000e+01	6.000000e+00	-3.600000e-04	0.000000e+00	-1.531000e-11	3.600000e-04	0.000000e+00	-3.600000e-04
641,1.540000000000000e+01	1.540000e+01	6.000000e+00	-3.600000e-04	0.000000e+00	-1.541000e-11	3.600000e-04	0.000000e+00	-3.600000e-04
642,1.550000000000000e+01	1.550000e+01	6.000000e+00	-3.600000e-04	0.000000e+00	-1.551000e-11	3.600000e-04	0.000000e+00	-3.600000e-04
643,1.560000000000000e+01	1.560000e+01	6.000000e+00	-3.600000e-04	0.000000e+00	-1.561000e-11	3.600000e-04	0.000000e+00	-3.600000e-04
644,1.570000000000000e+01	1.570000e+01	6.000000e+00	-3.600000e-04	0.000000e+00	-1.571000e-11	3.600000e-04	0.000000e+00	-3.600000e-04
645,1.580000000000000e+01	1.580000e+01	6.000000e+00	-3.600000e-04	0.000000e+00	-1.581000e-11	3.600000e-04	0.000000e+00	-3.600000e-04
646,1.590000000000000e+01	1.590000e+01	6.000000e+00	-3.600000e-04	0.000000e+00	-1.591000e-11	3.600000e-04	0.000000e+00	-3.600000e-04
647,1.600000000000000e+01	1.600000e+01	6.000000e+00	-3.600000e-04	0.000000e+00	-1.601000e-11	3.600000e-04	0.000000e+00	-3.600000e-04
648,Step Information: Vin=8  (Step: 5/5)
649,0.000000000000000e+00	0.000000e+00	8.000000e+00	0.000000e+00	0.000000e+00	0.000000e+00	0.000000e+00	0.000000e+00	-0.000000e+00
650,1.000000000000000e-01	1.000000e-01	8.000000e+00	-1.590000e-05	0.000000e+00	-1.097906e-13	1.590000e-05	0.000000e+00	-1.590000e-05
651,2.000000000000000e-01	2.000000e-01	8.000000e+00	-3.160000e-05	0.000000e+00	-2.099956e-13	3.160000e-05	0.000000e+00	-3.160000e-05
652,3.000000000000000e-01	3.000000e-01	8.000000e+00	-4.710000e-05	0.000000e+00	-3.099999e-13	4.710000e-05	0.000000e+00	-4.710000e-05
653,4.000000000000000e-01	4.000000e-01	8.000000e+00	-6.240000e-05	0.000000e+00	-4.100000e-13	6.240000e-05	0.000000e+00	-6.240000e-05
654,5.000000000000000e-01	5.000000e-01	8.000000e+00	-7.750000e-05	0.000000e+00	-5.100000e-13	7.750000e-05	0.000000e+00	-7.750000e-05
655,6.000000000000001e-01	6.000000e-01	8.000000e+00	-9.240000e-05	0.000000e+00	-6.100000e-13	9.240000e-05	0.000000e+00	-9.240000e-05
656,7.000000000000001e-01	7.000000e-01	8.000000e+00	-1.071000e-04	0.000000e+00	-7.100000e-13	1.071000e-04	0.000000e+00	-1.071000e-04
657,8.000000000000000e-01	8.000000e-01	8.000000e+00	-1.216000e-04	0.000000e+00	-8.100000e-13	1.216000e-04	0.000000e+00	-1.216000e-04
658,9.000000000000000e-01	9.000000e-01	8.000000e+00	-1.359000e-04	0.000000e+00	-9.100000e-13	1.359000e-04	0.000000e+00	-1.359000e-04
659,1.000000000000000e+00	1.000000e+00	8.000000e+00	-1.500000e-04	0.000000e+00	-1.010000e-12	1.500000e-04	0.000000e+00	-1.500000e-04
660,1.100000000000000e+00	1.100000e+00	8.000000e+00	-1.639000e-04	0.000000e+00	-1.110000e-12	1.639000e-04	0.000000e+00	-1.639000e-04
661,1.200000000000000e+00	1.200000e+00	8.000000e+00	-1.776000e-04	0.000000e+00	-1.210000e-12	1.776000e-04	0.000000e+00	-1.776000e-04
662,1.300000000000000e+00	1.300000e+00	8.000000e+00	-1.911000e-04	0.000000e+00	-1.310000e-12	1.911000e-04	0.000000e+00	-1.911000e-04
663,1.400000000000000e+00	1.400000e+00	8.000000e+00	-2.044000e-04	0.000000e+00	-1.410000e-12	2.044000e-04	0.000000e+00	-2.044000e-04
664,1.500000000000000e+00	1.500000e+00	8.000000e+00	-2.175000e-04	0.000000e+00	-1.510000e-12	2.175000e-04	0.000000e+00	-2.175000e-04
665,1.600000000000000e+00	1.600000e+00	8.000000e+00	-2.304000e-04	0.000000e+00	-1.610000e-12	2.304000e-04	0.000000e+00	-2.304000e-04
666,1.700000000000000e+00	1.700000e+00	8.000000e+00	-2.431000e-04	0.000000e+00	-1.710000e-12	2.431000e-04	0.000000e+00	-2.431000e-04
667,1.800000000000000e+00	1.800000e+00	8.000000e+00	-2.556000e-04	0.000000e+00	-1.810000e-12	2.556000e-04	0.000000e+00	-2.556000e-04
668,1.900000000000000e+00	1.900000e+00	8.000000e+00	-2.679000e-04	0.000000e+00	-1.910000e-12	2.679000e-04	0.000000e+00	-2.679000e-04
669,2.000000000000000e+00	2.000000e+00	8.000000e+00	-2.800000e-04	0.000000e+00	-2.010000e-12	2.800000e-04	0.000000e+00	-2.800000e-04
670,2.100000000000000e+00	2.100000e+00	8.000000e+00	-2.919000e-04	0.000000e+00	-2.110000e-12	2.919000e-04	0.000000e+00	-2.919000e-04
671,2.200000000000000e+00	2.200000e+00	8.000000e+00	-3.036000e-04	0.000000e+00	-2.210000e-12	3.036000e-04	0.000000e+00	-3.036000e-04
672,2.300000000000000e+00	2.300000e+00	8.000000e+00	-3.151000e-04	0.000000e+00	-2.310000e-12	3.151000e-04	0.000000e+00	-3.151000e-04
673,2.400000000000000e+00	2.400000e+00	8.000000e+00	-3.264000e-04	0.000000e+00	-2.410000e-12	3.264000e-04	0.000000e+00	-3.264000e-04
674,2.500000000000000e+00	2.500000e+00	8.000000e+00	-3.375000e-04	0.000000e+00	-2.510000e-12	3.375000e-04	0.000000e+00	-3.375000e-04
675,2.600000000000000e+00	2.600000e+00	8.000000e+00	-3.484000e-04	0.000000e+00	-2.610000e-12	3.484000e-04	0.000000e+00	-3.484000e-04
676,2.700000000000000e+00	2.700000e+00	8.000000e+00	-3.591000e-04	0.000000e+00	-2.710000e-12	3.591000e-04	0.000000e+00	-3.591000e-04
677,2.800000000000000e+00	2.800000e+00	8.000000e+00	-3.696000e-04	0.000000e+00	-2.810000e-12	3.696000e-04	0.000000e+00	-3.696000e-04
678,2.900000000000000e+00	2.900000e+00	8.000000e+00	-3.799000e-04	0.000000e+00	-2.910000e-12	3.799000e-04	0.000000e+00	-3.799000e-04
679,3.000000000000000e+00	3.000000e+00	8.000000e+00	-3.900000e-04	0.000000e+00	-3.010000e-12	3.900000e-04	0.000000e+00	-3.900000e-04
680,3.100000000000000e+00	3.100000e+00	8.000000e+00	-3.999000e-04	0.000000e+00	-3.110000e-12	3.999000e-04	0.000000e+00	-3.999000e-04
681,3.200000000000000e+00	3.200000e+00	8.000000e+00	-4.096000e-04	0.000000e+00	-3.210000e-12	4.096000e-04	0.000000e+00	-4.096000e-04
682,3.300000000000000e+00	3.300000e+00	8.000000e+00	-4.191000e-04	0.000000e+00	-3.310000e-12	4.191000e-04	0.000000e+00	-4.191000e-04
683,3.400000000000000e+00	3.400000e+00	8.000000e+00	-4.284000e-04	0.000000e+00	-3.410000e-12	4.284000e-04	0.000000e+00	-4.284000e-04
684,3.500000000000000e+00	3.500000e+00	8.000000e+00	-4.375000e-04	0.000000e+00	-3.510000e-12	4.375000e-04	0.000000e+00	-4.375000e-04
685,3.600000000000000e+00	3.600000e+00	8.000000e+00	-4.464000e-04	0.000000e+00	-3.610000e-12	4.464000e-04	0.000000e+00	-4.464000e-04
686,3.700000000000000e+00	3.700000e+00	8.000000e+00	-4.551000e-04	0.000000e+00	-3.710000e-12	4.551000e-04	0.000000e+00	-4.551000e-04
687,3.800000000000000e+00	3.800000e+00	8.000000e+00	-4.636000e-04	0.000000e+00	-3.810000e-12	4.636000e-04	0.000000e+00	-4.636000e-04
688,3.900000000000000e+00	3.900000e+00	8.000000e+00	-4.719000e-04	0.000000e+00	-3.910000e-12	4.719000e-04	0.000000e+00	-4.719000e-04
689,4.000000000000000e+00	4.000000e+00	8.000000e+00	-4.800000e-04	0.000000e+00	-4.010000e-12	4.800000e-04	0.000000e+00	-4.800000e-04
690,4.100000000000001e+00	4.100000e+00	8.000000e+00	-4.879000e-04	0.000000e+00	-4.110000e-12	4.879000e-04	0.000000e+00	-4.879000e-04
691,4.200000000000000e+00	4.200000e+00	8.000000e+00	-4.956000e-04	0.000000e+00	-4.210000e-12	4.956000e-04	0.000000e+00	-4.956000e-04
692,4.300000000000000e+00	4.300000e+00	8.000000e+00	-5.031000e-04	0.000000e+00	-4.310000e-12	5.031000e-04	0.000000e+00	-5.031000e-04
693,4.400000000000000e+00	4.400000e+00	8.000000e+00	-5.104000e-04	0.000000e+00	-4.410000e-12	5.104000e-04	0.000000e+00	-5.104000e-04
694,4.500000000000000e+00	4.500000e+00	8.000000e+00	-5.175000e-04	0.000000e+00	-4.510000e-12	5.175000e-04	0.000000e+00	-5.175000e-04
695,4.600000000000001e+00	4.600000e+00	8.000000e+00	-5.244000e-04	0.000000e+00	-4.610000e-12	5.244000e-04	0.000000e+00	-5.244000e-04
696,4.700000000000000e+00	4.700000e+00	8.000000e+00	-5.311000e-04	0.000000e+00	-4.710000e-12	5.311000e-04	0.000000e+00	-5.311000e-04
697,4.800000000000001e+00	4.800000e+00	8.000000e+00	-5.376000e-04	0.000000e+00	-4.810000e-12	5.376000e-04	0.000000e+00	-5.376000e-04
698,4.900000000000000e+00	4.900000e+00	8.000000e+00	-5.439000e-04	0.000000e+00	-4.910000e-12	5.439000e-04	0.000000e+00	-5.439000e-04
699,5.000000000000000e+00	5.000000e+00	8.000000e+00	-5.500000e-04	0.000000e+00	-5.010000e-12	5.500000e-04	0.000000e+00	-5.500000e-04
700,5.100000000000001e+00	5.100000e+00	8.000000e+00	-5.559000e-04	0.000000e+00	-5.110000e-12	5.559000e-04	0.000000e+00	-5.559000e-04
701,5.200000000000000e+00	5.200000e+00	8.000000e+00	-5.616000e-04	0.000000e+00	-5.210000e-12	5.616000e-04	0.000000e+00	-5.616000e-04
702,5.300000000000001e+00	5.300000e+00	8.000000e+00	-5.671000e-04	0.000000e+00	-5.310000e-12	5.671000e-04	0.000000e+00	-5.671000e-04
703,5.400000000000000e+00	5.400000e+00	8.000000e+00	-5.724000e-04	0.000000e+00	-5.410000e-12	5.724000e-04	0.000000e+00	-5.724000e-04
704,5.500000000000000e+00	5.500000e+00	8.000000e+00	-5.775000e-04	0.000000e+00	-5.510000e-12	5.775000e-04	0.000000e+00	-5.775000e-04
705,5.600000000000001e+00	5.600000e+00	8.000000e+00	-5.824000e-04	0.000000e+00	-5.610000e-12	5.824000e-04	0.000000e+00	-5.824000e-04
706,5.700000000000000e+00	5.700000e+00	8.000000e+00	-5.871000e-04	0.000000e+00	-5.710000e-12	5.871000e-04	0.000000e+00	-5.871000e-04
707,5.800000000000001e+00	5.800000e+00	8.000000e+00	-5.916000e-04	0.000000e+00	-5.810000e-12	5.916000e-04	0.000000e+00	-5.916000e-04
708,5.900000000000000e+00	5.900000e+00	8.000000e+00	-5.959000e-04	0.000000e+00	-5.910000e-12	5.959000e-04	0.000000e+00	-5.959000e-04
709,6.000000000000000e+00	6.000000e+00	8.000000e+00	-6.000000e-04	0.000000e+00	-6.010000e-12	6.000000e-04	0.000000e+00	-6.000000e-04
710,6.100000000000001e+00	6.100000e+00	8.000000e+00	-6.039000e-04	0.000000e+00	-6.110000e-12	6.039000e-04	0.000000e+00	-6.039000e-04
711,6.200000000000000e+00	6.200000e+00	8.000000e+00	-6.076000e-04	0.000000e+00	-6.210000e-12	6.076000e-04	0.000000e+00	-6.076000e-04
712,6.300000000000001e+00	6.300000e+00	8.000000e+00	-6.111000e-04	0.000000e+00	-6.310000e-12	6.111000e-04	0.000000e+00	-6.111000e-04
713,6.400000000000000e+00	6.400000e+00	8.000000e+00	-6.144000e-04	0.000000e+00	-6.410000e-12	6.144000e-04	0.000000e+00	-6.144000e-04
714,6.500000000000000e+00	6.500000e+00	8.000000e+00	-6.175000e-04	0.000000e+00	-6.510000e-12	6.175000e-04	0.000000e+00	-6.175000e-04
715,6.600000000000001e+00	6.600000e+00	8.000000e+00	-6.204000e-04	0.000000e+00	-6.610000e-12	6.204000e-04	0.000000e+00	-6.204000e-04
716,6.700000000000000e+00	6.700000e+00	8.000000e+00	-6.231000e-04	0.000000e+00	-6.710000e-12	6.231000e-04	0.000000e+00	-6.231000e-04
717,6.800000000000001e+00	6.800000e+00	8.000000e+00	-6.256000e-04	0.000000e+00	-6.810000e-12	6.256000e-04	0.000000e+00	-6.256000e-04
718,6.900000000000000e+00	6.900000e+00	8.000000e+00	-6.279000e-04	0.000000e+00	-6.910000e-12	6.279000e-04	0.000000e+00	-6.279000e-04
719,7.000000000000000e+00	7.000000e+00	8.000000e+00	-6.300000e-04	0.000000e+00	-7.010000e-12	6.300000e-04	0.000000e+00	-6.300000e-04
720,7.100000000000001e+00	7.100000e+00	8.000000e+00	-6.319000e-04	0.000000e+00	-7.110000e-12	6.319000e-04	0.000000e+00	-6.319000e-04
721,7.200000000000000e+00	7.200000e+00	8.000000e+00	-6.336000e-04	0.000000e+00	-7.210000e-12	6.336000e-04	0.000000e+00	-6.336000e-04
722,7.300000000000001e+00	7.300000e+00	8.000000e+00	-6.351000e-04	0.000000e+00	-7.310000e-12	6.351000e-04	0.000000e+00	-6.351000e-04
723,7.400000000000000e+00	7.400000e+00	8.000000e+00	-6.364000e-04	0.000000e+00	-7.410000e-12	6.364000e-04	0.000000e+00	-6.364000e-04
724,7.500000000000000e+00	7.500000e+00	8.000000e+00	-6.375000e-04	0.000000e+00	-7.510000e-12	6.375000e-04	0.000000e+00	-6.375000e-04
725,7.600000000000001e+00	7.600000e+00	8.000000e+00	-6.384000e-04	0.000000e+00	-7.610000e-12	6.384000e-04	0.000000e+00	-6.384000e-04
726,7.700000000000000e+00	7.700000e+00	8.000000e+00	-6.391000e-04	0.000000e+00	-7.710000e-12	6.391000e-04	0.000000e+00	-6.391000e-04
727,7.800000000000001e+00	7.800000e+00	8.000000e+00	-6.396000e-04	0.000000e+00	-7.810000e-12	6.396000e-04	0.000000e+00	-6.396000e-04
728,7.900000000000000e+00	7.900000e+00	8.000000e+00	-6.399000e-04	0.000000e+00	-7.910000e-12	6.399000e-04	0.000000e+00	-6.399000e-04
729,8.000000000000000e+00	8.000000e+00	8.000000e+00	-6.400000e-04	0.000000e+00	-8.010000e-12	6.400000e-04	0.000000e+00	-6.400000e-04
730,8.100000000000000e+00	8.100000e+00	8.000000e+00	-6.400000e-04	0.000000e+00	-8.110000e-12	6.400000e-04	0.000000e+00	-6.400000e-04
731,8.200000000000001e+00	8.200000e+00	8.000000e+00	-6.400000e-04	0.000000e+00	-8.210000e-12	6.400000e-04	0.000000e+00	-6.400000e-04
732,8.300000000000001e+00	8.300000e+00	8.000000e+00	-6.400000e-04	0.000000e+00	-8.310000e-12	6.400000e-04	0.000000e+00	-6.400000e-04
733,8.400000000000000e+00	8.400000e+00	8.000000e+00	-6.400000e-04	0.000000e+00	-8.410000e-12	6.400000e-04	0.000000e+00	-6.400000e-04
734,8.500000000000000e+00	8.500000e+00	8.000000e+00	-6.400000e-04	0.000000e+00	-8.510000e-12	6.400000e-04	0.000000e+00	-6.400000e-04
735,8.600000000000000e+00	8.600000e+00	8.000000e+00	-6.400000e-04	0.000000e+00	-8.610000e-12	6.400000e-04	0.000000e+00	-6.400000e-04
736,8.700000000000001e+00	8.700000e+00	8.000000e+00	-6.400000e-04	0.000000e+00	-8.710000e-12	6.400000e-04	0.000000e+00	-6.400000e-04
737,8.800000000000001e+00	8.800000e+00	8.000000e+00	-6.400000e-04	0.000000e+00	-8.810000e-12	6.400000e-04	0.000000e+00	-6.400000e-04
738,8.900000000000000e+00	8.900000e+00	8.000000e+00	-6.400000e-04	0.000000e+00	-8.910000e-12	6.400000e-04	0.000000e+00	-6.400000e-04
739,9.000000000000000e+00	9.000000e+00	8.000000e+00	-6.400000e-04	0.000000e+00	-9.010000e-12	6.400000e-04	0.000000e+00	-6.400000e-04
740,9.100000000000000e+00	9.100000e+00	8.000000e+00	-6.400000e-04	0.000000e+00	-9.110000e-12	6.400000e-04	0.000000e+00	-6.400000e-04
741,9.200000000000001e+00	9.200000e+00	8.000000e+00	-6.400000e-04	0.000000e+00	-9.210000e-12	6.400000e-04	0.000000e+00	-6.400000e-04
742,9.300000000000001e+00	9.300000e+00	8.000000e+00	-6.400000e-04	0.000000e+00	-9.310000e-12	6.400000e-04	0.000000e+00	-6.400000e-04
743,9.400000000000000e+00	9.400000e+00	8.000000e+00	-6.400000e-04	0.000000e+00	-9.410000e-12	6.400000e-04	0.000000e+00	-6.400000e-04
744,9.500000000000000e+00	9.500000e+00	8.000000e+00	-6.400000e-04	0.000000e+00	-9.510000e-12	6.400000e-04	0.000000e+00	-6.400000e-04
745,9.600000000000001e+00	9.600000e+00	8.000000e+00	-6.400000e-04	0.000000e+00	-9.610000e-12	6.400000e-04	0.000000e+00	-6.400000e-04
746,9.700000000000001e+00	9.700000e+00	8.000000e+00	-6.400000e-04	0.000000e+00	-9.710000e-12	6.400000e-04	0.000000e+00	-6.400000e-04
747,9.800000000000001e+00	9.800000e+00	8.000000e+00	-6.400000e-04	0.000000e+00	-9.810000e-12	6.400000e-04	0.000000e+00	-6.400000e-04
748,9.900000000000000e+00	9.900000e+00	8.000000e+00	-6.400000e-04	0.000000e+00	-9.910000e-12	6.400000e-04	0.000000e+00	-6.400000e-04
749,1.000000000000000e+01	1.000000e+01	8.000000e+00	-6.400000e-04	0.000000e+00	-1.001000e-11	6.400000e-04	0.000000e+00	-6.400000e-04
750,1.010000000000000e+01	1.010000e+01	8.000000e+00	-6.400000e-04	0.000000e+00	-1.011000e-11	6.400000e-04	0.000000e+00	-6.400000e-04
751,1.020000000000000e+01	1.020000e+01	8.000000e+00	-6.400000e-04	0.000000e+00	-1.021000e-11	6.400000e-04	0.000000e+00	-6.400000e-04
752,1.030000000000000e+01	1.030000e+01	8.000000e+00	-6.400000e-04	0.000000e+00	-1.031000e-11	6.400000e-04	0.000000e+00	-6.400000e-04
753,1.040000000000000e+01	1.040000e+01	8.000000e+00	-6.400000e-04	0.000000e+00	-1.041000e-11	6.400000e-04	0.000000e+00	-6.400000e-04
754,1.050000000000000e+01	1.050000e+01	8.000000e+00	-6.400000e-04	0.000000e+00	-1.051000e-11	6.400000e-04	0.000000e+00	-6.400000e-04
755,1.060000000000000e+01	1.060000e+01	8.000000e+00	-6.400000e-04	0.000000e+00	-1.061000e-11	6.400000e-04	0.000000e+00	-6.400000e-04
756,1.070000000000000e+01	1.070000e+01	8.000000e+00	-6.400000e-04	0.000000e+00	-1.071000e-11	6.400000e-04	0.000000e+00	-6.400000e-04
757,1.080000000000000e+01	1.080000e+01	8.000000e+00	-6.400000e-04	0.000000e+00	-1.081000e-11	6.400000e-04	0.000000e+00	-6.400000e-04
758,1.090000000000000e+01	1.090000e+01	8.000000e+00	-6.400000e-04	0.000000e+00	-1.091000e-11	6.400000e-04	0.000000e+00	-6.400000e-04
759,1.100000000000000e+01	1.100000e+01	8.000000e+00	-6.400000e-04	0.000000e+00	-1.101000e-11	6.400000e-04	0.000000e+00	-6.400000e-04
760,1.110000000000000e+01	1.110000e+01	8.000000e+00	-6.400000e-04	0.000000e+00	-1.111000e-11	6.400000e-04	0.000000e+00	-6.400000e-04
761,1.120000000000000e+01	1.120000e+01	8.000000e+00	-6.400000e-04	0.000000e+00	-1.121000e-11	6.400000e-04	0.000000e+00	-6.400000e-04
762,1.130000000000000e+01	1.130000e+01	8.000000e+00	-6.400000e-04	0.000000e+00	-1.131000e-11	6.400000e-04	0.000000e+00	-6.400000e-04
763,1.140000000000000e+01	1.140000e+01	8.000000e+00	-6.400000e-04	0.000000e+00	-1.141000e-11	6.400000e-04	0.000000e+00	-6.400000e-04
764,1.150000000000000e+01	1.150000e+01	8.000000e+00	-6.400000e-04	0.000000e+00	-1.151000e-11	6.400000e-04	0.000000e+00	-6.400000e-04
765,1.160000000000000e+01	1.160000e+01	8.000000e+00	-6.400000e-04	0.000000e+00	-1.161000e-11	6.400000e-04	0.000000e+00	-6.400000e-04
766,1.170000000000000e+01	1.170000e+01	8.000000e+00	-6.400000e-04	0.000000e+00	-1.171000e-11	6.400000e-04	0.000000e+00	-6.400000e-04
767,1.180000000000000e+01	1.180000e+01	8.000000e+00	-6.400000e-04	0.000000e+00	-1.181000e-11	6.400000e-04	0.000000e+00	-6.400000e-04
768,1.190000000000000e+01	1.190000e+01	8.000000e+00	-6.400000e-04	0.000000e+00	-1.191000e-11	6.400000e-04	0.000000e+00	-6.400000e-04
769,1.200000000000000e+01	1.200000e+01	8.000000e+00	-6.400000e-04	0.000000e+00	-1.201000e-11	6.400000e-04	0.000000e+00	-6.400000e-04
770,1.210000000000000e+01	1.210000e+01	8.000000e+00	-6.400000e-04	0.000000e+00	-1.211000e-11	6.400000e-04	0.000000e+00	-6.400000e-04
771,1.220000000000000e+01	1.220000e+01	8.000000e+00	-6.400000e-04	0.000000e+00	-1.221000e-11	6.400000e-04	0.000000e+00	-6.400000e-04
772,1.230000000000000e+01	1.230000e+01	8.000000e+00	-6.400000e-04	0.000000e+00	-1.231000e-11	6.400000e-04	0.000000e+00	-6.400000e-04
773,1.240000000000000e+01	1.240000e+01	8.000000e+00	-6.400000e-04	0.000000e+00	-1.241000e-11	6.400000e-04	0.000000e+00	-6.400000e-04
774,1.250000000000000e+01	1.250000e+01	8.000000e+00	-6.400000e-04	0.000000e+00	-1.251000e-11	6.400000e-04	0.000000e+00	-6.400000e-04
775,1.260000000000000e+01	1.260000e+01	8.000000e+00	-6.400000e-04	0.000000e+00	-1.261000e-11	6.400000e-04	0.000000e+00	-6.400000e-04
776,1.270000000000000e+01	1.270000e+01	8.000000e+00	-6.400000e-04	0.000000e+00	-1.271000e-11	6.400000e-04	0.000000e+00	-6.400000e-04
777,1.280000000000000e+01	1.280000e+01	8.000000e+00	-6.400000e-04	0.000000e+00	-1.281000e-11	6.400000e-04	0.000000e+00	-6.400000e-04
778,1.290000000000000e+01	1.290000e+01	8.000000e+00	-6.400000e-04	0.000000e+00	-1.291000e-11	6.400000e-04	0.000000e+00	-6.400000e-04
779,1.300000000000000e+01	1.300000e+01	8.000000e+00	-6.400000e-04	0.000000e+00	-1.301000e-11	6.400000e-04	0.000000e+00	-6.400000e-04
780,1.310000000000000e+01	1.310000e+01	8.000000e+00	-6.400000e-04	0.000000e+00	-1.311000e-11	6.400000e-04	0.000000e+00	-6.400000e-04
781,1.320000000000000e+01	1.320000e+01	8.000000e+00	-6.400000e-04	0.000000e+00	-1.321000e-11	6.400000e-04	0.000000e+00	-6.400000e-04
782,1.330000000000000e+01	1.330000e+01	8.000000e+00	-6.400000e-04	0.000000e+00	-1.331000e-11	6.400000e-04	0.000000e+00	-6.400000e-04
783,1.340000000000000e+01	1.340000e+01	8.000000e+00	-6.400000e-04	0.000000e+00	-1.341000e-11	6.400000e-04	0.000000e+00	-6.400000e-04
784,1.350000000000000e+01	1.350000e+01	8.000000e+00	-6.400000e-04	0.000000e+00	-1.351000e-11	6.400000e-04	0.000000e+00	-6.400000e-04
785,1.360000000000000e+01	1.360000e+01	8.000000e+00	-6.400000e-04	0.000000e+00	-1.361000e-11	6.400000e-04	0.000000e+00	-6.400000e-04
786,1.370000000000000e+01	1.370000e+01	8.000000e+00	-6.400000e-04	0.000000e+00	-1.371000e-11	6.400000e-04	0.000000e+00	-6.400000e-04
787,1.380000000000000e+01	1.380000e+01	8.000000e+00	-6.400000e-04	0.000000e+00	-1.381000e-11	6.400000e-04	0.000000e+00	-6.400000e-04
788,1.390000000000000e+01	1.390000e+01	8.000000e+00	-6.400000e-04	0.000000e+00	-1.391000e-11	6.400000e-04	0.000000e+00	-6.400000e-04
789,1.400000000000000e+01	1.400000e+01	8.000000e+00	-6.400000e-04	0.000000e+00	-1.401000e-11	6.400000e-04	0.000000e+00	-6.400000e-04
790,1.410000000000000e+01	1.410000e+01	8.000000e+00	-6.400000e-04	0.000000e+00	-1.411000e-11	6.400000e-04	0.000000e+00	-6.400000e-04
791,1.420000000000000e+01	1.420000e+01	8.000000e+00	-6.400000e-04	0.000000e+00	-1.421000e-11	6.400000e-04	0.000000e+00	-6.400000e-04
792,1.430000000000000e+01	1.430000e+01	8.000000e+00	-6.400000e-04	0.000000e+00	-1.431000e-11	6.400000e-04	0.000000e+00	-6.400000e-04
793,1.440000000000000e+01	1.440000e+01	8.000000e+00	-6.400000e-04	0.000000e+00	-1.441000e-11	6.400000e-04	0.000000e+00	-6.400000e-04
794,1.450000000000000e+01	1.450000e+01	8.000000e+00	-6.400000e-04	0.000000e+00	-1.451000e-11	6.400000e-04	0.000000e+00	-6.400000e-04
795,1.460000000000000e+01	1.460000e+01	8.000000e+00	-6.400000e-04	0.000000e+00	-1.461000e-11	6.400000e-04	0.000000e+00	-6.400000e-04
796,1.470000000000000e+01	1.470000e+01	8.000000e+00	-6.400000e-04	0.000000e+00	-1.471000e-11	6.400000e-04	0.000000e+00	-6.400000e-04
797,1.480000000000000e+01	1.480000e+01	8.000000e+00	-6.400000e-04	0.000000e+00	-1.481000e-11	6.400000e-04	0.000000e+00	-6.400000e-04
798,1.490000000000000e+01	1.490000e+01	8.000000e+00	-6.400000e-04	0.000000e+00	-1.491000e-11	6.400000e-04	0.000000e+00	-6.400000e-04
799,1.500000000000000e+01	1.500000e+01	8.000000e+00	-6.400000e-04	0.000000e+00	-1.501000e-11	6.400000e-04	0.000000e+00	-6.400000e-04
800,1.510000000000000e+01	1.510000e+01	8.000000e+00	-6.400000e-04	0.000000e+00	-1.511000e-11	6.400000e-04	0.000000e+00	-6.400000e-04
801,1.520000000000000e+01	1.520000e+01	8.000000e+00	-6.400000e-04	0.000000e+00	-1.521000e-11	6.400000e-04	0.000000e+00	-6.400000e-04
802,1.530000000000000e+01	1.530000e+01	8.000000e+00	-6.400000e-04	0.000000e+00	-1.531000e-11	6.400000e-04	0.000000e+00	-6.400000e-04
803,1.540000000000000e+01	1.540000e+01	8.000000e+00	-6.400000e-04	0.000000e+00	-1.541000e-11	6.400000e-04	0.000000e+00	-6.400000e-04
804,1.550000000000000e+01	1.550000e+01	8.000000e+00	-6.400000e-04	0.000000e+00	-1.551000e-11	6.400000e-04	0.000000e+00	-6.400000e-04
805,1.560000000000000e+01	1.560000e+01	8.000000e+00	-6.400000e-04	0.000000e+00	-1.561000e-11	6.400000e-04	0.000000e+00	-6.400000e-04
806,1.570000000000000e+01	1.570000e+01	8.000000e+00	-6.400000e-04	0.000000e+00	-1.571000e-11	6.400000e-04	0.000000e+00	-6.400000e-04
807,1.580000000000000e+01	1.580000e+01	8.000000e+00	-6.400000e-04	0.000000e+00	-1.581000e-11	6.400000e-04	0.000000e+00	-6.400000e-04
808,1.590000000000000e+01	1.590000e+01	8.000000e+00	-6.400000e-04	0.000000e+00	-1.591000e-11	6.400000e-04	0.000000e+00	-6.400000e-04
809,1.600000000000000e+01	1.600000e+01	8.000000e+00	-6.400000e-04	0.000000e+00	-1.601000e-11	6.400000e-04	0.000000e+00	-6.400000e-04
