Vdd	V(vdd)	V(vin)	I(Vdd)	I(Vin)	Ib(M1)	Id(M1)	Ig(M1)	Is(M1)
Step Information: Vin=0  (Step: 1/51)
0.000000000000000e+00	0.000000e+00	0.000000e+00	0.000000e+00	0.000000e+00	0.000000e+00	0.000000e+00	0.000000e+00	-0.000000e+00
1.000000000000000e-01	1.000000e-01	0.000000e+00	-2.097906e-13	0.000000e+00	-1.097906e-13	2.097906e-13	0.000000e+00	-1.000000e-13
2.000000000000000e-01	2.000000e-01	0.000000e+00	-4.099956e-13	0.000000e+00	-2.099956e-13	4.099956e-13	0.000000e+00	-2.000000e-13
3.000000000000000e-01	3.000000e-01	0.000000e+00	-6.099999e-13	0.000000e+00	-3.099999e-13	6.099999e-13	0.000000e+00	-3.000000e-13
4.000000000000000e-01	4.000000e-01	0.000000e+00	-8.100000e-13	0.000000e+00	-4.100000e-13	8.100000e-13	0.000000e+00	-4.000000e-13
5.000000000000000e-01	5.000000e-01	0.000000e+00	-1.010000e-12	0.000000e+00	-5.100000e-13	1.010000e-12	0.000000e+00	-5.000000e-13
6.000000000000001e-01	6.000000e-01	0.000000e+00	-1.210000e-12	0.000000e+00	-6.100000e-13	1.210000e-12	0.000000e+00	-6.000000e-13
7.000000000000001e-01	7.000000e-01	0.000000e+00	-1.410000e-12	0.000000e+00	-7.100000e-13	1.410000e-12	0.000000e+00	-7.000000e-13
8.000000000000000e-01	8.000000e-01	0.000000e+00	-1.610000e-12	0.000000e+00	-8.100000e-13	1.610000e-12	0.000000e+00	-8.000000e-13
9.000000000000000e-01	9.000000e-01	0.000000e+00	-1.810000e-12	0.000000e+00	-9.100000e-13	1.810000e-12	0.000000e+00	-9.000000e-13
1.000000000000000e+00	1.000000e+00	0.000000e+00	-2.010000e-12	0.000000e+00	-1.010000e-12	2.010000e-12	0.000000e+00	-1.000000e-12
1.100000000000000e+00	1.100000e+00	0.000000e+00	-2.210000e-12	0.000000e+00	-1.110000e-12	2.210000e-12	0.000000e+00	-1.100000e-12
1.200000000000000e+00	1.200000e+00	0.000000e+00	-2.410000e-12	0.000000e+00	-1.210000e-12	2.410000e-12	0.000000e+00	-1.200000e-12
1.300000000000000e+00	1.300000e+00	0.000000e+00	-2.610000e-12	0.000000e+00	-1.310000e-12	2.610000e-12	0.000000e+00	-1.300000e-12
1.400000000000000e+00	1.400000e+00	0.000000e+00	-2.810000e-12	0.000000e+00	-1.410000e-12	2.810000e-12	0.000000e+00	-1.400000e-12
1.500000000000000e+00	1.500000e+00	0.000000e+00	-3.010000e-12	0.000000e+00	-1.510000e-12	3.010000e-12	0.000000e+00	-1.500000e-12
1.600000000000000e+00	1.600000e+00	0.000000e+00	-3.210000e-12	0.000000e+00	-1.610000e-12	3.210000e-12	0.000000e+00	-1.600000e-12
1.700000000000000e+00	1.700000e+00	0.000000e+00	-3.410000e-12	0.000000e+00	-1.710000e-12	3.410000e-12	0.000000e+00	-1.700000e-12
1.800000000000000e+00	1.800000e+00	0.000000e+00	-3.610000e-12	0.000000e+00	-1.810000e-12	3.610000e-12	0.000000e+00	-1.800000e-12
1.900000000000000e+00	1.900000e+00	0.000000e+00	-3.810000e-12	0.000000e+00	-1.910000e-12	3.810000e-12	0.000000e+00	-1.900000e-12
2.000000000000000e+00	2.000000e+00	0.000000e+00	-4.010000e-12	0.000000e+00	-2.010000e-12	4.010000e-12	0.000000e+00	-2.000000e-12
2.100000000000000e+00	2.100000e+00	0.000000e+00	-4.210000e-12	0.000000e+00	-2.110000e-12	4.210000e-12	0.000000e+00	-2.100000e-12
2.200000000000000e+00	2.200000e+00	0.000000e+00	-4.410000e-12	0.000000e+00	-2.210000e-12	4.410000e-12	0.000000e+00	-2.200000e-12
2.300000000000000e+00	2.300000e+00	0.000000e+00	-4.610000e-12	0.000000e+00	-2.310000e-12	4.610000e-12	0.000000e+00	-2.300000e-12
2.400000000000000e+00	2.400000e+00	0.000000e+00	-4.810000e-12	0.000000e+00	-2.410000e-12	4.810000e-12	0.000000e+00	-2.400000e-12
2.500000000000000e+00	2.500000e+00	0.000000e+00	-5.010000e-12	0.000000e+00	-2.510000e-12	5.010000e-12	0.000000e+00	-2.500000e-12
2.600000000000000e+00	2.600000e+00	0.000000e+00	-5.210000e-12	0.000000e+00	-2.610000e-12	5.210000e-12	0.000000e+00	-2.600000e-12
2.700000000000000e+00	2.700000e+00	0.000000e+00	-5.410000e-12	0.000000e+00	-2.710000e-12	5.410000e-12	0.000000e+00	-2.700000e-12
2.800000000000000e+00	2.800000e+00	0.000000e+00	-5.610000e-12	0.000000e+00	-2.810000e-12	5.610000e-12	0.000000e+00	-2.800000e-12
2.900000000000000e+00	2.900000e+00	0.000000e+00	-5.810000e-12	0.000000e+00	-2.910000e-12	5.810000e-12	0.000000e+00	-2.900000e-12
3.000000000000000e+00	3.000000e+00	0.000000e+00	-6.010000e-12	0.000000e+00	-3.010000e-12	6.010000e-12	0.000000e+00	-3.000000e-12
3.100000000000000e+00	3.100000e+00	0.000000e+00	-6.210000e-12	0.000000e+00	-3.110000e-12	6.210000e-12	0.000000e+00	-3.100000e-12
3.200000000000000e+00	3.200000e+00	0.000000e+00	-6.410000e-12	0.000000e+00	-3.210000e-12	6.410000e-12	0.000000e+00	-3.200000e-12
3.300000000000000e+00	3.300000e+00	0.000000e+00	-6.610000e-12	0.000000e+00	-3.310000e-12	6.610000e-12	0.000000e+00	-3.300000e-12
3.400000000000000e+00	3.400000e+00	0.000000e+00	-6.810000e-12	0.000000e+00	-3.410000e-12	6.810000e-12	0.000000e+00	-3.400000e-12
3.500000000000000e+00	3.500000e+00	0.000000e+00	-7.010000e-12	0.000000e+00	-3.510000e-12	7.010000e-12	0.000000e+00	-3.500000e-12
3.600000000000000e+00	3.600000e+00	0.000000e+00	-7.210000e-12	0.000000e+00	-3.610000e-12	7.210000e-12	0.000000e+00	-3.600000e-12
3.700000000000000e+00	3.700000e+00	0.000000e+00	-7.410000e-12	0.000000e+00	-3.710000e-12	7.410000e-12	0.000000e+00	-3.700000e-12
3.800000000000000e+00	3.800000e+00	0.000000e+00	-7.610000e-12	0.000000e+00	-3.810000e-12	7.610000e-12	0.000000e+00	-3.800000e-12
3.900000000000000e+00	3.900000e+00	0.000000e+00	-7.810000e-12	0.000000e+00	-3.910000e-12	7.810000e-12	0.000000e+00	-3.900000e-12
4.000000000000000e+00	4.000000e+00	0.000000e+00	-8.010000e-12	0.000000e+00	-4.010000e-12	8.010000e-12	0.000000e+00	-4.000000e-12
4.100000000000001e+00	4.100000e+00	0.000000e+00	-8.210000e-12	0.000000e+00	-4.110000e-12	8.210000e-12	0.000000e+00	-4.100000e-12
4.200000000000000e+00	4.200000e+00	0.000000e+00	-8.410000e-12	0.000000e+00	-4.210000e-12	8.410000e-12	0.000000e+00	-4.200000e-12
4.300000000000000e+00	4.300000e+00	0.000000e+00	-8.610000e-12	0.000000e+00	-4.310000e-12	8.610000e-12	0.000000e+00	-4.300000e-12
4.400000000000000e+00	4.400000e+00	0.000000e+00	-8.810000e-12	0.000000e+00	-4.410000e-12	8.810000e-12	0.000000e+00	-4.400000e-12
4.500000000000000e+00	4.500000e+00	0.000000e+00	-9.010000e-12	0.000000e+00	-4.510000e-12	9.010000e-12	0.000000e+00	-4.500000e-12
4.600000000000001e+00	4.600000e+00	0.000000e+00	-9.210000e-12	0.000000e+00	-4.610000e-12	9.210000e-12	0.000000e+00	-4.600000e-12
4.700000000000000e+00	4.700000e+00	0.000000e+00	-9.410000e-12	0.000000e+00	-4.710000e-12	9.410000e-12	0.000000e+00	-4.700000e-12
4.800000000000001e+00	4.800000e+00	0.000000e+00	-9.610000e-12	0.000000e+00	-4.810000e-12	9.610000e-12	0.000000e+00	-4.800000e-12
4.900000000000000e+00	4.900000e+00	0.000000e+00	-9.810000e-12	0.000000e+00	-4.910000e-12	9.810000e-12	0.000000e+00	-4.900000e-12
5.000000000000000e+00	5.000000e+00	0.000000e+00	-1.001000e-11	0.000000e+00	-5.010000e-12	1.001000e-11	0.000000e+00	-5.000000e-12
5.100000000000001e+00	5.100000e+00	0.000000e+00	-1.021000e-11	0.000000e+00	-5.110000e-12	1.021000e-11	0.000000e+00	-5.100000e-12
5.200000000000000e+00	5.200000e+00	0.000000e+00	-1.041000e-11	0.000000e+00	-5.210000e-12	1.041000e-11	0.000000e+00	-5.200000e-12
5.300000000000001e+00	5.300000e+00	0.000000e+00	-1.061000e-11	0.000000e+00	-5.310000e-12	1.061000e-11	0.000000e+00	-5.300000e-12
5.400000000000000e+00	5.400000e+00	0.000000e+00	-1.081000e-11	0.000000e+00	-5.410000e-12	1.081000e-11	0.000000e+00	-5.400000e-12
5.500000000000000e+00	5.500000e+00	0.000000e+00	-1.101000e-11	0.000000e+00	-5.510000e-12	1.101000e-11	0.000000e+00	-5.500000e-12
5.600000000000001e+00	5.600000e+00	0.000000e+00	-1.121000e-11	0.000000e+00	-5.610000e-12	1.121000e-11	0.000000e+00	-5.600000e-12
5.700000000000000e+00	5.700000e+00	0.000000e+00	-1.141000e-11	0.000000e+00	-5.710000e-12	1.141000e-11	0.000000e+00	-5.700000e-12
5.800000000000001e+00	5.800000e+00	0.000000e+00	-1.161000e-11	0.000000e+00	-5.810000e-12	1.161000e-11	0.000000e+00	-5.800000e-12
5.900000000000000e+00	5.900000e+00	0.000000e+00	-1.181000e-11	0.000000e+00	-5.910000e-12	1.181000e-11	0.000000e+00	-5.900000e-12
6.000000000000000e+00	6.000000e+00	0.000000e+00	-1.201000e-11	0.000000e+00	-6.010000e-12	1.201000e-11	0.000000e+00	-6.000000e-12
Step Information: Vin=100m  (Step: 2/51)
0.000000000000000e+00	0.000000e+00	1.000000e-01	0.000000e+00	0.000000e+00	0.000000e+00	0.000000e+00	0.000000e+00	-0.000000e+00
1.000000000000000e-01	1.000000e-01	1.000000e-01	-1.000002e-07	0.000000e+00	-1.097906e-13	1.000002e-07	0.000000e+00	-1.000001e-07
2.000000000000000e-01	2.000000e-01	1.000000e-01	-1.000004e-07	0.000000e+00	-2.099956e-13	1.000004e-07	0.000000e+00	-1.000002e-07
3.000000000000000e-01	3.000000e-01	1.000000e-01	-1.000006e-07	0.000000e+00	-3.099999e-13	1.000006e-07	0.000000e+00	-1.000003e-07
4.000000000000000e-01	4.000000e-01	1.000000e-01	-1.000008e-07	0.000000e+00	-4.100000e-13	1.000008e-07	0.000000e+00	-1.000004e-07
5.000000000000000e-01	5.000000e-01	1.000000e-01	-1.000010e-07	0.000000e+00	-5.100000e-13	1.000010e-07	0.000000e+00	-1.000005e-07
6.000000000000001e-01	6.000000e-01	1.000000e-01	-1.000012e-07	0.000000e+00	-6.100000e-13	1.000012e-07	0.000000e+00	-1.000006e-07
7.000000000000001e-01	7.000000e-01	1.000000e-01	-1.000014e-07	0.000000e+00	-7.100000e-13	1.000014e-07	0.000000e+00	-1.000007e-07
8.000000000000000e-01	8.000000e-01	1.000000e-01	-1.000016e-07	0.000000e+00	-8.100000e-13	1.000016e-07	0.000000e+00	-1.000008e-07
9.000000000000000e-01	9.000000e-01	1.000000e-01	-1.000018e-07	0.000000e+00	-9.100000e-13	1.000018e-07	0.000000e+00	-1.000009e-07
1.000000000000000e+00	1.000000e+00	1.000000e-01	-1.000020e-07	0.000000e+00	-1.010000e-12	1.000020e-07	0.000000e+00	-1.000010e-07
1.100000000000000e+00	1.100000e+00	1.000000e-01	-1.000022e-07	0.000000e+00	-1.110000e-12	1.000022e-07	0.000000e+00	-1.000011e-07
1.200000000000000e+00	1.200000e+00	1.000000e-01	-1.000024e-07	0.000000e+00	-1.210000e-12	1.000024e-07	0.000000e+00	-1.000012e-07
1.300000000000000e+00	1.300000e+00	1.000000e-01	-1.000026e-07	0.000000e+00	-1.310000e-12	1.000026e-07	0.000000e+00	-1.000013e-07
1.400000000000000e+00	1.400000e+00	1.000000e-01	-1.000028e-07	0.000000e+00	-1.410000e-12	1.000028e-07	0.000000e+00	-1.000014e-07
1.500000000000000e+00	1.500000e+00	1.000000e-01	-1.000030e-07	0.000000e+00	-1.510000e-12	1.000030e-07	0.000000e+00	-1.000015e-07
1.600000000000000e+00	1.600000e+00	1.000000e-01	-1.000032e-07	0.000000e+00	-1.610000e-12	1.000032e-07	0.000000e+00	-1.000016e-07
1.700000000000000e+00	1.700000e+00	1.000000e-01	-1.000034e-07	0.000000e+00	-1.710000e-12	1.000034e-07	0.000000e+00	-1.000017e-07
1.800000000000000e+00	1.800000e+00	1.000000e-01	-1.000036e-07	0.000000e+00	-1.810000e-12	1.000036e-07	0.000000e+00	-1.000018e-07
1.900000000000000e+00	1.900000e+00	1.000000e-01	-1.000038e-07	0.000000e+00	-1.910000e-12	1.000038e-07	0.000000e+00	-1.000019e-07
2.000000000000000e+00	2.000000e+00	1.000000e-01	-1.000040e-07	0.000000e+00	-2.010000e-12	1.000040e-07	0.000000e+00	-1.000020e-07
2.100000000000000e+00	2.100000e+00	1.000000e-01	-1.000042e-07	0.000000e+00	-2.110000e-12	1.000042e-07	0.000000e+00	-1.000021e-07
2.200000000000000e+00	2.200000e+00	1.000000e-01	-1.000044e-07	0.000000e+00	-2.210000e-12	1.000044e-07	0.000000e+00	-1.000022e-07
2.300000000000000e+00	2.300000e+00	1.000000e-01	-1.000046e-07	0.000000e+00	-2.310000e-12	1.000046e-07	0.000000e+00	-1.000023e-07
2.400000000000000e+00	2.400000e+00	1.000000e-01	-1.000048e-07	0.000000e+00	-2.410000e-12	1.000048e-07	0.000000e+00	-1.000024e-07
2.500000000000000e+00	2.500000e+00	1.000000e-01	-1.000050e-07	0.000000e+00	-2.510000e-12	1.000050e-07	0.000000e+00	-1.000025e-07
2.600000000000000e+00	2.600000e+00	1.000000e-01	-1.000052e-07	0.000000e+00	-2.610000e-12	1.000052e-07	0.000000e+00	-1.000026e-07
2.700000000000000e+00	2.700000e+00	1.000000e-01	-1.000054e-07	0.000000e+00	-2.710000e-12	1.000054e-07	0.000000e+00	-1.000027e-07
2.800000000000000e+00	2.800000e+00	1.000000e-01	-1.000056e-07	0.000000e+00	-2.810000e-12	1.000056e-07	0.000000e+00	-1.000028e-07
2.900000000000000e+00	2.900000e+00	1.000000e-01	-1.000058e-07	0.000000e+00	-2.910000e-12	1.000058e-07	0.000000e+00	-1.000029e-07
3.000000000000000e+00	3.000000e+00	1.000000e-01	-1.000060e-07	0.000000e+00	-3.010000e-12	1.000060e-07	0.000000e+00	-1.000030e-07
3.100000000000000e+00	3.100000e+00	1.000000e-01	-1.000062e-07	0.000000e+00	-3.110000e-12	1.000062e-07	0.000000e+00	-1.000031e-07
3.200000000000000e+00	3.200000e+00	1.000000e-01	-1.000064e-07	0.000000e+00	-3.210000e-12	1.000064e-07	0.000000e+00	-1.000032e-07
3.300000000000000e+00	3.300000e+00	1.000000e-01	-1.000066e-07	0.000000e+00	-3.310000e-12	1.000066e-07	0.000000e+00	-1.000033e-07
3.400000000000000e+00	3.400000e+00	1.000000e-01	-1.000068e-07	0.000000e+00	-3.410000e-12	1.000068e-07	0.000000e+00	-1.000034e-07
3.500000000000000e+00	3.500000e+00	1.000000e-01	-1.000070e-07	0.000000e+00	-3.510000e-12	1.000070e-07	0.000000e+00	-1.000035e-07
3.600000000000000e+00	3.600000e+00	1.000000e-01	-1.000072e-07	0.000000e+00	-3.610000e-12	1.000072e-07	0.000000e+00	-1.000036e-07
3.700000000000000e+00	3.700000e+00	1.000000e-01	-1.000074e-07	0.000000e+00	-3.710000e-12	1.000074e-07	0.000000e+00	-1.000037e-07
3.800000000000000e+00	3.800000e+00	1.000000e-01	-1.000076e-07	0.000000e+00	-3.810000e-12	1.000076e-07	0.000000e+00	-1.000038e-07
3.900000000000000e+00	3.900000e+00	1.000000e-01	-1.000078e-07	0.000000e+00	-3.910000e-12	1.000078e-07	0.000000e+00	-1.000039e-07
4.000000000000000e+00	4.000000e+00	1.000000e-01	-1.000080e-07	0.000000e+00	-4.010000e-12	1.000080e-07	0.000000e+00	-1.000040e-07
4.100000000000001e+00	4.100000e+00	1.000000e-01	-1.000082e-07	0.000000e+00	-4.110000e-12	1.000082e-07	0.000000e+00	-1.000041e-07
4.200000000000000e+00	4.200000e+00	1.000000e-01	-1.000084e-07	0.000000e+00	-4.210000e-12	1.000084e-07	0.000000e+00	-1.000042e-07
4.300000000000000e+00	4.300000e+00	1.000000e-01	-1.000086e-07	0.000000e+00	-4.310000e-12	1.000086e-07	0.000000e+00	-1.000043e-07
4.400000000000000e+00	4.400000e+00	1.000000e-01	-1.000088e-07	0.000000e+00	-4.410000e-12	1.000088e-07	0.000000e+00	-1.000044e-07
4.500000000000000e+00	4.500000e+00	1.000000e-01	-1.000090e-07	0.000000e+00	-4.510000e-12	1.000090e-07	0.000000e+00	-1.000045e-07
4.600000000000001e+00	4.600000e+00	1.000000e-01	-1.000092e-07	0.000000e+00	-4.610000e-12	1.000092e-07	0.000000e+00	-1.000046e-07
4.700000000000000e+00	4.700000e+00	1.000000e-01	-1.000094e-07	0.000000e+00	-4.710000e-12	1.000094e-07	0.000000e+00	-1.000047e-07
4.800000000000001e+00	4.800000e+00	1.000000e-01	-1.000096e-07	0.000000e+00	-4.810000e-12	1.000096e-07	0.000000e+00	-1.000048e-07
4.900000000000000e+00	4.900000e+00	1.000000e-01	-1.000098e-07	0.000000e+00	-4.910000e-12	1.000098e-07	0.000000e+00	-1.000049e-07
5.000000000000000e+00	5.000000e+00	1.000000e-01	-1.000100e-07	0.000000e+00	-5.010000e-12	1.000100e-07	0.000000e+00	-1.000050e-07
5.100000000000001e+00	5.100000e+00	1.000000e-01	-1.000102e-07	0.000000e+00	-5.110000e-12	1.000102e-07	0.000000e+00	-1.000051e-07
5.200000000000000e+00	5.200000e+00	1.000000e-01	-1.000104e-07	0.000000e+00	-5.210000e-12	1.000104e-07	0.000000e+00	-1.000052e-07
5.300000000000001e+00	5.300000e+00	1.000000e-01	-1.000106e-07	0.000000e+00	-5.310000e-12	1.000106e-07	0.000000e+00	-1.000053e-07
5.400000000000000e+00	5.400000e+00	1.000000e-01	-1.000108e-07	0.000000e+00	-5.410000e-12	1.000108e-07	0.000000e+00	-1.000054e-07
5.500000000000000e+00	5.500000e+00	1.000000e-01	-1.000110e-07	0.000000e+00	-5.510000e-12	1.000110e-07	0.000000e+00	-1.000055e-07
5.600000000000001e+00	5.600000e+00	1.000000e-01	-1.000112e-07	0.000000e+00	-5.610000e-12	1.000112e-07	0.000000e+00	-1.000056e-07
5.700000000000000e+00	5.700000e+00	1.000000e-01	-1.000114e-07	0.000000e+00	-5.710000e-12	1.000114e-07	0.000000e+00	-1.000057e-07
5.800000000000001e+00	5.800000e+00	1.000000e-01	-1.000116e-07	0.000000e+00	-5.810000e-12	1.000116e-07	0.000000e+00	-1.000058e-07
5.900000000000000e+00	5.900000e+00	1.000000e-01	-1.000118e-07	0.000000e+00	-5.910000e-12	1.000118e-07	0.000000e+00	-1.000059e-07
6.000000000000000e+00	6.000000e+00	1.000000e-01	-1.000120e-07	0.000000e+00	-6.010000e-12	1.000120e-07	0.000000e+00	-1.000060e-07
Step Information: Vin=200m  (Step: 3/51)
0.000000000000000e+00	0.000000e+00	2.000000e-01	0.000000e+00	0.000000e+00	0.000000e+00	0.000000e+00	0.000000e+00	-0.000000e+00
1.000000000000000e-01	1.000000e-01	2.000000e-01	-3.000002e-07	0.000000e+00	-1.097906e-13	3.000002e-07	0.000000e+00	-3.000001e-07
2.000000000000000e-01	2.000000e-01	2.000000e-01	-4.000004e-07	0.000000e+00	-2.099956e-13	4.000004e-07	0.000000e+00	-4.000002e-07
3.000000000000000e-01	3.000000e-01	2.000000e-01	-4.000006e-07	0.000000e+00	-3.099999e-13	4.000006e-07	0.000000e+00	-4.000003e-07
4.000000000000000e-01	4.000000e-01	2.000000e-01	-4.000008e-07	0.000000e+00	-4.100000e-13	4.000008e-07	0.000000e+00	-4.000004e-07
5.000000000000000e-01	5.000000e-01	2.000000e-01	-4.000010e-07	0.000000e+00	-5.100000e-13	4.000010e-07	0.000000e+00	-4.000005e-07
6.000000000000001e-01	6.000000e-01	2.000000e-01	-4.000012e-07	0.000000e+00	-6.100000e-13	4.000012e-07	0.000000e+00	-4.000006e-07
7.000000000000001e-01	7.000000e-01	2.000000e-01	-4.000014e-07	0.000000e+00	-7.100000e-13	4.000014e-07	0.000000e+00	-4.000007e-07
8.000000000000000e-01	8.000000e-01	2.000000e-01	-4.000016e-07	0.000000e+00	-8.100000e-13	4.000016e-07	0.000000e+00	-4.000008e-07
9.000000000000000e-01	9.000000e-01	2.000000e-01	-4.000018e-07	0.000000e+00	-9.100000e-13	4.000018e-07	0.000000e+00	-4.000009e-07
1.000000000000000e+00	1.000000e+00	2.000000e-01	-4.000020e-07	0.000000e+00	-1.010000e-12	4.000020e-07	0.000000e+00	-4.000010e-07
1.100000000000000e+00	1.100000e+00	2.000000e-01	-4.000022e-07	0.000000e+00	-1.110000e-12	4.000022e-07	0.000000e+00	-4.000011e-07
1.200000000000000e+00	1.200000e+00	2.000000e-01	-4.000024e-07	0.000000e+00	-1.210000e-12	4.000024e-07	0.000000e+00	-4.000012e-07
1.300000000000000e+00	1.300000e+00	2.000000e-01	-4.000026e-07	0.000000e+00	-1.310000e-12	4.000026e-07	0.000000e+00	-4.000013e-07
1.400000000000000e+00	1.400000e+00	2.000000e-01	-4.000028e-07	0.000000e+00	-1.410000e-12	4.000028e-07	0.000000e+00	-4.000014e-07
1.500000000000000e+00	1.500000e+00	2.000000e-01	-4.000030e-07	0.000000e+00	-1.510000e-12	4.000030e-07	0.000000e+00	-4.000015e-07
1.600000000000000e+00	1.600000e+00	2.000000e-01	-4.000032e-07	0.000000e+00	-1.610000e-12	4.000032e-07	0.000000e+00	-4.000016e-07
1.700000000000000e+00	1.700000e+00	2.000000e-01	-4.000034e-07	0.000000e+00	-1.710000e-12	4.000034e-07	0.000000e+00	-4.000017e-07
1.800000000000000e+00	1.800000e+00	2.000000e-01	-4.000036e-07	0.000000e+00	-1.810000e-12	4.000036e-07	0.000000e+00	-4.000018e-07
1.900000000000000e+00	1.900000e+00	2.000000e-01	-4.000038e-07	0.000000e+00	-1.910000e-12	4.000038e-07	0.000000e+00	-4.000019e-07
2.000000000000000e+00	2.000000e+00	2.000000e-01	-4.000040e-07	0.000000e+00	-2.010000e-12	4.000040e-07	0.000000e+00	-4.000020e-07
2.100000000000000e+00	2.100000e+00	2.000000e-01	-4.000042e-07	0.000000e+00	-2.110000e-12	4.000042e-07	0.000000e+00	-4.000021e-07
2.200000000000000e+00	2.200000e+00	2.000000e-01	-4.000044e-07	0.000000e+00	-2.210000e-12	4.000044e-07	0.000000e+00	-4.000022e-07
2.300000000000000e+00	2.300000e+00	2.000000e-01	-4.000046e-07	0.000000e+00	-2.310000e-12	4.000046e-07	0.000000e+00	-4.000023e-07
2.400000000000000e+00	2.400000e+00	2.000000e-01	-4.000048e-07	0.000000e+00	-2.410000e-12	4.000048e-07	0.000000e+00	-4.000024e-07
2.500000000000000e+00	2.500000e+00	2.000000e-01	-4.000050e-07	0.000000e+00	-2.510000e-12	4.000050e-07	0.000000e+00	-4.000025e-07
2.600000000000000e+00	2.600000e+00	2.000000e-01	-4.000052e-07	0.000000e+00	-2.610000e-12	4.000052e-07	0.000000e+00	-4.000026e-07
2.700000000000000e+00	2.700000e+00	2.000000e-01	-4.000054e-07	0.000000e+00	-2.710000e-12	4.000054e-07	0.000000e+00	-4.000027e-07
2.800000000000000e+00	2.800000e+00	2.000000e-01	-4.000056e-07	0.000000e+00	-2.810000e-12	4.000056e-07	0.000000e+00	-4.000028e-07
2.900000000000000e+00	2.900000e+00	2.000000e-01	-4.000058e-07	0.000000e+00	-2.910000e-12	4.000058e-07	0.000000e+00	-4.000029e-07
3.000000000000000e+00	3.000000e+00	2.000000e-01	-4.000060e-07	0.000000e+00	-3.010000e-12	4.000060e-07	0.000000e+00	-4.000030e-07
3.100000000000000e+00	3.100000e+00	2.000000e-01	-4.000062e-07	0.000000e+00	-3.110000e-12	4.000062e-07	0.000000e+00	-4.000031e-07
3.200000000000000e+00	3.200000e+00	2.000000e-01	-4.000064e-07	0.000000e+00	-3.210000e-12	4.000064e-07	0.000000e+00	-4.000032e-07
3.300000000000000e+00	3.300000e+00	2.000000e-01	-4.000066e-07	0.000000e+00	-3.310000e-12	4.000066e-07	0.000000e+00	-4.000033e-07
3.400000000000000e+00	3.400000e+00	2.000000e-01	-4.000068e-07	0.000000e+00	-3.410000e-12	4.000068e-07	0.000000e+00	-4.000034e-07
3.500000000000000e+00	3.500000e+00	2.000000e-01	-4.000070e-07	0.000000e+00	-3.510000e-12	4.000070e-07	0.000000e+00	-4.000035e-07
3.600000000000000e+00	3.600000e+00	2.000000e-01	-4.000072e-07	0.000000e+00	-3.610000e-12	4.000072e-07	0.000000e+00	-4.000036e-07
3.700000000000000e+00	3.700000e+00	2.000000e-01	-4.000074e-07	0.000000e+00	-3.710000e-12	4.000074e-07	0.000000e+00	-4.000037e-07
3.800000000000000e+00	3.800000e+00	2.000000e-01	-4.000076e-07	0.000000e+00	-3.810000e-12	4.000076e-07	0.000000e+00	-4.000038e-07
3.900000000000000e+00	3.900000e+00	2.000000e-01	-4.000078e-07	0.000000e+00	-3.910000e-12	4.000078e-07	0.000000e+00	-4.000039e-07
4.000000000000000e+00	4.000000e+00	2.000000e-01	-4.000080e-07	0.000000e+00	-4.010000e-12	4.000080e-07	0.000000e+00	-4.000040e-07
4.100000000000001e+00	4.100000e+00	2.000000e-01	-4.000082e-07	0.000000e+00	-4.110000e-12	4.000082e-07	0.000000e+00	-4.000041e-07
4.200000000000000e+00	4.200000e+00	2.000000e-01	-4.000084e-07	0.000000e+00	-4.210000e-12	4.000084e-07	0.000000e+00	-4.000042e-07
4.300000000000000e+00	4.300000e+00	2.000000e-01	-4.000086e-07	0.000000e+00	-4.310000e-12	4.000086e-07	0.000000e+00	-4.000043e-07
4.400000000000000e+00	4.400000e+00	2.000000e-01	-4.000088e-07	0.000000e+00	-4.410000e-12	4.000088e-07	0.000000e+00	-4.000044e-07
4.500000000000000e+00	4.500000e+00	2.000000e-01	-4.000090e-07	0.000000e+00	-4.510000e-12	4.000090e-07	0.000000e+00	-4.000045e-07
4.600000000000001e+00	4.600000e+00	2.000000e-01	-4.000092e-07	0.000000e+00	-4.610000e-12	4.000092e-07	0.000000e+00	-4.000046e-07
4.700000000000000e+00	4.700000e+00	2.000000e-01	-4.000094e-07	0.000000e+00	-4.710000e-12	4.000094e-07	0.000000e+00	-4.000047e-07
4.800000000000001e+00	4.800000e+00	2.000000e-01	-4.000096e-07	0.000000e+00	-4.810000e-12	4.000096e-07	0.000000e+00	-4.000048e-07
4.900000000000000e+00	4.900000e+00	2.000000e-01	-4.000098e-07	0.000000e+00	-4.910000e-12	4.000098e-07	0.000000e+00	-4.000049e-07
5.000000000000000e+00	5.000000e+00	2.000000e-01	-4.000100e-07	0.000000e+00	-5.010000e-12	4.000100e-07	0.000000e+00	-4.000050e-07
5.100000000000001e+00	5.100000e+00	2.000000e-01	-4.000102e-07	0.000000e+00	-5.110000e-12	4.000102e-07	0.000000e+00	-4.000051e-07
5.200000000000000e+00	5.200000e+00	2.000000e-01	-4.000104e-07	0.000000e+00	-5.210000e-12	4.000104e-07	0.000000e+00	-4.000052e-07
5.300000000000001e+00	5.300000e+00	2.000000e-01	-4.000106e-07	0.000000e+00	-5.310000e-12	4.000106e-07	0.000000e+00	-4.000053e-07
5.400000000000000e+00	5.400000e+00	2.000000e-01	-4.000108e-07	0.000000e+00	-5.410000e-12	4.000108e-07	0.000000e+00	-4.000054e-07
5.500000000000000e+00	5.500000e+00	2.000000e-01	-4.000110e-07	0.000000e+00	-5.510000e-12	4.000110e-07	0.000000e+00	-4.000055e-07
5.600000000000001e+00	5.600000e+00	2.000000e-01	-4.000112e-07	0.000000e+00	-5.610000e-12	4.000112e-07	0.000000e+00	-4.000056e-07
5.700000000000000e+00	5.700000e+00	2.000000e-01	-4.000114e-07	0.000000e+00	-5.710000e-12	4.000114e-07	0.000000e+00	-4.000057e-07
5.800000000000001e+00	5.800000e+00	2.000000e-01	-4.000116e-07	0.000000e+00	-5.810000e-12	4.000116e-07	0.000000e+00	-4.000058e-07
5.900000000000000e+00	5.900000e+00	2.000000e-01	-4.000118e-07	0.000000e+00	-5.910000e-12	4.000118e-07	0.000000e+00	-4.000059e-07
6.000000000000000e+00	6.000000e+00	2.000000e-01	-4.000120e-07	0.000000e+00	-6.010000e-12	4.000120e-07	0.000000e+00	-4.000060e-07
Step Information: Vin=300m  (Step: 4/51)
0.000000000000000e+00	0.000000e+00	3.000000e-01	0.000000e+00	0.000000e+00	0.000000e+00	0.000000e+00	0.000000e+00	-0.000000e+00
1.000000000000000e-01	1.000000e-01	3.000000e-01	-5.000002e-07	0.000000e+00	-1.097906e-13	5.000002e-07	0.000000e+00	-5.000001e-07
2.000000000000000e-01	2.000000e-01	3.000000e-01	-8.000004e-07	0.000000e+00	-2.099956e-13	8.000004e-07	0.000000e+00	-8.000002e-07
3.000000000000000e-01	3.000000e-01	3.000000e-01	-9.000006e-07	0.000000e+00	-3.099999e-13	9.000006e-07	0.000000e+00	-9.000003e-07
4.000000000000000e-01	4.000000e-01	3.000000e-01	-9.000008e-07	0.000000e+00	-4.100000e-13	9.000008e-07	0.000000e+00	-9.000004e-07
5.000000000000000e-01	5.000000e-01	3.000000e-01	-9.000010e-07	0.000000e+00	-5.100000e-13	9.000010e-07	0.000000e+00	-9.000005e-07
6.000000000000001e-01	6.000000e-01	3.000000e-01	-9.000012e-07	0.000000e+00	-6.100000e-13	9.000012e-07	0.000000e+00	-9.000006e-07
7.000000000000001e-01	7.000000e-01	3.000000e-01	-9.000014e-07	0.000000e+00	-7.100000e-13	9.000014e-07	0.000000e+00	-9.000007e-07
8.000000000000000e-01	8.000000e-01	3.000000e-01	-9.000016e-07	0.000000e+00	-8.100000e-13	9.000016e-07	0.000000e+00	-9.000008e-07
9.000000000000000e-01	9.000000e-01	3.000000e-01	-9.000018e-07	0.000000e+00	-9.100000e-13	9.000018e-07	0.000000e+00	-9.000009e-07
1.000000000000000e+00	1.000000e+00	3.000000e-01	-9.000020e-07	0.000000e+00	-1.010000e-12	9.000020e-07	0.000000e+00	-9.000010e-07
1.100000000000000e+00	1.100000e+00	3.000000e-01	-9.000022e-07	0.000000e+00	-1.110000e-12	9.000022e-07	0.000000e+00	-9.000011e-07
1.200000000000000e+00	1.200000e+00	3.000000e-01	-9.000024e-07	0.000000e+00	-1.210000e-12	9.000024e-07	0.000000e+00	-9.000012e-07
1.300000000000000e+00	1.300000e+00	3.000000e-01	-9.000026e-07	0.000000e+00	-1.310000e-12	9.000026e-07	0.000000e+00	-9.000013e-07
1.400000000000000e+00	1.400000e+00	3.000000e-01	-9.000028e-07	0.000000e+00	-1.410000e-12	9.000028e-07	0.000000e+00	-9.000014e-07
1.500000000000000e+00	1.500000e+00	3.000000e-01	-9.000030e-07	0.000000e+00	-1.510000e-12	9.000030e-07	0.000000e+00	-9.000015e-07
1.600000000000000e+00	1.600000e+00	3.000000e-01	-9.000032e-07	0.000000e+00	-1.610000e-12	9.000032e-07	0.000000e+00	-9.000016e-07
1.700000000000000e+00	1.700000e+00	3.000000e-01	-9.000034e-07	0.000000e+00	-1.710000e-12	9.000034e-07	0.000000e+00	-9.000017e-07
1.800000000000000e+00	1.800000e+00	3.000000e-01	-9.000036e-07	0.000000e+00	-1.810000e-12	9.000036e-07	0.000000e+00	-9.000018e-07
1.900000000000000e+00	1.900000e+00	3.000000e-01	-9.000038e-07	0.000000e+00	-1.910000e-12	9.000038e-07	0.000000e+00	-9.000019e-07
2.000000000000000e+00	2.000000e+00	3.000000e-01	-9.000040e-07	0.000000e+00	-2.010000e-12	9.000040e-07	0.000000e+00	-9.000020e-07
2.100000000000000e+00	2.100000e+00	3.000000e-01	-9.000042e-07	0.000000e+00	-2.110000e-12	9.000042e-07	0.000000e+00	-9.000021e-07
2.200000000000000e+00	2.200000e+00	3.000000e-01	-9.000044e-07	0.000000e+00	-2.210000e-12	9.000044e-07	0.000000e+00	-9.000022e-07
2.300000000000000e+00	2.300000e+00	3.000000e-01	-9.000046e-07	0.000000e+00	-2.310000e-12	9.000046e-07	0.000000e+00	-9.000023e-07
2.400000000000000e+00	2.400000e+00	3.000000e-01	-9.000048e-07	0.000000e+00	-2.410000e-12	9.000048e-07	0.000000e+00	-9.000024e-07
2.500000000000000e+00	2.500000e+00	3.000000e-01	-9.000050e-07	0.000000e+00	-2.510000e-12	9.000050e-07	0.000000e+00	-9.000025e-07
2.600000000000000e+00	2.600000e+00	3.000000e-01	-9.000052e-07	0.000000e+00	-2.610000e-12	9.000052e-07	0.000000e+00	-9.000026e-07
2.700000000000000e+00	2.700000e+00	3.000000e-01	-9.000054e-07	0.000000e+00	-2.710000e-12	9.000054e-07	0.000000e+00	-9.000027e-07
2.800000000000000e+00	2.800000e+00	3.000000e-01	-9.000056e-07	0.000000e+00	-2.810000e-12	9.000056e-07	0.000000e+00	-9.000028e-07
2.900000000000000e+00	2.900000e+00	3.000000e-01	-9.000058e-07	0.000000e+00	-2.910000e-12	9.000058e-07	0.000000e+00	-9.000029e-07
3.000000000000000e+00	3.000000e+00	3.000000e-01	-9.000060e-07	0.000000e+00	-3.010000e-12	9.000060e-07	0.000000e+00	-9.000030e-07
3.100000000000000e+00	3.100000e+00	3.000000e-01	-9.000062e-07	0.000000e+00	-3.110000e-12	9.000062e-07	0.000000e+00	-9.000031e-07
3.200000000000000e+00	3.200000e+00	3.000000e-01	-9.000064e-07	0.000000e+00	-3.210000e-12	9.000064e-07	0.000000e+00	-9.000032e-07
3.300000000000000e+00	3.300000e+00	3.000000e-01	-9.000066e-07	0.000000e+00	-3.310000e-12	9.000066e-07	0.000000e+00	-9.000033e-07
3.400000000000000e+00	3.400000e+00	3.000000e-01	-9.000068e-07	0.000000e+00	-3.410000e-12	9.000068e-07	0.000000e+00	-9.000034e-07
3.500000000000000e+00	3.500000e+00	3.000000e-01	-9.000070e-07	0.000000e+00	-3.510000e-12	9.000070e-07	0.000000e+00	-9.000035e-07
3.600000000000000e+00	3.600000e+00	3.000000e-01	-9.000072e-07	0.000000e+00	-3.610000e-12	9.000072e-07	0.000000e+00	-9.000036e-07
3.700000000000000e+00	3.700000e+00	3.000000e-01	-9.000074e-07	0.000000e+00	-3.710000e-12	9.000074e-07	0.000000e+00	-9.000037e-07
3.800000000000000e+00	3.800000e+00	3.000000e-01	-9.000076e-07	0.000000e+00	-3.810000e-12	9.000076e-07	0.000000e+00	-9.000038e-07
3.900000000000000e+00	3.900000e+00	3.000000e-01	-9.000078e-07	0.000000e+00	-3.910000e-12	9.000078e-07	0.000000e+00	-9.000039e-07
4.000000000000000e+00	4.000000e+00	3.000000e-01	-9.000080e-07	0.000000e+00	-4.010000e-12	9.000080e-07	0.000000e+00	-9.000040e-07
4.100000000000001e+00	4.100000e+00	3.000000e-01	-9.000082e-07	0.000000e+00	-4.110000e-12	9.000082e-07	0.000000e+00	-9.000041e-07
4.200000000000000e+00	4.200000e+00	3.000000e-01	-9.000084e-07	0.000000e+00	-4.210000e-12	9.000084e-07	0.000000e+00	-9.000042e-07
4.300000000000000e+00	4.300000e+00	3.000000e-01	-9.000086e-07	0.000000e+00	-4.310000e-12	9.000086e-07	0.000000e+00	-9.000043e-07
4.400000000000000e+00	4.400000e+00	3.000000e-01	-9.000088e-07	0.000000e+00	-4.410000e-12	9.000088e-07	0.000000e+00	-9.000044e-07
4.500000000000000e+00	4.500000e+00	3.000000e-01	-9.000090e-07	0.000000e+00	-4.510000e-12	9.000090e-07	0.000000e+00	-9.000045e-07
4.600000000000001e+00	4.600000e+00	3.000000e-01	-9.000092e-07	0.000000e+00	-4.610000e-12	9.000092e-07	0.000000e+00	-9.000046e-07
4.700000000000000e+00	4.700000e+00	3.000000e-01	-9.000094e-07	0.000000e+00	-4.710000e-12	9.000094e-07	0.000000e+00	-9.000047e-07
4.800000000000001e+00	4.800000e+00	3.000000e-01	-9.000096e-07	0.000000e+00	-4.810000e-12	9.000096e-07	0.000000e+00	-9.000048e-07
4.900000000000000e+00	4.900000e+00	3.000000e-01	-9.000098e-07	0.000000e+00	-4.910000e-12	9.000098e-07	0.000000e+00	-9.000049e-07
5.000000000000000e+00	5.000000e+00	3.000000e-01	-9.000100e-07	0.000000e+00	-5.010000e-12	9.000100e-07	0.000000e+00	-9.000050e-07
5.100000000000001e+00	5.100000e+00	3.000000e-01	-9.000102e-07	0.000000e+00	-5.110000e-12	9.000102e-07	0.000000e+00	-9.000051e-07
5.200000000000000e+00	5.200000e+00	3.000000e-01	-9.000104e-07	0.000000e+00	-5.210000e-12	9.000104e-07	0.000000e+00	-9.000052e-07
5.300000000000001e+00	5.300000e+00	3.000000e-01	-9.000106e-07	0.000000e+00	-5.310000e-12	9.000106e-07	0.000000e+00	-9.000053e-07
5.400000000000000e+00	5.400000e+00	3.000000e-01	-9.000108e-07	0.000000e+00	-5.410000e-12	9.000108e-07	0.000000e+00	-9.000054e-07
5.500000000000000e+00	5.500000e+00	3.000000e-01	-9.000110e-07	0.000000e+00	-5.510000e-12	9.000110e-07	0.000000e+00	-9.000055e-07
5.600000000000001e+00	5.600000e+00	3.000000e-01	-9.000112e-07	0.000000e+00	-5.610000e-12	9.000112e-07	0.000000e+00	-9.000056e-07
5.700000000000000e+00	5.700000e+00	3.000000e-01	-9.000114e-07	0.000000e+00	-5.710000e-12	9.000114e-07	0.000000e+00	-9.000057e-07
5.800000000000001e+00	5.800000e+00	3.000000e-01	-9.000116e-07	0.000000e+00	-5.810000e-12	9.000116e-07	0.000000e+00	-9.000058e-07
5.900000000000000e+00	5.900000e+00	3.000000e-01	-9.000118e-07	0.000000e+00	-5.910000e-12	9.000118e-07	0.000000e+00	-9.000059e-07
6.000000000000000e+00	6.000000e+00	3.000000e-01	-9.000120e-07	0.000000e+00	-6.010000e-12	9.000120e-07	0.000000e+00	-9.000060e-07
Step Information: Vin=400m  (Step: 5/51)
0.000000000000000e+00	0.000000e+00	4.000000e-01	0.000000e+00	0.000000e+00	0.000000e+00	0.000000e+00	0.000000e+00	-0.000000e+00
1.000000000000000e-01	1.000000e-01	4.000000e-01	-7.000002e-07	0.000000e+00	-1.097906e-13	7.000002e-07	0.000000e+00	-7.000001e-07
2.000000000000000e-01	2.000000e-01	4.000000e-01	-1.200000e-06	0.000000e+00	-2.099956e-13	1.200000e-06	0.000000e+00	-1.200000e-06
3.000000000000000e-01	3.000000e-01	4.000000e-01	-1.500001e-06	0.000000e+00	-3.099999e-13	1.500001e-06	0.000000e+00	-1.500000e-06
4.000000000000000e-01	4.000000e-01	4.000000e-01	-1.600001e-06	0.000000e+00	-4.100000e-13	1.600001e-06	0.000000e+00	-1.600000e-06
5.000000000000000e-01	5.000000e-01	4.000000e-01	-1.600001e-06	0.000000e+00	-5.100000e-13	1.600001e-06	0.000000e+00	-1.600000e-06
6.000000000000001e-01	6.000000e-01	4.000000e-01	-1.600001e-06	0.000000e+00	-6.100000e-13	1.600001e-06	0.000000e+00	-1.600001e-06
7.000000000000001e-01	7.000000e-01	4.000000e-01	-1.600001e-06	0.000000e+00	-7.100000e-13	1.600001e-06	0.000000e+00	-1.600001e-06
8.000000000000000e-01	8.000000e-01	4.000000e-01	-1.600002e-06	0.000000e+00	-8.100000e-13	1.600002e-06	0.000000e+00	-1.600001e-06
9.000000000000000e-01	9.000000e-01	4.000000e-01	-1.600002e-06	0.000000e+00	-9.100000e-13	1.600002e-06	0.000000e+00	-1.600001e-06
1.000000000000000e+00	1.000000e+00	4.000000e-01	-1.600002e-06	0.000000e+00	-1.010000e-12	1.600002e-06	0.000000e+00	-1.600001e-06
1.100000000000000e+00	1.100000e+00	4.000000e-01	-1.600002e-06	0.000000e+00	-1.110000e-12	1.600002e-06	0.000000e+00	-1.600001e-06
1.200000000000000e+00	1.200000e+00	4.000000e-01	-1.600002e-06	0.000000e+00	-1.210000e-12	1.600002e-06	0.000000e+00	-1.600001e-06
1.300000000000000e+00	1.300000e+00	4.000000e-01	-1.600003e-06	0.000000e+00	-1.310000e-12	1.600003e-06	0.000000e+00	-1.600001e-06
1.400000000000000e+00	1.400000e+00	4.000000e-01	-1.600003e-06	0.000000e+00	-1.410000e-12	1.600003e-06	0.000000e+00	-1.600001e-06
1.500000000000000e+00	1.500000e+00	4.000000e-01	-1.600003e-06	0.000000e+00	-1.510000e-12	1.600003e-06	0.000000e+00	-1.600001e-06
1.600000000000000e+00	1.600000e+00	4.000000e-01	-1.600003e-06	0.000000e+00	-1.610000e-12	1.600003e-06	0.000000e+00	-1.600002e-06
1.700000000000000e+00	1.700000e+00	4.000000e-01	-1.600003e-06	0.000000e+00	-1.710000e-12	1.600003e-06	0.000000e+00	-1.600002e-06
1.800000000000000e+00	1.800000e+00	4.000000e-01	-1.600004e-06	0.000000e+00	-1.810000e-12	1.600004e-06	0.000000e+00	-1.600002e-06
1.900000000000000e+00	1.900000e+00	4.000000e-01	-1.600004e-06	0.000000e+00	-1.910000e-12	1.600004e-06	0.000000e+00	-1.600002e-06
2.000000000000000e+00	2.000000e+00	4.000000e-01	-1.600004e-06	0.000000e+00	-2.010000e-12	1.600004e-06	0.000000e+00	-1.600002e-06
2.100000000000000e+00	2.100000e+00	4.000000e-01	-1.600004e-06	0.000000e+00	-2.110000e-12	1.600004e-06	0.000000e+00	-1.600002e-06
2.200000000000000e+00	2.200000e+00	4.000000e-01	-1.600004e-06	0.000000e+00	-2.210000e-12	1.600004e-06	0.000000e+00	-1.600002e-06
2.300000000000000e+00	2.300000e+00	4.000000e-01	-1.600005e-06	0.000000e+00	-2.310000e-12	1.600005e-06	0.000000e+00	-1.600002e-06
2.400000000000000e+00	2.400000e+00	4.000000e-01	-1.600005e-06	0.000000e+00	-2.410000e-12	1.600005e-06	0.000000e+00	-1.600002e-06
2.500000000000000e+00	2.500000e+00	4.000000e-01	-1.600005e-06	0.000000e+00	-2.510000e-12	1.600005e-06	0.000000e+00	-1.600003e-06
2.600000000000000e+00	2.600000e+00	4.000000e-01	-1.600005e-06	0.000000e+00	-2.610000e-12	1.600005e-06	0.000000e+00	-1.600003e-06
2.700000000000000e+00	2.700000e+00	4.000000e-01	-1.600005e-06	0.000000e+00	-2.710000e-12	1.600005e-06	0.000000e+00	-1.600003e-06
2.800000000000000e+00	2.800000e+00	4.000000e-01	-1.600006e-06	0.000000e+00	-2.810000e-12	1.600006e-06	0.000000e+00	-1.600003e-06
2.900000000000000e+00	2.900000e+00	4.000000e-01	-1.600006e-06	0.000000e+00	-2.910000e-12	1.600006e-06	0.000000e+00	-1.600003e-06
3.000000000000000e+00	3.000000e+00	4.000000e-01	-1.600006e-06	0.000000e+00	-3.010000e-12	1.600006e-06	0.000000e+00	-1.600003e-06
3.100000000000000e+00	3.100000e+00	4.000000e-01	-1.600006e-06	0.000000e+00	-3.110000e-12	1.600006e-06	0.000000e+00	-1.600003e-06
3.200000000000000e+00	3.200000e+00	4.000000e-01	-1.600006e-06	0.000000e+00	-3.210000e-12	1.600006e-06	0.000000e+00	-1.600003e-06
3.300000000000000e+00	3.300000e+00	4.000000e-01	-1.600007e-06	0.000000e+00	-3.310000e-12	1.600007e-06	0.000000e+00	-1.600003e-06
3.400000000000000e+00	3.400000e+00	4.000000e-01	-1.600007e-06	0.000000e+00	-3.410000e-12	1.600007e-06	0.000000e+00	-1.600003e-06
3.500000000000000e+00	3.500000e+00	4.000000e-01	-1.600007e-06	0.000000e+00	-3.510000e-12	1.600007e-06	0.000000e+00	-1.600004e-06
3.600000000000000e+00	3.600000e+00	4.000000e-01	-1.600007e-06	0.000000e+00	-3.610000e-12	1.600007e-06	0.000000e+00	-1.600004e-06
3.700000000000000e+00	3.700000e+00	4.000000e-01	-1.600007e-06	0.000000e+00	-3.710000e-12	1.600007e-06	0.000000e+00	-1.600004e-06
3.800000000000000e+00	3.800000e+00	4.000000e-01	-1.600008e-06	0.000000e+00	-3.810000e-12	1.600008e-06	0.000000e+00	-1.600004e-06
3.900000000000000e+00	3.900000e+00	4.000000e-01	-1.600008e-06	0.000000e+00	-3.910000e-12	1.600008e-06	0.000000e+00	-1.600004e-06
4.000000000000000e+00	4.000000e+00	4.000000e-01	-1.600008e-06	0.000000e+00	-4.010000e-12	1.600008e-06	0.000000e+00	-1.600004e-06
4.100000000000001e+00	4.100000e+00	4.000000e-01	-1.600008e-06	0.000000e+00	-4.110000e-12	1.600008e-06	0.000000e+00	-1.600004e-06
4.200000000000000e+00	4.200000e+00	4.000000e-01	-1.600008e-06	0.000000e+00	-4.210000e-12	1.600008e-06	0.000000e+00	-1.600004e-06
4.300000000000000e+00	4.300000e+00	4.000000e-01	-1.600009e-06	0.000000e+00	-4.310000e-12	1.600009e-06	0.000000e+00	-1.600004e-06
4.400000000000000e+00	4.400000e+00	4.000000e-01	-1.600009e-06	0.000000e+00	-4.410000e-12	1.600009e-06	0.000000e+00	-1.600004e-06
4.500000000000000e+00	4.500000e+00	4.000000e-01	-1.600009e-06	0.000000e+00	-4.510000e-12	1.600009e-06	0.000000e+00	-1.600004e-06
4.600000000000001e+00	4.600000e+00	4.000000e-01	-1.600009e-06	0.000000e+00	-4.610000e-12	1.600009e-06	0.000000e+00	-1.600005e-06
4.700000000000000e+00	4.700000e+00	4.000000e-01	-1.600009e-06	0.000000e+00	-4.710000e-12	1.600009e-06	0.000000e+00	-1.600005e-06
4.800000000000001e+00	4.800000e+00	4.000000e-01	-1.600010e-06	0.000000e+00	-4.810000e-12	1.600010e-06	0.000000e+00	-1.600005e-06
4.900000000000000e+00	4.900000e+00	4.000000e-01	-1.600010e-06	0.000000e+00	-4.910000e-12	1.600010e-06	0.000000e+00	-1.600005e-06
5.000000000000000e+00	5.000000e+00	4.000000e-01	-1.600010e-06	0.000000e+00	-5.010000e-12	1.600010e-06	0.000000e+00	-1.600005e-06
5.100000000000001e+00	5.100000e+00	4.000000e-01	-1.600010e-06	0.000000e+00	-5.110000e-12	1.600010e-06	0.000000e+00	-1.600005e-06
5.200000000000000e+00	5.200000e+00	4.000000e-01	-1.600010e-06	0.000000e+00	-5.210000e-12	1.600010e-06	0.000000e+00	-1.600005e-06
5.300000000000001e+00	5.300000e+00	4.000000e-01	-1.600011e-06	0.000000e+00	-5.310000e-12	1.600011e-06	0.000000e+00	-1.600005e-06
5.400000000000000e+00	5.400000e+00	4.000000e-01	-1.600011e-06	0.000000e+00	-5.410000e-12	1.600011e-06	0.000000e+00	-1.600005e-06
5.500000000000000e+00	5.500000e+00	4.000000e-01	-1.600011e-06	0.000000e+00	-5.510000e-12	1.600011e-06	0.000000e+00	-1.600005e-06
5.600000000000001e+00	5.600000e+00	4.000000e-01	-1.600011e-06	0.000000e+00	-5.610000e-12	1.600011e-06	0.000000e+00	-1.600006e-06
5.700000000000000e+00	5.700000e+00	4.000000e-01	-1.600011e-06	0.000000e+00	-5.710000e-12	1.600011e-06	0.000000e+00	-1.600006e-06
5.800000000000001e+00	5.800000e+00	4.000000e-01	-1.600012e-06	0.000000e+00	-5.810000e-12	1.600012e-06	0.000000e+00	-1.600006e-06
5.900000000000000e+00	5.900000e+00	4.000000e-01	-1.600012e-06	0.000000e+00	-5.910000e-12	1.600012e-06	0.000000e+00	-1.600006e-06
6.000000000000000e+00	6.000000e+00	4.000000e-01	-1.600012e-06	0.000000e+00	-6.010000e-12	1.600012e-06	0.000000e+00	-1.600006e-06
Step Information: Vin=500m  (Step: 6/51)
0.000000000000000e+00	0.000000e+00	5.000000e-01	0.000000e+00	0.000000e+00	0.000000e+00	0.000000e+00	0.000000e+00	-0.000000e+00
1.000000000000000e-01	1.000000e-01	5.000000e-01	-9.000002e-07	0.000000e+00	-1.097906e-13	9.000002e-07	0.000000e+00	-9.000001e-07
2.000000000000000e-01	2.000000e-01	5.000000e-01	-1.600000e-06	0.000000e+00	-2.099956e-13	1.600000e-06	0.000000e+00	-1.600000e-06
3.000000000000000e-01	3.000000e-01	5.000000e-01	-2.100001e-06	0.000000e+00	-3.099999e-13	2.100001e-06	0.000000e+00	-2.100000e-06
4.000000000000000e-01	4.000000e-01	5.000000e-01	-2.400001e-06	0.000000e+00	-4.100000e-13	2.400001e-06	0.000000e+00	-2.400000e-06
5.000000000000000e-01	5.000000e-01	5.000000e-01	-2.500001e-06	0.000000e+00	-5.100000e-13	2.500001e-06	0.000000e+00	-2.500000e-06
6.000000000000001e-01	6.000000e-01	5.000000e-01	-2.500001e-06	0.000000e+00	-6.100000e-13	2.500001e-06	0.000000e+00	-2.500001e-06
7.000000000000001e-01	7.000000e-01	5.000000e-01	-2.500001e-06	0.000000e+00	-7.100000e-13	2.500001e-06	0.000000e+00	-2.500001e-06
8.000000000000000e-01	8.000000e-01	5.000000e-01	-2.500002e-06	0.000000e+00	-8.100000e-13	2.500002e-06	0.000000e+00	-2.500001e-06
9.000000000000000e-01	9.000000e-01	5.000000e-01	-2.500002e-06	0.000000e+00	-9.100000e-13	2.500002e-06	0.000000e+00	-2.500001e-06
1.000000000000000e+00	1.000000e+00	5.000000e-01	-2.500002e-06	0.000000e+00	-1.010000e-12	2.500002e-06	0.000000e+00	-2.500001e-06
1.100000000000000e+00	1.100000e+00	5.000000e-01	-2.500002e-06	0.000000e+00	-1.110000e-12	2.500002e-06	0.000000e+00	-2.500001e-06
1.200000000000000e+00	1.200000e+00	5.000000e-01	-2.500002e-06	0.000000e+00	-1.210000e-12	2.500002e-06	0.000000e+00	-2.500001e-06
1.300000000000000e+00	1.300000e+00	5.000000e-01	-2.500003e-06	0.000000e+00	-1.310000e-12	2.500003e-06	0.000000e+00	-2.500001e-06
1.400000000000000e+00	1.400000e+00	5.000000e-01	-2.500003e-06	0.000000e+00	-1.410000e-12	2.500003e-06	0.000000e+00	-2.500001e-06
1.500000000000000e+00	1.500000e+00	5.000000e-01	-2.500003e-06	0.000000e+00	-1.510000e-12	2.500003e-06	0.000000e+00	-2.500002e-06
1.600000000000000e+00	1.600000e+00	5.000000e-01	-2.500003e-06	0.000000e+00	-1.610000e-12	2.500003e-06	0.000000e+00	-2.500002e-06
1.700000000000000e+00	1.700000e+00	5.000000e-01	-2.500003e-06	0.000000e+00	-1.710000e-12	2.500003e-06	0.000000e+00	-2.500002e-06
1.800000000000000e+00	1.800000e+00	5.000000e-01	-2.500004e-06	0.000000e+00	-1.810000e-12	2.500004e-06	0.000000e+00	-2.500002e-06
1.900000000000000e+00	1.900000e+00	5.000000e-01	-2.500004e-06	0.000000e+00	-1.910000e-12	2.500004e-06	0.000000e+00	-2.500002e-06
2.000000000000000e+00	2.000000e+00	5.000000e-01	-2.500004e-06	0.000000e+00	-2.010000e-12	2.500004e-06	0.000000e+00	-2.500002e-06
2.100000000000000e+00	2.100000e+00	5.000000e-01	-2.500004e-06	0.000000e+00	-2.110000e-12	2.500004e-06	0.000000e+00	-2.500002e-06
2.200000000000000e+00	2.200000e+00	5.000000e-01	-2.500004e-06	0.000000e+00	-2.210000e-12	2.500004e-06	0.000000e+00	-2.500002e-06
2.300000000000000e+00	2.300000e+00	5.000000e-01	-2.500005e-06	0.000000e+00	-2.310000e-12	2.500005e-06	0.000000e+00	-2.500002e-06
2.400000000000000e+00	2.400000e+00	5.000000e-01	-2.500005e-06	0.000000e+00	-2.410000e-12	2.500005e-06	0.000000e+00	-2.500002e-06
2.500000000000000e+00	2.500000e+00	5.000000e-01	-2.500005e-06	0.000000e+00	-2.510000e-12	2.500005e-06	0.000000e+00	-2.500002e-06
2.600000000000000e+00	2.600000e+00	5.000000e-01	-2.500005e-06	0.000000e+00	-2.610000e-12	2.500005e-06	0.000000e+00	-2.500003e-06
2.700000000000000e+00	2.700000e+00	5.000000e-01	-2.500005e-06	0.000000e+00	-2.710000e-12	2.500005e-06	0.000000e+00	-2.500003e-06
2.800000000000000e+00	2.800000e+00	5.000000e-01	-2.500006e-06	0.000000e+00	-2.810000e-12	2.500006e-06	0.000000e+00	-2.500003e-06
2.900000000000000e+00	2.900000e+00	5.000000e-01	-2.500006e-06	0.000000e+00	-2.910000e-12	2.500006e-06	0.000000e+00	-2.500003e-06
3.000000000000000e+00	3.000000e+00	5.000000e-01	-2.500006e-06	0.000000e+00	-3.010000e-12	2.500006e-06	0.000000e+00	-2.500003e-06
3.100000000000000e+00	3.100000e+00	5.000000e-01	-2.500006e-06	0.000000e+00	-3.110000e-12	2.500006e-06	0.000000e+00	-2.500003e-06
3.200000000000000e+00	3.200000e+00	5.000000e-01	-2.500006e-06	0.000000e+00	-3.210000e-12	2.500006e-06	0.000000e+00	-2.500003e-06
3.300000000000000e+00	3.300000e+00	5.000000e-01	-2.500007e-06	0.000000e+00	-3.310000e-12	2.500007e-06	0.000000e+00	-2.500003e-06
3.400000000000000e+00	3.400000e+00	5.000000e-01	-2.500007e-06	0.000000e+00	-3.410000e-12	2.500007e-06	0.000000e+00	-2.500003e-06
3.500000000000000e+00	3.500000e+00	5.000000e-01	-2.500007e-06	0.000000e+00	-3.510000e-12	2.500007e-06	0.000000e+00	-2.500004e-06
3.600000000000000e+00	3.600000e+00	5.000000e-01	-2.500007e-06	0.000000e+00	-3.610000e-12	2.500007e-06	0.000000e+00	-2.500004e-06
3.700000000000000e+00	3.700000e+00	5.000000e-01	-2.500007e-06	0.000000e+00	-3.710000e-12	2.500007e-06	0.000000e+00	-2.500004e-06
3.800000000000000e+00	3.800000e+00	5.000000e-01	-2.500008e-06	0.000000e+00	-3.810000e-12	2.500008e-06	0.000000e+00	-2.500004e-06
3.900000000000000e+00	3.900000e+00	5.000000e-01	-2.500008e-06	0.000000e+00	-3.910000e-12	2.500008e-06	0.000000e+00	-2.500004e-06
4.000000000000000e+00	4.000000e+00	5.000000e-01	-2.500008e-06	0.000000e+00	-4.010000e-12	2.500008e-06	0.000000e+00	-2.500004e-06
4.100000000000001e+00	4.100000e+00	5.000000e-01	-2.500008e-06	0.000000e+00	-4.110000e-12	2.500008e-06	0.000000e+00	-2.500004e-06
4.200000000000000e+00	4.200000e+00	5.000000e-01	-2.500008e-06	0.000000e+00	-4.210000e-12	2.500008e-06	0.000000e+00	-2.500004e-06
4.300000000000000e+00	4.300000e+00	5.000000e-01	-2.500009e-06	0.000000e+00	-4.310000e-12	2.500009e-06	0.000000e+00	-2.500004e-06
4.400000000000000e+00	4.400000e+00	5.000000e-01	-2.500009e-06	0.000000e+00	-4.410000e-12	2.500009e-06	0.000000e+00	-2.500004e-06
4.500000000000000e+00	4.500000e+00	5.000000e-01	-2.500009e-06	0.000000e+00	-4.510000e-12	2.500009e-06	0.000000e+00	-2.500004e-06
4.600000000000001e+00	4.600000e+00	5.000000e-01	-2.500009e-06	0.000000e+00	-4.610000e-12	2.500009e-06	0.000000e+00	-2.500005e-06
4.700000000000000e+00	4.700000e+00	5.000000e-01	-2.500009e-06	0.000000e+00	-4.710000e-12	2.500009e-06	0.000000e+00	-2.500005e-06
4.800000000000001e+00	4.800000e+00	5.000000e-01	-2.500010e-06	0.000000e+00	-4.810000e-12	2.500010e-06	0.000000e+00	-2.500005e-06
4.900000000000000e+00	4.900000e+00	5.000000e-01	-2.500010e-06	0.000000e+00	-4.910000e-12	2.500010e-06	0.000000e+00	-2.500005e-06
5.000000000000000e+00	5.000000e+00	5.000000e-01	-2.500010e-06	0.000000e+00	-5.010000e-12	2.500010e-06	0.000000e+00	-2.500005e-06
5.100000000000001e+00	5.100000e+00	5.000000e-01	-2.500010e-06	0.000000e+00	-5.110000e-12	2.500010e-06	0.000000e+00	-2.500005e-06
5.200000000000000e+00	5.200000e+00	5.000000e-01	-2.500010e-06	0.000000e+00	-5.210000e-12	2.500010e-06	0.000000e+00	-2.500005e-06
5.300000000000001e+00	5.300000e+00	5.000000e-01	-2.500011e-06	0.000000e+00	-5.310000e-12	2.500011e-06	0.000000e+00	-2.500005e-06
5.400000000000000e+00	5.400000e+00	5.000000e-01	-2.500011e-06	0.000000e+00	-5.410000e-12	2.500011e-06	0.000000e+00	-2.500005e-06
5.500000000000000e+00	5.500000e+00	5.000000e-01	-2.500011e-06	0.000000e+00	-5.510000e-12	2.500011e-06	0.000000e+00	-2.500005e-06
5.600000000000001e+00	5.600000e+00	5.000000e-01	-2.500011e-06	0.000000e+00	-5.610000e-12	2.500011e-06	0.000000e+00	-2.500006e-06
5.700000000000000e+00	5.700000e+00	5.000000e-01	-2.500011e-06	0.000000e+00	-5.710000e-12	2.500011e-06	0.000000e+00	-2.500006e-06
5.800000000000001e+00	5.800000e+00	5.000000e-01	-2.500012e-06	0.000000e+00	-5.810000e-12	2.500012e-06	0.000000e+00	-2.500006e-06
5.900000000000000e+00	5.900000e+00	5.000000e-01	-2.500012e-06	0.000000e+00	-5.910000e-12	2.500012e-06	0.000000e+00	-2.500006e-06
6.000000000000000e+00	6.000000e+00	5.000000e-01	-2.500012e-06	0.000000e+00	-6.010000e-12	2.500012e-06	0.000000e+00	-2.500006e-06
Step Information: Vin=600m  (Step: 7/51)
0.000000000000000e+00	0.000000e+00	6.000000e-01	0.000000e+00	0.000000e+00	0.000000e+00	0.000000e+00	0.000000e+00	-0.000000e+00
1.000000000000000e-01	1.000000e-01	6.000000e-01	-1.100000e-06	0.000000e+00	-1.097906e-13	1.100000e-06	0.000000e+00	-1.100000e-06
2.000000000000000e-01	2.000000e-01	6.000000e-01	-2.000000e-06	0.000000e+00	-2.099956e-13	2.000000e-06	0.000000e+00	-2.000000e-06
3.000000000000000e-01	3.000000e-01	6.000000e-01	-2.700001e-06	0.000000e+00	-3.099999e-13	2.700001e-06	0.000000e+00	-2.700000e-06
4.000000000000000e-01	4.000000e-01	6.000000e-01	-3.200001e-06	0.000000e+00	-4.100000e-13	3.200001e-06	0.000000e+00	-3.200000e-06
5.000000000000000e-01	5.000000e-01	6.000000e-01	-3.500001e-06	0.000000e+00	-5.100000e-13	3.500001e-06	0.000000e+00	-3.500001e-06
6.000000000000001e-01	6.000000e-01	6.000000e-01	-3.600001e-06	0.000000e+00	-6.100000e-13	3.600001e-06	0.000000e+00	-3.600001e-06
7.000000000000001e-01	7.000000e-01	6.000000e-01	-3.600001e-06	0.000000e+00	-7.100000e-13	3.600001e-06	0.000000e+00	-3.600001e-06
8.000000000000000e-01	8.000000e-01	6.000000e-01	-3.600002e-06	0.000000e+00	-8.100000e-13	3.600002e-06	0.000000e+00	-3.600001e-06
9.000000000000000e-01	9.000000e-01	6.000000e-01	-3.600002e-06	0.000000e+00	-9.100000e-13	3.600002e-06	0.000000e+00	-3.600001e-06
1.000000000000000e+00	1.000000e+00	6.000000e-01	-3.600002e-06	0.000000e+00	-1.010000e-12	3.600002e-06	0.000000e+00	-3.600001e-06
1.100000000000000e+00	1.100000e+00	6.000000e-01	-3.600002e-06	0.000000e+00	-1.110000e-12	3.600002e-06	0.000000e+00	-3.600001e-06
1.200000000000000e+00	1.200000e+00	6.000000e-01	-3.600002e-06	0.000000e+00	-1.210000e-12	3.600002e-06	0.000000e+00	-3.600001e-06
1.300000000000000e+00	1.300000e+00	6.000000e-01	-3.600003e-06	0.000000e+00	-1.310000e-12	3.600003e-06	0.000000e+00	-3.600001e-06
1.400000000000000e+00	1.400000e+00	6.000000e-01	-3.600003e-06	0.000000e+00	-1.410000e-12	3.600003e-06	0.000000e+00	-3.600001e-06
1.500000000000000e+00	1.500000e+00	6.000000e-01	-3.600003e-06	0.000000e+00	-1.510000e-12	3.600003e-06	0.000000e+00	-3.600001e-06
1.600000000000000e+00	1.600000e+00	6.000000e-01	-3.600003e-06	0.000000e+00	-1.610000e-12	3.600003e-06	0.000000e+00	-3.600001e-06
1.700000000000000e+00	1.700000e+00	6.000000e-01	-3.600003e-06	0.000000e+00	-1.710000e-12	3.600003e-06	0.000000e+00	-3.600002e-06
1.800000000000000e+00	1.800000e+00	6.000000e-01	-3.600004e-06	0.000000e+00	-1.810000e-12	3.600004e-06	0.000000e+00	-3.600002e-06
1.900000000000000e+00	1.900000e+00	6.000000e-01	-3.600004e-06	0.000000e+00	-1.910000e-12	3.600004e-06	0.000000e+00	-3.600002e-06
2.000000000000000e+00	2.000000e+00	6.000000e-01	-3.600004e-06	0.000000e+00	-2.010000e-12	3.600004e-06	0.000000e+00	-3.600002e-06
2.100000000000000e+00	2.100000e+00	6.000000e-01	-3.600004e-06	0.000000e+00	-2.110000e-12	3.600004e-06	0.000000e+00	-3.600002e-06
2.200000000000000e+00	2.200000e+00	6.000000e-01	-3.600004e-06	0.000000e+00	-2.210000e-12	3.600004e-06	0.000000e+00	-3.600002e-06
2.300000000000000e+00	2.300000e+00	6.000000e-01	-3.600005e-06	0.000000e+00	-2.310000e-12	3.600005e-06	0.000000e+00	-3.600002e-06
2.400000000000000e+00	2.400000e+00	6.000000e-01	-3.600005e-06	0.000000e+00	-2.410000e-12	3.600005e-06	0.000000e+00	-3.600002e-06
2.500000000000000e+00	2.500000e+00	6.000000e-01	-3.600005e-06	0.000000e+00	-2.510000e-12	3.600005e-06	0.000000e+00	-3.600002e-06
2.600000000000000e+00	2.600000e+00	6.000000e-01	-3.600005e-06	0.000000e+00	-2.610000e-12	3.600005e-06	0.000000e+00	-3.600003e-06
2.700000000000000e+00	2.700000e+00	6.000000e-01	-3.600005e-06	0.000000e+00	-2.710000e-12	3.600005e-06	0.000000e+00	-3.600003e-06
2.800000000000000e+00	2.800000e+00	6.000000e-01	-3.600006e-06	0.000000e+00	-2.810000e-12	3.600006e-06	0.000000e+00	-3.600003e-06
2.900000000000000e+00	2.900000e+00	6.000000e-01	-3.600006e-06	0.000000e+00	-2.910000e-12	3.600006e-06	0.000000e+00	-3.600003e-06
3.000000000000000e+00	3.000000e+00	6.000000e-01	-3.600006e-06	0.000000e+00	-3.010000e-12	3.600006e-06	0.000000e+00	-3.600003e-06
3.100000000000000e+00	3.100000e+00	6.000000e-01	-3.600006e-06	0.000000e+00	-3.110000e-12	3.600006e-06	0.000000e+00	-3.600003e-06
3.200000000000000e+00	3.200000e+00	6.000000e-01	-3.600006e-06	0.000000e+00	-3.210000e-12	3.600006e-06	0.000000e+00	-3.600003e-06
3.300000000000000e+00	3.300000e+00	6.000000e-01	-3.600007e-06	0.000000e+00	-3.310000e-12	3.600007e-06	0.000000e+00	-3.600003e-06
3.400000000000000e+00	3.400000e+00	6.000000e-01	-3.600007e-06	0.000000e+00	-3.410000e-12	3.600007e-06	0.000000e+00	-3.600003e-06
3.500000000000000e+00	3.500000e+00	6.000000e-01	-3.600007e-06	0.000000e+00	-3.510000e-12	3.600007e-06	0.000000e+00	-3.600004e-06
3.600000000000000e+00	3.600000e+00	6.000000e-01	-3.600007e-06	0.000000e+00	-3.610000e-12	3.600007e-06	0.000000e+00	-3.600004e-06
3.700000000000000e+00	3.700000e+00	6.000000e-01	-3.600007e-06	0.000000e+00	-3.710000e-12	3.600007e-06	0.000000e+00	-3.600004e-06
3.800000000000000e+00	3.800000e+00	6.000000e-01	-3.600008e-06	0.000000e+00	-3.810000e-12	3.600008e-06	0.000000e+00	-3.600004e-06
3.900000000000000e+00	3.900000e+00	6.000000e-01	-3.600008e-06	0.000000e+00	-3.910000e-12	3.600008e-06	0.000000e+00	-3.600004e-06
4.000000000000000e+00	4.000000e+00	6.000000e-01	-3.600008e-06	0.000000e+00	-4.010000e-12	3.600008e-06	0.000000e+00	-3.600004e-06
4.100000000000001e+00	4.100000e+00	6.000000e-01	-3.600008e-06	0.000000e+00	-4.110000e-12	3.600008e-06	0.000000e+00	-3.600004e-06
4.200000000000000e+00	4.200000e+00	6.000000e-01	-3.600008e-06	0.000000e+00	-4.210000e-12	3.600008e-06	0.000000e+00	-3.600004e-06
4.300000000000000e+00	4.300000e+00	6.000000e-01	-3.600009e-06	0.000000e+00	-4.310000e-12	3.600009e-06	0.000000e+00	-3.600004e-06
4.400000000000000e+00	4.400000e+00	6.000000e-01	-3.600009e-06	0.000000e+00	-4.410000e-12	3.600009e-06	0.000000e+00	-3.600004e-06
4.500000000000000e+00	4.500000e+00	6.000000e-01	-3.600009e-06	0.000000e+00	-4.510000e-12	3.600009e-06	0.000000e+00	-3.600004e-06
4.600000000000001e+00	4.600000e+00	6.000000e-01	-3.600009e-06	0.000000e+00	-4.610000e-12	3.600009e-06	0.000000e+00	-3.600005e-06
4.700000000000000e+00	4.700000e+00	6.000000e-01	-3.600009e-06	0.000000e+00	-4.710000e-12	3.600009e-06	0.000000e+00	-3.600005e-06
4.800000000000001e+00	4.800000e+00	6.000000e-01	-3.600010e-06	0.000000e+00	-4.810000e-12	3.600010e-06	0.000000e+00	-3.600005e-06
4.900000000000000e+00	4.900000e+00	6.000000e-01	-3.600010e-06	0.000000e+00	-4.910000e-12	3.600010e-06	0.000000e+00	-3.600005e-06
5.000000000000000e+00	5.000000e+00	6.000000e-01	-3.600010e-06	0.000000e+00	-5.010000e-12	3.600010e-06	0.000000e+00	-3.600005e-06
5.100000000000001e+00	5.100000e+00	6.000000e-01	-3.600010e-06	0.000000e+00	-5.110000e-12	3.600010e-06	0.000000e+00	-3.600005e-06
5.200000000000000e+00	5.200000e+00	6.000000e-01	-3.600010e-06	0.000000e+00	-5.210000e-12	3.600010e-06	0.000000e+00	-3.600005e-06
5.300000000000001e+00	5.300000e+00	6.000000e-01	-3.600011e-06	0.000000e+00	-5.310000e-12	3.600011e-06	0.000000e+00	-3.600005e-06
5.400000000000000e+00	5.400000e+00	6.000000e-01	-3.600011e-06	0.000000e+00	-5.410000e-12	3.600011e-06	0.000000e+00	-3.600005e-06
5.500000000000000e+00	5.500000e+00	6.000000e-01	-3.600011e-06	0.000000e+00	-5.510000e-12	3.600011e-06	0.000000e+00	-3.600006e-06
5.600000000000001e+00	5.600000e+00	6.000000e-01	-3.600011e-06	0.000000e+00	-5.610000e-12	3.600011e-06	0.000000e+00	-3.600006e-06
5.700000000000000e+00	5.700000e+00	6.000000e-01	-3.600011e-06	0.000000e+00	-5.710000e-12	3.600011e-06	0.000000e+00	-3.600006e-06
5.800000000000001e+00	5.800000e+00	6.000000e-01	-3.600012e-06	0.000000e+00	-5.810000e-12	3.600012e-06	0.000000e+00	-3.600006e-06
5.900000000000000e+00	5.900000e+00	6.000000e-01	-3.600012e-06	0.000000e+00	-5.910000e-12	3.600012e-06	0.000000e+00	-3.600006e-06
6.000000000000000e+00	6.000000e+00	6.000000e-01	-3.600012e-06	0.000000e+00	-6.010000e-12	3.600012e-06	0.000000e+00	-3.600006e-06
Step Information: Vin=700m  (Step: 8/51)
0.000000000000000e+00	0.000000e+00	7.000000e-01	0.000000e+00	0.000000e+00	0.000000e+00	0.000000e+00	0.000000e+00	-0.000000e+00
1.000000000000000e-01	1.000000e-01	7.000000e-01	-1.300000e-06	0.000000e+00	-1.097906e-13	1.300000e-06	0.000000e+00	-1.300000e-06
2.000000000000000e-01	2.000000e-01	7.000000e-01	-2.400000e-06	0.000000e+00	-2.099956e-13	2.400000e-06	0.000000e+00	-2.400000e-06
3.000000000000000e-01	3.000000e-01	7.000000e-01	-3.300001e-06	0.000000e+00	-3.099999e-13	3.300001e-06	0.000000e+00	-3.300000e-06
4.000000000000000e-01	4.000000e-01	7.000000e-01	-4.000001e-06	0.000000e+00	-4.100000e-13	4.000001e-06	0.000000e+00	-4.000000e-06
5.000000000000000e-01	5.000000e-01	7.000000e-01	-4.500001e-06	0.000000e+00	-5.100000e-13	4.500001e-06	0.000000e+00	-4.500001e-06
6.000000000000001e-01	6.000000e-01	7.000000e-01	-4.800001e-06	0.000000e+00	-6.100000e-13	4.800001e-06	0.000000e+00	-4.800001e-06
7.000000000000001e-01	7.000000e-01	7.000000e-01	-4.900001e-06	0.000000e+00	-7.100000e-13	4.900001e-06	0.000000e+00	-4.900000e-06
8.000000000000000e-01	8.000000e-01	7.000000e-01	-4.900001e-06	0.000000e+00	-8.100000e-13	4.900001e-06	0.000000e+00	-4.900001e-06
9.000000000000000e-01	9.000000e-01	7.000000e-01	-4.900002e-06	0.000000e+00	-9.100000e-13	4.900002e-06	0.000000e+00	-4.900001e-06
1.000000000000000e+00	1.000000e+00	7.000000e-01	-4.900002e-06	0.000000e+00	-1.010000e-12	4.900002e-06	0.000000e+00	-4.900001e-06
1.100000000000000e+00	1.100000e+00	7.000000e-01	-4.900002e-06	0.000000e+00	-1.110000e-12	4.900002e-06	0.000000e+00	-4.900001e-06
1.200000000000000e+00	1.200000e+00	7.000000e-01	-4.900002e-06	0.000000e+00	-1.210000e-12	4.900002e-06	0.000000e+00	-4.900001e-06
1.300000000000000e+00	1.300000e+00	7.000000e-01	-4.900003e-06	0.000000e+00	-1.310000e-12	4.900003e-06	0.000000e+00	-4.900001e-06
1.400000000000000e+00	1.400000e+00	7.000000e-01	-4.900003e-06	0.000000e+00	-1.410000e-12	4.900003e-06	0.000000e+00	-4.900001e-06
1.500000000000000e+00	1.500000e+00	7.000000e-01	-4.900003e-06	0.000000e+00	-1.510000e-12	4.900003e-06	0.000000e+00	-4.900001e-06
1.600000000000000e+00	1.600000e+00	7.000000e-01	-4.900003e-06	0.000000e+00	-1.610000e-12	4.900003e-06	0.000000e+00	-4.900001e-06
1.700000000000000e+00	1.700000e+00	7.000000e-01	-4.900003e-06	0.000000e+00	-1.710000e-12	4.900003e-06	0.000000e+00	-4.900002e-06
1.800000000000000e+00	1.800000e+00	7.000000e-01	-4.900004e-06	0.000000e+00	-1.810000e-12	4.900004e-06	0.000000e+00	-4.900002e-06
1.900000000000000e+00	1.900000e+00	7.000000e-01	-4.900004e-06	0.000000e+00	-1.910000e-12	4.900004e-06	0.000000e+00	-4.900002e-06
2.000000000000000e+00	2.000000e+00	7.000000e-01	-4.900004e-06	0.000000e+00	-2.010000e-12	4.900004e-06	0.000000e+00	-4.900002e-06
2.100000000000000e+00	2.100000e+00	7.000000e-01	-4.900004e-06	0.000000e+00	-2.110000e-12	4.900004e-06	0.000000e+00	-4.900002e-06
2.200000000000000e+00	2.200000e+00	7.000000e-01	-4.900005e-06	0.000000e+00	-2.210000e-12	4.900005e-06	0.000000e+00	-4.900002e-06
2.300000000000000e+00	2.300000e+00	7.000000e-01	-4.900005e-06	0.000000e+00	-2.310000e-12	4.900005e-06	0.000000e+00	-4.900002e-06
2.400000000000000e+00	2.400000e+00	7.000000e-01	-4.900005e-06	0.000000e+00	-2.410000e-12	4.900005e-06	0.000000e+00	-4.900002e-06
2.500000000000000e+00	2.500000e+00	7.000000e-01	-4.900005e-06	0.000000e+00	-2.510000e-12	4.900005e-06	0.000000e+00	-4.900002e-06
2.600000000000000e+00	2.600000e+00	7.000000e-01	-4.900005e-06	0.000000e+00	-2.610000e-12	4.900005e-06	0.000000e+00	-4.900003e-06
2.700000000000000e+00	2.700000e+00	7.000000e-01	-4.900005e-06	0.000000e+00	-2.710000e-12	4.900005e-06	0.000000e+00	-4.900003e-06
2.800000000000000e+00	2.800000e+00	7.000000e-01	-4.900005e-06	0.000000e+00	-2.810000e-12	4.900005e-06	0.000000e+00	-4.900003e-06
2.900000000000000e+00	2.900000e+00	7.000000e-01	-4.900006e-06	0.000000e+00	-2.910000e-12	4.900006e-06	0.000000e+00	-4.900003e-06
3.000000000000000e+00	3.000000e+00	7.000000e-01	-4.900006e-06	0.000000e+00	-3.010000e-12	4.900006e-06	0.000000e+00	-4.900003e-06
3.100000000000000e+00	3.100000e+00	7.000000e-01	-4.900006e-06	0.000000e+00	-3.110000e-12	4.900006e-06	0.000000e+00	-4.900003e-06
3.200000000000000e+00	3.200000e+00	7.000000e-01	-4.900006e-06	0.000000e+00	-3.210000e-12	4.900006e-06	0.000000e+00	-4.900003e-06
3.300000000000000e+00	3.300000e+00	7.000000e-01	-4.900006e-06	0.000000e+00	-3.310000e-12	4.900006e-06	0.000000e+00	-4.900003e-06
3.400000000000000e+00	3.400000e+00	7.000000e-01	-4.900007e-06	0.000000e+00	-3.410000e-12	4.900007e-06	0.000000e+00	-4.900003e-06
3.500000000000000e+00	3.500000e+00	7.000000e-01	-4.900007e-06	0.000000e+00	-3.510000e-12	4.900007e-06	0.000000e+00	-4.900004e-06
3.600000000000000e+00	3.600000e+00	7.000000e-01	-4.900007e-06	0.000000e+00	-3.610000e-12	4.900007e-06	0.000000e+00	-4.900004e-06
3.700000000000000e+00	3.700000e+00	7.000000e-01	-4.900007e-06	0.000000e+00	-3.710000e-12	4.900007e-06	0.000000e+00	-4.900004e-06
3.800000000000000e+00	3.800000e+00	7.000000e-01	-4.900008e-06	0.000000e+00	-3.810000e-12	4.900008e-06	0.000000e+00	-4.900004e-06
3.900000000000000e+00	3.900000e+00	7.000000e-01	-4.900008e-06	0.000000e+00	-3.910000e-12	4.900008e-06	0.000000e+00	-4.900004e-06
4.000000000000000e+00	4.000000e+00	7.000000e-01	-4.900008e-06	0.000000e+00	-4.010000e-12	4.900008e-06	0.000000e+00	-4.900004e-06
4.100000000000001e+00	4.100000e+00	7.000000e-01	-4.900008e-06	0.000000e+00	-4.110000e-12	4.900008e-06	0.000000e+00	-4.900004e-06
4.200000000000000e+00	4.200000e+00	7.000000e-01	-4.900008e-06	0.000000e+00	-4.210000e-12	4.900008e-06	0.000000e+00	-4.900004e-06
4.300000000000000e+00	4.300000e+00	7.000000e-01	-4.900009e-06	0.000000e+00	-4.310000e-12	4.900009e-06	0.000000e+00	-4.900004e-06
4.400000000000000e+00	4.400000e+00	7.000000e-01	-4.900009e-06	0.000000e+00	-4.410000e-12	4.900009e-06	0.000000e+00	-4.900005e-06
4.500000000000000e+00	4.500000e+00	7.000000e-01	-4.900009e-06	0.000000e+00	-4.510000e-12	4.900009e-06	0.000000e+00	-4.900005e-06
4.600000000000001e+00	4.600000e+00	7.000000e-01	-4.900009e-06	0.000000e+00	-4.610000e-12	4.900009e-06	0.000000e+00	-4.900005e-06
4.700000000000000e+00	4.700000e+00	7.000000e-01	-4.900010e-06	0.000000e+00	-4.710000e-12	4.900010e-06	0.000000e+00	-4.900005e-06
4.800000000000001e+00	4.800000e+00	7.000000e-01	-4.900010e-06	0.000000e+00	-4.810000e-12	4.900010e-06	0.000000e+00	-4.900005e-06
4.900000000000000e+00	4.900000e+00	7.000000e-01	-4.900010e-06	0.000000e+00	-4.910000e-12	4.900010e-06	0.000000e+00	-4.900005e-06
5.000000000000000e+00	5.000000e+00	7.000000e-01	-4.900010e-06	0.000000e+00	-5.010000e-12	4.900010e-06	0.000000e+00	-4.900005e-06
5.100000000000001e+00	5.100000e+00	7.000000e-01	-4.900010e-06	0.000000e+00	-5.110000e-12	4.900010e-06	0.000000e+00	-4.900005e-06
5.200000000000000e+00	5.200000e+00	7.000000e-01	-4.900010e-06	0.000000e+00	-5.210000e-12	4.900010e-06	0.000000e+00	-4.900005e-06
5.300000000000001e+00	5.300000e+00	7.000000e-01	-4.900010e-06	0.000000e+00	-5.310000e-12	4.900010e-06	0.000000e+00	-4.900005e-06
5.400000000000000e+00	5.400000e+00	7.000000e-01	-4.900011e-06	0.000000e+00	-5.410000e-12	4.900011e-06	0.000000e+00	-4.900005e-06
5.500000000000000e+00	5.500000e+00	7.000000e-01	-4.900011e-06	0.000000e+00	-5.510000e-12	4.900011e-06	0.000000e+00	-4.900005e-06
5.600000000000001e+00	5.600000e+00	7.000000e-01	-4.900011e-06	0.000000e+00	-5.610000e-12	4.900011e-06	0.000000e+00	-4.900005e-06
5.700000000000000e+00	5.700000e+00	7.000000e-01	-4.900011e-06	0.000000e+00	-5.710000e-12	4.900011e-06	0.000000e+00	-4.900005e-06
5.800000000000001e+00	5.800000e+00	7.000000e-01	-4.900011e-06	0.000000e+00	-5.810000e-12	4.900011e-06	0.000000e+00	-4.900006e-06
5.900000000000000e+00	5.900000e+00	7.000000e-01	-4.900012e-06	0.000000e+00	-5.910000e-12	4.900012e-06	0.000000e+00	-4.900006e-06
6.000000000000000e+00	6.000000e+00	7.000000e-01	-4.900012e-06	0.000000e+00	-6.010000e-12	4.900012e-06	0.000000e+00	-4.900006e-06
Step Information: Vin=800m  (Step: 9/51)
0.000000000000000e+00	0.000000e+00	8.000000e-01	0.000000e+00	0.000000e+00	0.000000e+00	0.000000e+00	0.000000e+00	-0.000000e+00
1.000000000000000e-01	1.000000e-01	8.000000e-01	-1.500000e-06	0.000000e+00	-1.097906e-13	1.500000e-06	0.000000e+00	-1.500000e-06
2.000000000000000e-01	2.000000e-01	8.000000e-01	-2.800000e-06	0.000000e+00	-2.099956e-13	2.800000e-06	0.000000e+00	-2.800000e-06
3.000000000000000e-01	3.000000e-01	8.000000e-01	-3.900001e-06	0.000000e+00	-3.099999e-13	3.900001e-06	0.000000e+00	-3.900000e-06
4.000000000000000e-01	4.000000e-01	8.000000e-01	-4.800001e-06	0.000000e+00	-4.100000e-13	4.800001e-06	0.000000e+00	-4.800001e-06
5.000000000000000e-01	5.000000e-01	8.000000e-01	-5.500001e-06	0.000000e+00	-5.100000e-13	5.500001e-06	0.000000e+00	-5.500000e-06
6.000000000000001e-01	6.000000e-01	8.000000e-01	-6.000001e-06	0.000000e+00	-6.100000e-13	6.000001e-06	0.000000e+00	-6.000001e-06
7.000000000000001e-01	7.000000e-01	8.000000e-01	-6.300002e-06	0.000000e+00	-7.100000e-13	6.300002e-06	0.000000e+00	-6.300001e-06
8.000000000000000e-01	8.000000e-01	8.000000e-01	-6.400001e-06	0.000000e+00	-8.100000e-13	6.400001e-06	0.000000e+00	-6.400001e-06
9.000000000000000e-01	9.000000e-01	8.000000e-01	-6.400002e-06	0.000000e+00	-9.100000e-13	6.400002e-06	0.000000e+00	-6.400001e-06
1.000000000000000e+00	1.000000e+00	8.000000e-01	-6.400002e-06	0.000000e+00	-1.010000e-12	6.400002e-06	0.000000e+00	-6.400001e-06
1.100000000000000e+00	1.100000e+00	8.000000e-01	-6.400002e-06	0.000000e+00	-1.110000e-12	6.400002e-06	0.000000e+00	-6.400001e-06
1.200000000000000e+00	1.200000e+00	8.000000e-01	-6.400002e-06	0.000000e+00	-1.210000e-12	6.400002e-06	0.000000e+00	-6.400001e-06
1.300000000000000e+00	1.300000e+00	8.000000e-01	-6.400003e-06	0.000000e+00	-1.310000e-12	6.400003e-06	0.000000e+00	-6.400001e-06
1.400000000000000e+00	1.400000e+00	8.000000e-01	-6.400003e-06	0.000000e+00	-1.410000e-12	6.400003e-06	0.000000e+00	-6.400001e-06
1.500000000000000e+00	1.500000e+00	8.000000e-01	-6.400003e-06	0.000000e+00	-1.510000e-12	6.400003e-06	0.000000e+00	-6.400001e-06
1.600000000000000e+00	1.600000e+00	8.000000e-01	-6.400003e-06	0.000000e+00	-1.610000e-12	6.400003e-06	0.000000e+00	-6.400001e-06
1.700000000000000e+00	1.700000e+00	8.000000e-01	-6.400003e-06	0.000000e+00	-1.710000e-12	6.400003e-06	0.000000e+00	-6.400002e-06
1.800000000000000e+00	1.800000e+00	8.000000e-01	-6.400004e-06	0.000000e+00	-1.810000e-12	6.400004e-06	0.000000e+00	-6.400002e-06
1.900000000000000e+00	1.900000e+00	8.000000e-01	-6.400004e-06	0.000000e+00	-1.910000e-12	6.400004e-06	0.000000e+00	-6.400002e-06
2.000000000000000e+00	2.000000e+00	8.000000e-01	-6.400004e-06	0.000000e+00	-2.010000e-12	6.400004e-06	0.000000e+00	-6.400002e-06
2.100000000000000e+00	2.100000e+00	8.000000e-01	-6.400004e-06	0.000000e+00	-2.110000e-12	6.400004e-06	0.000000e+00	-6.400002e-06
2.200000000000000e+00	2.200000e+00	8.000000e-01	-6.400005e-06	0.000000e+00	-2.210000e-12	6.400005e-06	0.000000e+00	-6.400002e-06
2.300000000000000e+00	2.300000e+00	8.000000e-01	-6.400005e-06	0.000000e+00	-2.310000e-12	6.400005e-06	0.000000e+00	-6.400002e-06
2.400000000000000e+00	2.400000e+00	8.000000e-01	-6.400005e-06	0.000000e+00	-2.410000e-12	6.400005e-06	0.000000e+00	-6.400002e-06
2.500000000000000e+00	2.500000e+00	8.000000e-01	-6.400005e-06	0.000000e+00	-2.510000e-12	6.400005e-06	0.000000e+00	-6.400002e-06
2.600000000000000e+00	2.600000e+00	8.000000e-01	-6.400005e-06	0.000000e+00	-2.610000e-12	6.400005e-06	0.000000e+00	-6.400003e-06
2.700000000000000e+00	2.700000e+00	8.000000e-01	-6.400006e-06	0.000000e+00	-2.710000e-12	6.400006e-06	0.000000e+00	-6.400003e-06
2.800000000000000e+00	2.800000e+00	8.000000e-01	-6.400006e-06	0.000000e+00	-2.810000e-12	6.400006e-06	0.000000e+00	-6.400003e-06
2.900000000000000e+00	2.900000e+00	8.000000e-01	-6.400006e-06	0.000000e+00	-2.910000e-12	6.400006e-06	0.000000e+00	-6.400003e-06
3.000000000000000e+00	3.000000e+00	8.000000e-01	-6.400006e-06	0.000000e+00	-3.010000e-12	6.400006e-06	0.000000e+00	-6.400003e-06
3.100000000000000e+00	3.100000e+00	8.000000e-01	-6.400006e-06	0.000000e+00	-3.110000e-12	6.400006e-06	0.000000e+00	-6.400003e-06
3.200000000000000e+00	3.200000e+00	8.000000e-01	-6.400006e-06	0.000000e+00	-3.210000e-12	6.400006e-06	0.000000e+00	-6.400003e-06
3.300000000000000e+00	3.300000e+00	8.000000e-01	-6.400006e-06	0.000000e+00	-3.310000e-12	6.400006e-06	0.000000e+00	-6.400003e-06
3.400000000000000e+00	3.400000e+00	8.000000e-01	-6.400007e-06	0.000000e+00	-3.410000e-12	6.400007e-06	0.000000e+00	-6.400003e-06
3.500000000000000e+00	3.500000e+00	8.000000e-01	-6.400007e-06	0.000000e+00	-3.510000e-12	6.400007e-06	0.000000e+00	-6.400004e-06
3.600000000000000e+00	3.600000e+00	8.000000e-01	-6.400007e-06	0.000000e+00	-3.610000e-12	6.400007e-06	0.000000e+00	-6.400004e-06
3.700000000000000e+00	3.700000e+00	8.000000e-01	-6.400007e-06	0.000000e+00	-3.710000e-12	6.400007e-06	0.000000e+00	-6.400004e-06
3.800000000000000e+00	3.800000e+00	8.000000e-01	-6.400008e-06	0.000000e+00	-3.810000e-12	6.400008e-06	0.000000e+00	-6.400004e-06
3.900000000000000e+00	3.900000e+00	8.000000e-01	-6.400008e-06	0.000000e+00	-3.910000e-12	6.400008e-06	0.000000e+00	-6.400004e-06
4.000000000000000e+00	4.000000e+00	8.000000e-01	-6.400008e-06	0.000000e+00	-4.010000e-12	6.400008e-06	0.000000e+00	-6.400004e-06
4.100000000000001e+00	4.100000e+00	8.000000e-01	-6.400008e-06	0.000000e+00	-4.110000e-12	6.400008e-06	0.000000e+00	-6.400004e-06
4.200000000000000e+00	4.200000e+00	8.000000e-01	-6.400008e-06	0.000000e+00	-4.210000e-12	6.400008e-06	0.000000e+00	-6.400004e-06
4.300000000000000e+00	4.300000e+00	8.000000e-01	-6.400009e-06	0.000000e+00	-4.310000e-12	6.400009e-06	0.000000e+00	-6.400004e-06
4.400000000000000e+00	4.400000e+00	8.000000e-01	-6.400009e-06	0.000000e+00	-4.410000e-12	6.400009e-06	0.000000e+00	-6.400005e-06
4.500000000000000e+00	4.500000e+00	8.000000e-01	-6.400009e-06	0.000000e+00	-4.510000e-12	6.400009e-06	0.000000e+00	-6.400005e-06
4.600000000000001e+00	4.600000e+00	8.000000e-01	-6.400009e-06	0.000000e+00	-4.610000e-12	6.400009e-06	0.000000e+00	-6.400005e-06
4.700000000000000e+00	4.700000e+00	8.000000e-01	-6.400010e-06	0.000000e+00	-4.710000e-12	6.400010e-06	0.000000e+00	-6.400005e-06
4.800000000000001e+00	4.800000e+00	8.000000e-01	-6.400010e-06	0.000000e+00	-4.810000e-12	6.400010e-06	0.000000e+00	-6.400005e-06
4.900000000000000e+00	4.900000e+00	8.000000e-01	-6.400010e-06	0.000000e+00	-4.910000e-12	6.400010e-06	0.000000e+00	-6.400005e-06
5.000000000000000e+00	5.000000e+00	8.000000e-01	-6.400010e-06	0.000000e+00	-5.010000e-12	6.400010e-06	0.000000e+00	-6.400005e-06
5.100000000000001e+00	5.100000e+00	8.000000e-01	-6.400010e-06	0.000000e+00	-5.110000e-12	6.400010e-06	0.000000e+00	-6.400005e-06
5.200000000000000e+00	5.200000e+00	8.000000e-01	-6.400011e-06	0.000000e+00	-5.210000e-12	6.400011e-06	0.000000e+00	-6.400005e-06
5.300000000000001e+00	5.300000e+00	8.000000e-01	-6.400011e-06	0.000000e+00	-5.310000e-12	6.400011e-06	0.000000e+00	-6.400005e-06
5.400000000000000e+00	5.400000e+00	8.000000e-01	-6.400011e-06	0.000000e+00	-5.410000e-12	6.400011e-06	0.000000e+00	-6.400006e-06
5.500000000000000e+00	5.500000e+00	8.000000e-01	-6.400011e-06	0.000000e+00	-5.510000e-12	6.400011e-06	0.000000e+00	-6.400006e-06
5.600000000000001e+00	5.600000e+00	8.000000e-01	-6.400011e-06	0.000000e+00	-5.610000e-12	6.400011e-06	0.000000e+00	-6.400006e-06
5.700000000000000e+00	5.700000e+00	8.000000e-01	-6.400011e-06	0.000000e+00	-5.710000e-12	6.400011e-06	0.000000e+00	-6.400006e-06
5.800000000000001e+00	5.800000e+00	8.000000e-01	-6.400011e-06	0.000000e+00	-5.810000e-12	6.400011e-06	0.000000e+00	-6.400006e-06
5.900000000000000e+00	5.900000e+00	8.000000e-01	-6.400012e-06	0.000000e+00	-5.910000e-12	6.400012e-06	0.000000e+00	-6.400006e-06
6.000000000000000e+00	6.000000e+00	8.000000e-01	-6.400012e-06	0.000000e+00	-6.010000e-12	6.400012e-06	0.000000e+00	-6.400006e-06
Step Information: Vin=900m  (Step: 10/51)
0.000000000000000e+00	0.000000e+00	9.000000e-01	0.000000e+00	0.000000e+00	0.000000e+00	0.000000e+00	0.000000e+00	-0.000000e+00
1.000000000000000e-01	1.000000e-01	9.000000e-01	-1.700000e-06	0.000000e+00	-1.097906e-13	1.700000e-06	0.000000e+00	-1.700000e-06
2.000000000000000e-01	2.000000e-01	9.000000e-01	-3.200000e-06	0.000000e+00	-2.099956e-13	3.200000e-06	0.000000e+00	-3.200000e-06
3.000000000000000e-01	3.000000e-01	9.000000e-01	-4.500001e-06	0.000000e+00	-3.099999e-13	4.500001e-06	0.000000e+00	-4.500000e-06
4.000000000000000e-01	4.000000e-01	9.000000e-01	-5.600001e-06	0.000000e+00	-4.100000e-13	5.600001e-06	0.000000e+00	-5.600000e-06
5.000000000000000e-01	5.000000e-01	9.000000e-01	-6.500001e-06	0.000000e+00	-5.100000e-13	6.500001e-06	0.000000e+00	-6.500000e-06
6.000000000000001e-01	6.000000e-01	9.000000e-01	-7.200001e-06	0.000000e+00	-6.100000e-13	7.200001e-06	0.000000e+00	-7.200001e-06
7.000000000000001e-01	7.000000e-01	9.000000e-01	-7.700001e-06	0.000000e+00	-7.100000e-13	7.700001e-06	0.000000e+00	-7.700000e-06
8.000000000000000e-01	8.000000e-01	9.000000e-01	-8.000002e-06	0.000000e+00	-8.100000e-13	8.000002e-06	0.000000e+00	-8.000001e-06
9.000000000000000e-01	9.000000e-01	9.000000e-01	-8.100002e-06	0.000000e+00	-9.100000e-13	8.100002e-06	0.000000e+00	-8.100001e-06
1.000000000000000e+00	1.000000e+00	9.000000e-01	-8.100002e-06	0.000000e+00	-1.010000e-12	8.100002e-06	0.000000e+00	-8.100001e-06
1.100000000000000e+00	1.100000e+00	9.000000e-01	-8.100003e-06	0.000000e+00	-1.110000e-12	8.100003e-06	0.000000e+00	-8.100001e-06
1.200000000000000e+00	1.200000e+00	9.000000e-01	-8.100003e-06	0.000000e+00	-1.210000e-12	8.100003e-06	0.000000e+00	-8.100002e-06
1.300000000000000e+00	1.300000e+00	9.000000e-01	-8.100003e-06	0.000000e+00	-1.310000e-12	8.100003e-06	0.000000e+00	-8.100002e-06
1.400000000000000e+00	1.400000e+00	9.000000e-01	-8.100003e-06	0.000000e+00	-1.410000e-12	8.100003e-06	0.000000e+00	-8.100002e-06
1.500000000000000e+00	1.500000e+00	9.000000e-01	-8.100003e-06	0.000000e+00	-1.510000e-12	8.100003e-06	0.000000e+00	-8.100002e-06
1.600000000000000e+00	1.600000e+00	9.000000e-01	-8.100003e-06	0.000000e+00	-1.610000e-12	8.100003e-06	0.000000e+00	-8.100002e-06
1.700000000000000e+00	1.700000e+00	9.000000e-01	-8.100003e-06	0.000000e+00	-1.710000e-12	8.100003e-06	0.000000e+00	-8.100002e-06
1.800000000000000e+00	1.800000e+00	9.000000e-01	-8.100003e-06	0.000000e+00	-1.810000e-12	8.100003e-06	0.000000e+00	-8.100002e-06
1.900000000000000e+00	1.900000e+00	9.000000e-01	-8.100003e-06	0.000000e+00	-1.910000e-12	8.100003e-06	0.000000e+00	-8.100002e-06
2.000000000000000e+00	2.000000e+00	9.000000e-01	-8.100004e-06	0.000000e+00	-2.010000e-12	8.100004e-06	0.000000e+00	-8.100002e-06
2.100000000000000e+00	2.100000e+00	9.000000e-01	-8.100004e-06	0.000000e+00	-2.110000e-12	8.100004e-06	0.000000e+00	-8.100002e-06
2.200000000000000e+00	2.200000e+00	9.000000e-01	-8.100004e-06	0.000000e+00	-2.210000e-12	8.100004e-06	0.000000e+00	-8.100003e-06
2.300000000000000e+00	2.300000e+00	9.000000e-01	-8.100004e-06	0.000000e+00	-2.310000e-12	8.100004e-06	0.000000e+00	-8.100003e-06
2.400000000000000e+00	2.400000e+00	9.000000e-01	-8.100004e-06	0.000000e+00	-2.410000e-12	8.100004e-06	0.000000e+00	-8.100003e-06
2.500000000000000e+00	2.500000e+00	9.000000e-01	-8.100005e-06	0.000000e+00	-2.510000e-12	8.100005e-06	0.000000e+00	-8.100003e-06
2.600000000000000e+00	2.600000e+00	9.000000e-01	-8.100005e-06	0.000000e+00	-2.610000e-12	8.100005e-06	0.000000e+00	-8.100003e-06
2.700000000000000e+00	2.700000e+00	9.000000e-01	-8.100005e-06	0.000000e+00	-2.710000e-12	8.100005e-06	0.000000e+00	-8.100003e-06
2.800000000000000e+00	2.800000e+00	9.000000e-01	-8.100005e-06	0.000000e+00	-2.810000e-12	8.100005e-06	0.000000e+00	-8.100003e-06
2.900000000000000e+00	2.900000e+00	9.000000e-01	-8.100006e-06	0.000000e+00	-2.910000e-12	8.100006e-06	0.000000e+00	-8.100003e-06
3.000000000000000e+00	3.000000e+00	9.000000e-01	-8.100006e-06	0.000000e+00	-3.010000e-12	8.100006e-06	0.000000e+00	-8.100003e-06
3.100000000000000e+00	3.100000e+00	9.000000e-01	-8.100006e-06	0.000000e+00	-3.110000e-12	8.100006e-06	0.000000e+00	-8.100003e-06
3.200000000000000e+00	3.200000e+00	9.000000e-01	-8.100006e-06	0.000000e+00	-3.210000e-12	8.100006e-06	0.000000e+00	-8.100003e-06
3.300000000000000e+00	3.300000e+00	9.000000e-01	-8.100006e-06	0.000000e+00	-3.310000e-12	8.100006e-06	0.000000e+00	-8.100003e-06
3.400000000000000e+00	3.400000e+00	9.000000e-01	-8.100007e-06	0.000000e+00	-3.410000e-12	8.100007e-06	0.000000e+00	-8.100003e-06
3.500000000000000e+00	3.500000e+00	9.000000e-01	-8.100007e-06	0.000000e+00	-3.510000e-12	8.100007e-06	0.000000e+00	-8.100003e-06
3.600000000000000e+00	3.600000e+00	9.000000e-01	-8.100007e-06	0.000000e+00	-3.610000e-12	8.100007e-06	0.000000e+00	-8.100003e-06
3.700000000000000e+00	3.700000e+00	9.000000e-01	-8.100007e-06	0.000000e+00	-3.710000e-12	8.100007e-06	0.000000e+00	-8.100003e-06
3.800000000000000e+00	3.800000e+00	9.000000e-01	-8.100008e-06	0.000000e+00	-3.810000e-12	8.100008e-06	0.000000e+00	-8.100003e-06
3.900000000000000e+00	3.900000e+00	9.000000e-01	-8.100008e-06	0.000000e+00	-3.910000e-12	8.100008e-06	0.000000e+00	-8.100003e-06
4.000000000000000e+00	4.000000e+00	9.000000e-01	-8.100008e-06	0.000000e+00	-4.010000e-12	8.100008e-06	0.000000e+00	-8.100004e-06
4.100000000000001e+00	4.100000e+00	9.000000e-01	-8.100008e-06	0.000000e+00	-4.110000e-12	8.100008e-06	0.000000e+00	-8.100004e-06
4.200000000000000e+00	4.200000e+00	9.000000e-01	-8.100008e-06	0.000000e+00	-4.210000e-12	8.100008e-06	0.000000e+00	-8.100004e-06
4.300000000000000e+00	4.300000e+00	9.000000e-01	-8.100009e-06	0.000000e+00	-4.310000e-12	8.100009e-06	0.000000e+00	-8.100004e-06
4.400000000000000e+00	4.400000e+00	9.000000e-01	-8.100009e-06	0.000000e+00	-4.410000e-12	8.100009e-06	0.000000e+00	-8.100004e-06
4.500000000000000e+00	4.500000e+00	9.000000e-01	-8.100009e-06	0.000000e+00	-4.510000e-12	8.100009e-06	0.000000e+00	-8.100004e-06
4.600000000000001e+00	4.600000e+00	9.000000e-01	-8.100009e-06	0.000000e+00	-4.610000e-12	8.100009e-06	0.000000e+00	-8.100004e-06
4.700000000000000e+00	4.700000e+00	9.000000e-01	-8.100010e-06	0.000000e+00	-4.710000e-12	8.100010e-06	0.000000e+00	-8.100004e-06
4.800000000000001e+00	4.800000e+00	9.000000e-01	-8.100010e-06	0.000000e+00	-4.810000e-12	8.100010e-06	0.000000e+00	-8.100004e-06
4.900000000000000e+00	4.900000e+00	9.000000e-01	-8.100010e-06	0.000000e+00	-4.910000e-12	8.100010e-06	0.000000e+00	-8.100005e-06
5.000000000000000e+00	5.000000e+00	9.000000e-01	-8.100010e-06	0.000000e+00	-5.010000e-12	8.100010e-06	0.000000e+00	-8.100005e-06
5.100000000000001e+00	5.100000e+00	9.000000e-01	-8.100010e-06	0.000000e+00	-5.110000e-12	8.100010e-06	0.000000e+00	-8.100005e-06
5.200000000000000e+00	5.200000e+00	9.000000e-01	-8.100011e-06	0.000000e+00	-5.210000e-12	8.100011e-06	0.000000e+00	-8.100005e-06
5.300000000000001e+00	5.300000e+00	9.000000e-01	-8.100011e-06	0.000000e+00	-5.310000e-12	8.100011e-06	0.000000e+00	-8.100005e-06
5.400000000000000e+00	5.400000e+00	9.000000e-01	-8.100011e-06	0.000000e+00	-5.410000e-12	8.100011e-06	0.000000e+00	-8.100005e-06
5.500000000000000e+00	5.500000e+00	9.000000e-01	-8.100011e-06	0.000000e+00	-5.510000e-12	8.100011e-06	0.000000e+00	-8.100005e-06
5.600000000000001e+00	5.600000e+00	9.000000e-01	-8.100012e-06	0.000000e+00	-5.610000e-12	8.100012e-06	0.000000e+00	-8.100005e-06
5.700000000000000e+00	5.700000e+00	9.000000e-01	-8.100012e-06	0.000000e+00	-5.710000e-12	8.100012e-06	0.000000e+00	-8.100005e-06
5.800000000000001e+00	5.800000e+00	9.000000e-01	-8.100012e-06	0.000000e+00	-5.810000e-12	8.100012e-06	0.000000e+00	-8.100006e-06
5.900000000000000e+00	5.900000e+00	9.000000e-01	-8.100012e-06	0.000000e+00	-5.910000e-12	8.100012e-06	0.000000e+00	-8.100006e-06
6.000000000000000e+00	6.000000e+00	9.000000e-01	-8.100012e-06	0.000000e+00	-6.010000e-12	8.100012e-06	0.000000e+00	-8.100006e-06
Step Information: Vin=1  (Step: 11/51)
0.000000000000000e+00	0.000000e+00	1.000000e+00	0.000000e+00	0.000000e+00	0.000000e+00	0.000000e+00	0.000000e+00	-0.000000e+00
1.000000000000000e-01	1.000000e-01	1.000000e+00	-1.900000e-06	0.000000e+00	-1.097906e-13	1.900000e-06	0.000000e+00	-1.900000e-06
2.000000000000000e-01	2.000000e-01	1.000000e+00	-3.600000e-06	0.000000e+00	-2.099956e-13	3.600000e-06	0.000000e+00	-3.600000e-06
3.000000000000000e-01	3.000000e-01	1.000000e+00	-5.100001e-06	0.000000e+00	-3.099999e-13	5.100001e-06	0.000000e+00	-5.100000e-06
4.000000000000000e-01	4.000000e-01	1.000000e+00	-6.400001e-06	0.000000e+00	-4.100000e-13	6.400001e-06	0.000000e+00	-6.400001e-06
5.000000000000000e-01	5.000000e-01	1.000000e+00	-7.500001e-06	0.000000e+00	-5.100000e-13	7.500001e-06	0.000000e+00	-7.500001e-06
6.000000000000001e-01	6.000000e-01	1.000000e+00	-8.400001e-06	0.000000e+00	-6.100000e-13	8.400001e-06	0.000000e+00	-8.400000e-06
7.000000000000001e-01	7.000000e-01	1.000000e+00	-9.100001e-06	0.000000e+00	-7.100000e-13	9.100001e-06	0.000000e+00	-9.100001e-06
8.000000000000000e-01	8.000000e-01	1.000000e+00	-9.600001e-06	0.000000e+00	-8.100000e-13	9.600001e-06	0.000000e+00	-9.600001e-06
9.000000000000000e-01	9.000000e-01	1.000000e+00	-9.900002e-06	0.000000e+00	-9.100000e-13	9.900002e-06	0.000000e+00	-9.900001e-06
1.000000000000000e+00	1.000000e+00	1.000000e+00	-1.000000e-05	0.000000e+00	-1.010000e-12	1.000000e-05	0.000000e+00	-1.000000e-05
1.100000000000000e+00	1.100000e+00	1.000000e+00	-1.000000e-05	0.000000e+00	-1.110000e-12	1.000000e-05	0.000000e+00	-1.000000e-05
1.200000000000000e+00	1.200000e+00	1.000000e+00	-1.000000e-05	0.000000e+00	-1.210000e-12	1.000000e-05	0.000000e+00	-1.000000e-05
1.300000000000000e+00	1.300000e+00	1.000000e+00	-1.000000e-05	0.000000e+00	-1.310000e-12	1.000000e-05	0.000000e+00	-1.000000e-05
1.400000000000000e+00	1.400000e+00	1.000000e+00	-1.000000e-05	0.000000e+00	-1.410000e-12	1.000000e-05	0.000000e+00	-1.000000e-05
1.500000000000000e+00	1.500000e+00	1.000000e+00	-1.000000e-05	0.000000e+00	-1.510000e-12	1.000000e-05	0.000000e+00	-1.000000e-05
1.600000000000000e+00	1.600000e+00	1.000000e+00	-1.000000e-05	0.000000e+00	-1.610000e-12	1.000000e-05	0.000000e+00	-1.000000e-05
1.700000000000000e+00	1.700000e+00	1.000000e+00	-1.000000e-05	0.000000e+00	-1.710000e-12	1.000000e-05	0.000000e+00	-1.000000e-05
1.800000000000000e+00	1.800000e+00	1.000000e+00	-1.000000e-05	0.000000e+00	-1.810000e-12	1.000000e-05	0.000000e+00	-1.000000e-05
1.900000000000000e+00	1.900000e+00	1.000000e+00	-1.000000e-05	0.000000e+00	-1.910000e-12	1.000000e-05	0.000000e+00	-1.000000e-05
2.000000000000000e+00	2.000000e+00	1.000000e+00	-1.000000e-05	0.000000e+00	-2.010000e-12	1.000000e-05	0.000000e+00	-1.000000e-05
2.100000000000000e+00	2.100000e+00	1.000000e+00	-1.000000e-05	0.000000e+00	-2.110000e-12	1.000000e-05	0.000000e+00	-1.000000e-05
2.200000000000000e+00	2.200000e+00	1.000000e+00	-1.000000e-05	0.000000e+00	-2.210000e-12	1.000000e-05	0.000000e+00	-1.000000e-05
2.300000000000000e+00	2.300000e+00	1.000000e+00	-1.000000e-05	0.000000e+00	-2.310000e-12	1.000000e-05	0.000000e+00	-1.000000e-05
2.400000000000000e+00	2.400000e+00	1.000000e+00	-1.000001e-05	0.000000e+00	-2.410000e-12	1.000001e-05	0.000000e+00	-1.000000e-05
2.500000000000000e+00	2.500000e+00	1.000000e+00	-1.000001e-05	0.000000e+00	-2.510000e-12	1.000001e-05	0.000000e+00	-1.000000e-05
2.600000000000000e+00	2.600000e+00	1.000000e+00	-1.000001e-05	0.000000e+00	-2.610000e-12	1.000001e-05	0.000000e+00	-1.000000e-05
2.700000000000000e+00	2.700000e+00	1.000000e+00	-1.000001e-05	0.000000e+00	-2.710000e-12	1.000001e-05	0.000000e+00	-1.000000e-05
2.800000000000000e+00	2.800000e+00	1.000000e+00	-1.000001e-05	0.000000e+00	-2.810000e-12	1.000001e-05	0.000000e+00	-1.000000e-05
2.900000000000000e+00	2.900000e+00	1.000000e+00	-1.000001e-05	0.000000e+00	-2.910000e-12	1.000001e-05	0.000000e+00	-1.000000e-05
3.000000000000000e+00	3.000000e+00	1.000000e+00	-1.000001e-05	0.000000e+00	-3.010000e-12	1.000001e-05	0.000000e+00	-1.000000e-05
3.100000000000000e+00	3.100000e+00	1.000000e+00	-1.000001e-05	0.000000e+00	-3.110000e-12	1.000001e-05	0.000000e+00	-1.000000e-05
3.200000000000000e+00	3.200000e+00	1.000000e+00	-1.000001e-05	0.000000e+00	-3.210000e-12	1.000001e-05	0.000000e+00	-1.000000e-05
3.300000000000000e+00	3.300000e+00	1.000000e+00	-1.000001e-05	0.000000e+00	-3.310000e-12	1.000001e-05	0.000000e+00	-1.000000e-05
3.400000000000000e+00	3.400000e+00	1.000000e+00	-1.000001e-05	0.000000e+00	-3.410000e-12	1.000001e-05	0.000000e+00	-1.000000e-05
3.500000000000000e+00	3.500000e+00	1.000000e+00	-1.000001e-05	0.000000e+00	-3.510000e-12	1.000001e-05	0.000000e+00	-1.000000e-05
3.600000000000000e+00	3.600000e+00	1.000000e+00	-1.000001e-05	0.000000e+00	-3.610000e-12	1.000001e-05	0.000000e+00	-1.000000e-05
3.700000000000000e+00	3.700000e+00	1.000000e+00	-1.000001e-05	0.000000e+00	-3.710000e-12	1.000001e-05	0.000000e+00	-1.000000e-05
3.800000000000000e+00	3.800000e+00	1.000000e+00	-1.000001e-05	0.000000e+00	-3.810000e-12	1.000001e-05	0.000000e+00	-1.000000e-05
3.900000000000000e+00	3.900000e+00	1.000000e+00	-1.000001e-05	0.000000e+00	-3.910000e-12	1.000001e-05	0.000000e+00	-1.000000e-05
4.000000000000000e+00	4.000000e+00	1.000000e+00	-1.000001e-05	0.000000e+00	-4.010000e-12	1.000001e-05	0.000000e+00	-1.000000e-05
4.100000000000001e+00	4.100000e+00	1.000000e+00	-1.000001e-05	0.000000e+00	-4.110000e-12	1.000001e-05	0.000000e+00	-1.000000e-05
4.200000000000000e+00	4.200000e+00	1.000000e+00	-1.000001e-05	0.000000e+00	-4.210000e-12	1.000001e-05	0.000000e+00	-1.000000e-05
4.300000000000000e+00	4.300000e+00	1.000000e+00	-1.000001e-05	0.000000e+00	-4.310000e-12	1.000001e-05	0.000000e+00	-1.000000e-05
4.400000000000000e+00	4.400000e+00	1.000000e+00	-1.000001e-05	0.000000e+00	-4.410000e-12	1.000001e-05	0.000000e+00	-1.000000e-05
4.500000000000000e+00	4.500000e+00	1.000000e+00	-1.000001e-05	0.000000e+00	-4.510000e-12	1.000001e-05	0.000000e+00	-1.000000e-05
4.600000000000001e+00	4.600000e+00	1.000000e+00	-1.000001e-05	0.000000e+00	-4.610000e-12	1.000001e-05	0.000000e+00	-1.000000e-05
4.700000000000000e+00	4.700000e+00	1.000000e+00	-1.000001e-05	0.000000e+00	-4.710000e-12	1.000001e-05	0.000000e+00	-1.000000e-05
4.800000000000001e+00	4.800000e+00	1.000000e+00	-1.000001e-05	0.000000e+00	-4.810000e-12	1.000001e-05	0.000000e+00	-1.000001e-05
4.900000000000000e+00	4.900000e+00	1.000000e+00	-1.000001e-05	0.000000e+00	-4.910000e-12	1.000001e-05	0.000000e+00	-1.000001e-05
5.000000000000000e+00	5.000000e+00	1.000000e+00	-1.000001e-05	0.000000e+00	-5.010000e-12	1.000001e-05	0.000000e+00	-1.000001e-05
5.100000000000001e+00	5.100000e+00	1.000000e+00	-1.000001e-05	0.000000e+00	-5.110000e-12	1.000001e-05	0.000000e+00	-1.000001e-05
5.200000000000000e+00	5.200000e+00	1.000000e+00	-1.000001e-05	0.000000e+00	-5.210000e-12	1.000001e-05	0.000000e+00	-1.000001e-05
5.300000000000001e+00	5.300000e+00	1.000000e+00	-1.000001e-05	0.000000e+00	-5.310000e-12	1.000001e-05	0.000000e+00	-1.000001e-05
5.400000000000000e+00	5.400000e+00	1.000000e+00	-1.000001e-05	0.000000e+00	-5.410000e-12	1.000001e-05	0.000000e+00	-1.000001e-05
5.500000000000000e+00	5.500000e+00	1.000000e+00	-1.000001e-05	0.000000e+00	-5.510000e-12	1.000001e-05	0.000000e+00	-1.000001e-05
5.600000000000001e+00	5.600000e+00	1.000000e+00	-1.000001e-05	0.000000e+00	-5.610000e-12	1.000001e-05	0.000000e+00	-1.000001e-05
5.700000000000000e+00	5.700000e+00	1.000000e+00	-1.000001e-05	0.000000e+00	-5.710000e-12	1.000001e-05	0.000000e+00	-1.000001e-05
5.800000000000001e+00	5.800000e+00	1.000000e+00	-1.000001e-05	0.000000e+00	-5.810000e-12	1.000001e-05	0.000000e+00	-1.000001e-05
5.900000000000000e+00	5.900000e+00	1.000000e+00	-1.000001e-05	0.000000e+00	-5.910000e-12	1.000001e-05	0.000000e+00	-1.000001e-05
6.000000000000000e+00	6.000000e+00	1.000000e+00	-1.000001e-05	0.000000e+00	-6.010000e-12	1.000001e-05	0.000000e+00	-1.000001e-05
Step Information: Vin=1.1  (Step: 12/51)
0.000000000000000e+00	0.000000e+00	1.100000e+00	0.000000e+00	0.000000e+00	0.000000e+00	0.000000e+00	0.000000e+00	-0.000000e+00
1.000000000000000e-01	1.000000e-01	1.100000e+00	-2.100000e-06	0.000000e+00	-1.097906e-13	2.100000e-06	0.000000e+00	-2.100000e-06
2.000000000000000e-01	2.000000e-01	1.100000e+00	-4.000000e-06	0.000000e+00	-2.099956e-13	4.000000e-06	0.000000e+00	-4.000000e-06
3.000000000000000e-01	3.000000e-01	1.100000e+00	-5.700001e-06	0.000000e+00	-3.099999e-13	5.700001e-06	0.000000e+00	-5.700000e-06
4.000000000000000e-01	4.000000e-01	1.100000e+00	-7.200001e-06	0.000000e+00	-4.100000e-13	7.200001e-06	0.000000e+00	-7.200000e-06
5.000000000000000e-01	5.000000e-01	1.100000e+00	-8.500001e-06	0.000000e+00	-5.100000e-13	8.500001e-06	0.000000e+00	-8.500000e-06
6.000000000000001e-01	6.000000e-01	1.100000e+00	-9.600001e-06	0.000000e+00	-6.100000e-13	9.600001e-06	0.000000e+00	-9.600000e-06
7.000000000000001e-01	7.000000e-01	1.100000e+00	-1.050000e-05	0.000000e+00	-7.100000e-13	1.050000e-05	0.000000e+00	-1.050000e-05
8.000000000000000e-01	8.000000e-01	1.100000e+00	-1.120000e-05	0.000000e+00	-8.100000e-13	1.120000e-05	0.000000e+00	-1.120000e-05
9.000000000000000e-01	9.000000e-01	1.100000e+00	-1.170000e-05	0.000000e+00	-9.100000e-13	1.170000e-05	0.000000e+00	-1.170000e-05
1.000000000000000e+00	1.000000e+00	1.100000e+00	-1.200000e-05	0.000000e+00	-1.010000e-12	1.200000e-05	0.000000e+00	-1.200000e-05
1.100000000000000e+00	1.100000e+00	1.100000e+00	-1.210000e-05	0.000000e+00	-1.110000e-12	1.210000e-05	0.000000e+00	-1.210000e-05
1.200000000000000e+00	1.200000e+00	1.100000e+00	-1.210000e-05	0.000000e+00	-1.210000e-12	1.210000e-05	0.000000e+00	-1.210000e-05
1.300000000000000e+00	1.300000e+00	1.100000e+00	-1.210000e-05	0.000000e+00	-1.310000e-12	1.210000e-05	0.000000e+00	-1.210000e-05
1.400000000000000e+00	1.400000e+00	1.100000e+00	-1.210000e-05	0.000000e+00	-1.410000e-12	1.210000e-05	0.000000e+00	-1.210000e-05
1.500000000000000e+00	1.500000e+00	1.100000e+00	-1.210000e-05	0.000000e+00	-1.510000e-12	1.210000e-05	0.000000e+00	-1.210000e-05
1.600000000000000e+00	1.600000e+00	1.100000e+00	-1.210000e-05	0.000000e+00	-1.610000e-12	1.210000e-05	0.000000e+00	-1.210000e-05
1.700000000000000e+00	1.700000e+00	1.100000e+00	-1.210000e-05	0.000000e+00	-1.710000e-12	1.210000e-05	0.000000e+00	-1.210000e-05
1.800000000000000e+00	1.800000e+00	1.100000e+00	-1.210000e-05	0.000000e+00	-1.810000e-12	1.210000e-05	0.000000e+00	-1.210000e-05
1.900000000000000e+00	1.900000e+00	1.100000e+00	-1.210000e-05	0.000000e+00	-1.910000e-12	1.210000e-05	0.000000e+00	-1.210000e-05
2.000000000000000e+00	2.000000e+00	1.100000e+00	-1.210000e-05	0.000000e+00	-2.010000e-12	1.210000e-05	0.000000e+00	-1.210000e-05
2.100000000000000e+00	2.100000e+00	1.100000e+00	-1.210000e-05	0.000000e+00	-2.110000e-12	1.210000e-05	0.000000e+00	-1.210000e-05
2.200000000000000e+00	2.200000e+00	1.100000e+00	-1.210000e-05	0.000000e+00	-2.210000e-12	1.210000e-05	0.000000e+00	-1.210000e-05
2.300000000000000e+00	2.300000e+00	1.100000e+00	-1.210000e-05	0.000000e+00	-2.310000e-12	1.210000e-05	0.000000e+00	-1.210000e-05
2.400000000000000e+00	2.400000e+00	1.100000e+00	-1.210000e-05	0.000000e+00	-2.410000e-12	1.210000e-05	0.000000e+00	-1.210000e-05
2.500000000000000e+00	2.500000e+00	1.100000e+00	-1.210000e-05	0.000000e+00	-2.510000e-12	1.210000e-05	0.000000e+00	-1.210000e-05
2.600000000000000e+00	2.600000e+00	1.100000e+00	-1.210000e-05	0.000000e+00	-2.610000e-12	1.210000e-05	0.000000e+00	-1.210000e-05
2.700000000000000e+00	2.700000e+00	1.100000e+00	-1.210001e-05	0.000000e+00	-2.710000e-12	1.210001e-05	0.000000e+00	-1.210000e-05
2.800000000000000e+00	2.800000e+00	1.100000e+00	-1.210001e-05	0.000000e+00	-2.810000e-12	1.210001e-05	0.000000e+00	-1.210000e-05
2.900000000000000e+00	2.900000e+00	1.100000e+00	-1.210001e-05	0.000000e+00	-2.910000e-12	1.210001e-05	0.000000e+00	-1.210000e-05
3.000000000000000e+00	3.000000e+00	1.100000e+00	-1.210001e-05	0.000000e+00	-3.010000e-12	1.210001e-05	0.000000e+00	-1.210000e-05
3.100000000000000e+00	3.100000e+00	1.100000e+00	-1.210001e-05	0.000000e+00	-3.110000e-12	1.210001e-05	0.000000e+00	-1.210000e-05
3.200000000000000e+00	3.200000e+00	1.100000e+00	-1.210001e-05	0.000000e+00	-3.210000e-12	1.210001e-05	0.000000e+00	-1.210000e-05
3.300000000000000e+00	3.300000e+00	1.100000e+00	-1.210001e-05	0.000000e+00	-3.310000e-12	1.210001e-05	0.000000e+00	-1.210000e-05
3.400000000000000e+00	3.400000e+00	1.100000e+00	-1.210001e-05	0.000000e+00	-3.410000e-12	1.210001e-05	0.000000e+00	-1.210000e-05
3.500000000000000e+00	3.500000e+00	1.100000e+00	-1.210001e-05	0.000000e+00	-3.510000e-12	1.210001e-05	0.000000e+00	-1.210000e-05
3.600000000000000e+00	3.600000e+00	1.100000e+00	-1.210001e-05	0.000000e+00	-3.610000e-12	1.210001e-05	0.000000e+00	-1.210000e-05
3.700000000000000e+00	3.700000e+00	1.100000e+00	-1.210001e-05	0.000000e+00	-3.710000e-12	1.210001e-05	0.000000e+00	-1.210000e-05
3.800000000000000e+00	3.800000e+00	1.100000e+00	-1.210001e-05	0.000000e+00	-3.810000e-12	1.210001e-05	0.000000e+00	-1.210000e-05
3.900000000000000e+00	3.900000e+00	1.100000e+00	-1.210001e-05	0.000000e+00	-3.910000e-12	1.210001e-05	0.000000e+00	-1.210000e-05
4.000000000000000e+00	4.000000e+00	1.100000e+00	-1.210001e-05	0.000000e+00	-4.010000e-12	1.210001e-05	0.000000e+00	-1.210000e-05
4.100000000000001e+00	4.100000e+00	1.100000e+00	-1.210001e-05	0.000000e+00	-4.110000e-12	1.210001e-05	0.000000e+00	-1.210000e-05
4.200000000000000e+00	4.200000e+00	1.100000e+00	-1.210001e-05	0.000000e+00	-4.210000e-12	1.210001e-05	0.000000e+00	-1.210000e-05
4.300000000000000e+00	4.300000e+00	1.100000e+00	-1.210001e-05	0.000000e+00	-4.310000e-12	1.210001e-05	0.000000e+00	-1.210000e-05
4.400000000000000e+00	4.400000e+00	1.100000e+00	-1.210001e-05	0.000000e+00	-4.410000e-12	1.210001e-05	0.000000e+00	-1.210000e-05
4.500000000000000e+00	4.500000e+00	1.100000e+00	-1.210001e-05	0.000000e+00	-4.510000e-12	1.210001e-05	0.000000e+00	-1.210000e-05
4.600000000000001e+00	4.600000e+00	1.100000e+00	-1.210001e-05	0.000000e+00	-4.610000e-12	1.210001e-05	0.000000e+00	-1.210000e-05
4.700000000000000e+00	4.700000e+00	1.100000e+00	-1.210001e-05	0.000000e+00	-4.710000e-12	1.210001e-05	0.000000e+00	-1.210000e-05
4.800000000000001e+00	4.800000e+00	1.100000e+00	-1.210001e-05	0.000000e+00	-4.810000e-12	1.210001e-05	0.000000e+00	-1.210000e-05
4.900000000000000e+00	4.900000e+00	1.100000e+00	-1.210001e-05	0.000000e+00	-4.910000e-12	1.210001e-05	0.000000e+00	-1.210000e-05
5.000000000000000e+00	5.000000e+00	1.100000e+00	-1.210001e-05	0.000000e+00	-5.010000e-12	1.210001e-05	0.000000e+00	-1.210000e-05
5.100000000000001e+00	5.100000e+00	1.100000e+00	-1.210001e-05	0.000000e+00	-5.110000e-12	1.210001e-05	0.000000e+00	-1.210000e-05
5.200000000000000e+00	5.200000e+00	1.100000e+00	-1.210001e-05	0.000000e+00	-5.210000e-12	1.210001e-05	0.000000e+00	-1.210000e-05
5.300000000000001e+00	5.300000e+00	1.100000e+00	-1.210001e-05	0.000000e+00	-5.310000e-12	1.210001e-05	0.000000e+00	-1.210001e-05
5.400000000000000e+00	5.400000e+00	1.100000e+00	-1.210001e-05	0.000000e+00	-5.410000e-12	1.210001e-05	0.000000e+00	-1.210001e-05
5.500000000000000e+00	5.500000e+00	1.100000e+00	-1.210001e-05	0.000000e+00	-5.510000e-12	1.210001e-05	0.000000e+00	-1.210001e-05
5.600000000000001e+00	5.600000e+00	1.100000e+00	-1.210001e-05	0.000000e+00	-5.610000e-12	1.210001e-05	0.000000e+00	-1.210001e-05
5.700000000000000e+00	5.700000e+00	1.100000e+00	-1.210001e-05	0.000000e+00	-5.710000e-12	1.210001e-05	0.000000e+00	-1.210001e-05
5.800000000000001e+00	5.800000e+00	1.100000e+00	-1.210001e-05	0.000000e+00	-5.810000e-12	1.210001e-05	0.000000e+00	-1.210001e-05
5.900000000000000e+00	5.900000e+00	1.100000e+00	-1.210001e-05	0.000000e+00	-5.910000e-12	1.210001e-05	0.000000e+00	-1.210001e-05
6.000000000000000e+00	6.000000e+00	1.100000e+00	-1.210001e-05	0.000000e+00	-6.010000e-12	1.210001e-05	0.000000e+00	-1.210001e-05
Step Information: Vin=1.2  (Step: 13/51)
0.000000000000000e+00	0.000000e+00	1.200000e+00	0.000000e+00	0.000000e+00	0.000000e+00	0.000000e+00	0.000000e+00	-0.000000e+00
1.000000000000000e-01	1.000000e-01	1.200000e+00	-2.300000e-06	0.000000e+00	-1.097906e-13	2.300000e-06	0.000000e+00	-2.300000e-06
2.000000000000000e-01	2.000000e-01	1.200000e+00	-4.400000e-06	0.000000e+00	-2.099956e-13	4.400000e-06	0.000000e+00	-4.400000e-06
3.000000000000000e-01	3.000000e-01	1.200000e+00	-6.300001e-06	0.000000e+00	-3.099999e-13	6.300001e-06	0.000000e+00	-6.300000e-06
4.000000000000000e-01	4.000000e-01	1.200000e+00	-8.000001e-06	0.000000e+00	-4.100000e-13	8.000001e-06	0.000000e+00	-8.000000e-06
5.000000000000000e-01	5.000000e-01	1.200000e+00	-9.500001e-06	0.000000e+00	-5.100000e-13	9.500001e-06	0.000000e+00	-9.500000e-06
6.000000000000001e-01	6.000000e-01	1.200000e+00	-1.080000e-05	0.000000e+00	-6.100000e-13	1.080000e-05	0.000000e+00	-1.080000e-05
7.000000000000001e-01	7.000000e-01	1.200000e+00	-1.190000e-05	0.000000e+00	-7.100000e-13	1.190000e-05	0.000000e+00	-1.190000e-05
8.000000000000000e-01	8.000000e-01	1.200000e+00	-1.280000e-05	0.000000e+00	-8.100000e-13	1.280000e-05	0.000000e+00	-1.280000e-05
9.000000000000000e-01	9.000000e-01	1.200000e+00	-1.350000e-05	0.000000e+00	-9.100000e-13	1.350000e-05	0.000000e+00	-1.350000e-05
1.000000000000000e+00	1.000000e+00	1.200000e+00	-1.400000e-05	0.000000e+00	-1.010000e-12	1.400000e-05	0.000000e+00	-1.400000e-05
1.100000000000000e+00	1.100000e+00	1.200000e+00	-1.430000e-05	0.000000e+00	-1.110000e-12	1.430000e-05	0.000000e+00	-1.430000e-05
1.200000000000000e+00	1.200000e+00	1.200000e+00	-1.440000e-05	0.000000e+00	-1.210000e-12	1.440000e-05	0.000000e+00	-1.440000e-05
1.300000000000000e+00	1.300000e+00	1.200000e+00	-1.440000e-05	0.000000e+00	-1.310000e-12	1.440000e-05	0.000000e+00	-1.440000e-05
1.400000000000000e+00	1.400000e+00	1.200000e+00	-1.440000e-05	0.000000e+00	-1.410000e-12	1.440000e-05	0.000000e+00	-1.440000e-05
1.500000000000000e+00	1.500000e+00	1.200000e+00	-1.440000e-05	0.000000e+00	-1.510000e-12	1.440000e-05	0.000000e+00	-1.440000e-05
1.600000000000000e+00	1.600000e+00	1.200000e+00	-1.440000e-05	0.000000e+00	-1.610000e-12	1.440000e-05	0.000000e+00	-1.440000e-05
1.700000000000000e+00	1.700000e+00	1.200000e+00	-1.440000e-05	0.000000e+00	-1.710000e-12	1.440000e-05	0.000000e+00	-1.440000e-05
1.800000000000000e+00	1.800000e+00	1.200000e+00	-1.440000e-05	0.000000e+00	-1.810000e-12	1.440000e-05	0.000000e+00	-1.440000e-05
1.900000000000000e+00	1.900000e+00	1.200000e+00	-1.440000e-05	0.000000e+00	-1.910000e-12	1.440000e-05	0.000000e+00	-1.440000e-05
2.000000000000000e+00	2.000000e+00	1.200000e+00	-1.440000e-05	0.000000e+00	-2.010000e-12	1.440000e-05	0.000000e+00	-1.440000e-05
2.100000000000000e+00	2.100000e+00	1.200000e+00	-1.440000e-05	0.000000e+00	-2.110000e-12	1.440000e-05	0.000000e+00	-1.440000e-05
2.200000000000000e+00	2.200000e+00	1.200000e+00	-1.440000e-05	0.000000e+00	-2.210000e-12	1.440000e-05	0.000000e+00	-1.440000e-05
2.300000000000000e+00	2.300000e+00	1.200000e+00	-1.440001e-05	0.000000e+00	-2.310000e-12	1.440001e-05	0.000000e+00	-1.440000e-05
2.400000000000000e+00	2.400000e+00	1.200000e+00	-1.440001e-05	0.000000e+00	-2.410000e-12	1.440001e-05	0.000000e+00	-1.440000e-05
2.500000000000000e+00	2.500000e+00	1.200000e+00	-1.440001e-05	0.000000e+00	-2.510000e-12	1.440001e-05	0.000000e+00	-1.440000e-05
2.600000000000000e+00	2.600000e+00	1.200000e+00	-1.440001e-05	0.000000e+00	-2.610000e-12	1.440001e-05	0.000000e+00	-1.440000e-05
2.700000000000000e+00	2.700000e+00	1.200000e+00	-1.440001e-05	0.000000e+00	-2.710000e-12	1.440001e-05	0.000000e+00	-1.440000e-05
2.800000000000000e+00	2.800000e+00	1.200000e+00	-1.440001e-05	0.000000e+00	-2.810000e-12	1.440001e-05	0.000000e+00	-1.440000e-05
2.900000000000000e+00	2.900000e+00	1.200000e+00	-1.440001e-05	0.000000e+00	-2.910000e-12	1.440001e-05	0.000000e+00	-1.440000e-05
3.000000000000000e+00	3.000000e+00	1.200000e+00	-1.440001e-05	0.000000e+00	-3.010000e-12	1.440001e-05	0.000000e+00	-1.440000e-05
3.100000000000000e+00	3.100000e+00	1.200000e+00	-1.440001e-05	0.000000e+00	-3.110000e-12	1.440001e-05	0.000000e+00	-1.440000e-05
3.200000000000000e+00	3.200000e+00	1.200000e+00	-1.440001e-05	0.000000e+00	-3.210000e-12	1.440001e-05	0.000000e+00	-1.440000e-05
3.300000000000000e+00	3.300000e+00	1.200000e+00	-1.440001e-05	0.000000e+00	-3.310000e-12	1.440001e-05	0.000000e+00	-1.440000e-05
3.400000000000000e+00	3.400000e+00	1.200000e+00	-1.440001e-05	0.000000e+00	-3.410000e-12	1.440001e-05	0.000000e+00	-1.440000e-05
3.500000000000000e+00	3.500000e+00	1.200000e+00	-1.440001e-05	0.000000e+00	-3.510000e-12	1.440001e-05	0.000000e+00	-1.440000e-05
3.600000000000000e+00	3.600000e+00	1.200000e+00	-1.440001e-05	0.000000e+00	-3.610000e-12	1.440001e-05	0.000000e+00	-1.440000e-05
3.700000000000000e+00	3.700000e+00	1.200000e+00	-1.440001e-05	0.000000e+00	-3.710000e-12	1.440001e-05	0.000000e+00	-1.440000e-05
3.800000000000000e+00	3.800000e+00	1.200000e+00	-1.440001e-05	0.000000e+00	-3.810000e-12	1.440001e-05	0.000000e+00	-1.440000e-05
3.900000000000000e+00	3.900000e+00	1.200000e+00	-1.440001e-05	0.000000e+00	-3.910000e-12	1.440001e-05	0.000000e+00	-1.440000e-05
4.000000000000000e+00	4.000000e+00	1.200000e+00	-1.440001e-05	0.000000e+00	-4.010000e-12	1.440001e-05	0.000000e+00	-1.440000e-05
4.100000000000001e+00	4.100000e+00	1.200000e+00	-1.440001e-05	0.000000e+00	-4.110000e-12	1.440001e-05	0.000000e+00	-1.440000e-05
4.200000000000000e+00	4.200000e+00	1.200000e+00	-1.440001e-05	0.000000e+00	-4.210000e-12	1.440001e-05	0.000000e+00	-1.440000e-05
4.300000000000000e+00	4.300000e+00	1.200000e+00	-1.440001e-05	0.000000e+00	-4.310000e-12	1.440001e-05	0.000000e+00	-1.440000e-05
4.400000000000000e+00	4.400000e+00	1.200000e+00	-1.440001e-05	0.000000e+00	-4.410000e-12	1.440001e-05	0.000000e+00	-1.440000e-05
4.500000000000000e+00	4.500000e+00	1.200000e+00	-1.440001e-05	0.000000e+00	-4.510000e-12	1.440001e-05	0.000000e+00	-1.440000e-05
4.600000000000001e+00	4.600000e+00	1.200000e+00	-1.440001e-05	0.000000e+00	-4.610000e-12	1.440001e-05	0.000000e+00	-1.440000e-05
4.700000000000000e+00	4.700000e+00	1.200000e+00	-1.440001e-05	0.000000e+00	-4.710000e-12	1.440001e-05	0.000000e+00	-1.440001e-05
4.800000000000001e+00	4.800000e+00	1.200000e+00	-1.440001e-05	0.000000e+00	-4.810000e-12	1.440001e-05	0.000000e+00	-1.440001e-05
4.900000000000000e+00	4.900000e+00	1.200000e+00	-1.440001e-05	0.000000e+00	-4.910000e-12	1.440001e-05	0.000000e+00	-1.440001e-05
5.000000000000000e+00	5.000000e+00	1.200000e+00	-1.440001e-05	0.000000e+00	-5.010000e-12	1.440001e-05	0.000000e+00	-1.440001e-05
5.100000000000001e+00	5.100000e+00	1.200000e+00	-1.440001e-05	0.000000e+00	-5.110000e-12	1.440001e-05	0.000000e+00	-1.440001e-05
5.200000000000000e+00	5.200000e+00	1.200000e+00	-1.440001e-05	0.000000e+00	-5.210000e-12	1.440001e-05	0.000000e+00	-1.440001e-05
5.300000000000001e+00	5.300000e+00	1.200000e+00	-1.440001e-05	0.000000e+00	-5.310000e-12	1.440001e-05	0.000000e+00	-1.440001e-05
5.400000000000000e+00	5.400000e+00	1.200000e+00	-1.440001e-05	0.000000e+00	-5.410000e-12	1.440001e-05	0.000000e+00	-1.440001e-05
5.500000000000000e+00	5.500000e+00	1.200000e+00	-1.440001e-05	0.000000e+00	-5.510000e-12	1.440001e-05	0.000000e+00	-1.440001e-05
5.600000000000001e+00	5.600000e+00	1.200000e+00	-1.440001e-05	0.000000e+00	-5.610000e-12	1.440001e-05	0.000000e+00	-1.440001e-05
5.700000000000000e+00	5.700000e+00	1.200000e+00	-1.440001e-05	0.000000e+00	-5.710000e-12	1.440001e-05	0.000000e+00	-1.440001e-05
5.800000000000001e+00	5.800000e+00	1.200000e+00	-1.440001e-05	0.000000e+00	-5.810000e-12	1.440001e-05	0.000000e+00	-1.440001e-05
5.900000000000000e+00	5.900000e+00	1.200000e+00	-1.440001e-05	0.000000e+00	-5.910000e-12	1.440001e-05	0.000000e+00	-1.440001e-05
6.000000000000000e+00	6.000000e+00	1.200000e+00	-1.440001e-05	0.000000e+00	-6.010000e-12	1.440001e-05	0.000000e+00	-1.440001e-05
Step Information: Vin=1.3  (Step: 14/51)
0.000000000000000e+00	0.000000e+00	1.300000e+00	0.000000e+00	0.000000e+00	0.000000e+00	0.000000e+00	0.000000e+00	-0.000000e+00
1.000000000000000e-01	1.000000e-01	1.300000e+00	-2.500000e-06	0.000000e+00	-1.097906e-13	2.500000e-06	0.000000e+00	-2.500000e-06
2.000000000000000e-01	2.000000e-01	1.300000e+00	-4.800001e-06	0.000000e+00	-2.099956e-13	4.800001e-06	0.000000e+00	-4.800000e-06
3.000000000000000e-01	3.000000e-01	1.300000e+00	-6.900001e-06	0.000000e+00	-3.099999e-13	6.900001e-06	0.000000e+00	-6.900000e-06
4.000000000000000e-01	4.000000e-01	1.300000e+00	-8.800001e-06	0.000000e+00	-4.100000e-13	8.800001e-06	0.000000e+00	-8.800001e-06
5.000000000000000e-01	5.000000e-01	1.300000e+00	-1.050000e-05	0.000000e+00	-5.100000e-13	1.050000e-05	0.000000e+00	-1.050000e-05
6.000000000000001e-01	6.000000e-01	1.300000e+00	-1.200000e-05	0.000000e+00	-6.100000e-13	1.200000e-05	0.000000e+00	-1.200000e-05
7.000000000000001e-01	7.000000e-01	1.300000e+00	-1.330000e-05	0.000000e+00	-7.100000e-13	1.330000e-05	0.000000e+00	-1.330000e-05
8.000000000000000e-01	8.000000e-01	1.300000e+00	-1.440000e-05	0.000000e+00	-8.100000e-13	1.440000e-05	0.000000e+00	-1.440000e-05
9.000000000000000e-01	9.000000e-01	1.300000e+00	-1.530000e-05	0.000000e+00	-9.100000e-13	1.530000e-05	0.000000e+00	-1.530000e-05
1.000000000000000e+00	1.000000e+00	1.300000e+00	-1.600000e-05	0.000000e+00	-1.010000e-12	1.600000e-05	0.000000e+00	-1.600000e-05
1.100000000000000e+00	1.100000e+00	1.300000e+00	-1.650000e-05	0.000000e+00	-1.110000e-12	1.650000e-05	0.000000e+00	-1.650000e-05
1.200000000000000e+00	1.200000e+00	1.300000e+00	-1.680000e-05	0.000000e+00	-1.210000e-12	1.680000e-05	0.000000e+00	-1.680000e-05
1.300000000000000e+00	1.300000e+00	1.300000e+00	-1.690000e-05	0.000000e+00	-1.310000e-12	1.690000e-05	0.000000e+00	-1.690000e-05
1.400000000000000e+00	1.400000e+00	1.300000e+00	-1.690000e-05	0.000000e+00	-1.410000e-12	1.690000e-05	0.000000e+00	-1.690000e-05
1.500000000000000e+00	1.500000e+00	1.300000e+00	-1.690000e-05	0.000000e+00	-1.510000e-12	1.690000e-05	0.000000e+00	-1.690000e-05
1.600000000000000e+00	1.600000e+00	1.300000e+00	-1.690000e-05	0.000000e+00	-1.610000e-12	1.690000e-05	0.000000e+00	-1.690000e-05
1.700000000000000e+00	1.700000e+00	1.300000e+00	-1.690000e-05	0.000000e+00	-1.710000e-12	1.690000e-05	0.000000e+00	-1.690000e-05
1.800000000000000e+00	1.800000e+00	1.300000e+00	-1.690000e-05	0.000000e+00	-1.810000e-12	1.690000e-05	0.000000e+00	-1.690000e-05
1.900000000000000e+00	1.900000e+00	1.300000e+00	-1.690000e-05	0.000000e+00	-1.910000e-12	1.690000e-05	0.000000e+00	-1.690000e-05
2.000000000000000e+00	2.000000e+00	1.300000e+00	-1.690000e-05	0.000000e+00	-2.010000e-12	1.690000e-05	0.000000e+00	-1.690000e-05
2.100000000000000e+00	2.100000e+00	1.300000e+00	-1.690000e-05	0.000000e+00	-2.110000e-12	1.690000e-05	0.000000e+00	-1.690000e-05
2.200000000000000e+00	2.200000e+00	1.300000e+00	-1.690000e-05	0.000000e+00	-2.210000e-12	1.690000e-05	0.000000e+00	-1.690000e-05
2.300000000000000e+00	2.300000e+00	1.300000e+00	-1.690000e-05	0.000000e+00	-2.310000e-12	1.690000e-05	0.000000e+00	-1.690000e-05
2.400000000000000e+00	2.400000e+00	1.300000e+00	-1.690000e-05	0.000000e+00	-2.410000e-12	1.690000e-05	0.000000e+00	-1.690000e-05
2.500000000000000e+00	2.500000e+00	1.300000e+00	-1.690000e-05	0.000000e+00	-2.510000e-12	1.690000e-05	0.000000e+00	-1.690000e-05
2.600000000000000e+00	2.600000e+00	1.300000e+00	-1.690000e-05	0.000000e+00	-2.610000e-12	1.690000e-05	0.000000e+00	-1.690000e-05
2.700000000000000e+00	2.700000e+00	1.300000e+00	-1.690000e-05	0.000000e+00	-2.710000e-12	1.690000e-05	0.000000e+00	-1.690000e-05
2.800000000000000e+00	2.800000e+00	1.300000e+00	-1.690000e-05	0.000000e+00	-2.810000e-12	1.690000e-05	0.000000e+00	-1.690000e-05
2.900000000000000e+00	2.900000e+00	1.300000e+00	-1.690000e-05	0.000000e+00	-2.910000e-12	1.690000e-05	0.000000e+00	-1.690000e-05
3.000000000000000e+00	3.000000e+00	1.300000e+00	-1.690001e-05	0.000000e+00	-3.010000e-12	1.690001e-05	0.000000e+00	-1.690000e-05
3.100000000000000e+00	3.100000e+00	1.300000e+00	-1.690001e-05	0.000000e+00	-3.110000e-12	1.690001e-05	0.000000e+00	-1.690000e-05
3.200000000000000e+00	3.200000e+00	1.300000e+00	-1.690001e-05	0.000000e+00	-3.210000e-12	1.690001e-05	0.000000e+00	-1.690000e-05
3.300000000000000e+00	3.300000e+00	1.300000e+00	-1.690001e-05	0.000000e+00	-3.310000e-12	1.690001e-05	0.000000e+00	-1.690000e-05
3.400000000000000e+00	3.400000e+00	1.300000e+00	-1.690001e-05	0.000000e+00	-3.410000e-12	1.690001e-05	0.000000e+00	-1.690000e-05
3.500000000000000e+00	3.500000e+00	1.300000e+00	-1.690001e-05	0.000000e+00	-3.510000e-12	1.690001e-05	0.000000e+00	-1.690000e-05
3.600000000000000e+00	3.600000e+00	1.300000e+00	-1.690001e-05	0.000000e+00	-3.610000e-12	1.690001e-05	0.000000e+00	-1.690000e-05
3.700000000000000e+00	3.700000e+00	1.300000e+00	-1.690001e-05	0.000000e+00	-3.710000e-12	1.690001e-05	0.000000e+00	-1.690000e-05
3.800000000000000e+00	3.800000e+00	1.300000e+00	-1.690001e-05	0.000000e+00	-3.810000e-12	1.690001e-05	0.000000e+00	-1.690000e-05
3.900000000000000e+00	3.900000e+00	1.300000e+00	-1.690001e-05	0.000000e+00	-3.910000e-12	1.690001e-05	0.000000e+00	-1.690000e-05
4.000000000000000e+00	4.000000e+00	1.300000e+00	-1.690001e-05	0.000000e+00	-4.010000e-12	1.690001e-05	0.000000e+00	-1.690000e-05
4.100000000000001e+00	4.100000e+00	1.300000e+00	-1.690001e-05	0.000000e+00	-4.110000e-12	1.690001e-05	0.000000e+00	-1.690000e-05
4.200000000000000e+00	4.200000e+00	1.300000e+00	-1.690001e-05	0.000000e+00	-4.210000e-12	1.690001e-05	0.000000e+00	-1.690000e-05
4.300000000000000e+00	4.300000e+00	1.300000e+00	-1.690001e-05	0.000000e+00	-4.310000e-12	1.690001e-05	0.000000e+00	-1.690000e-05
4.400000000000000e+00	4.400000e+00	1.300000e+00	-1.690001e-05	0.000000e+00	-4.410000e-12	1.690001e-05	0.000000e+00	-1.690000e-05
4.500000000000000e+00	4.500000e+00	1.300000e+00	-1.690001e-05	0.000000e+00	-4.510000e-12	1.690001e-05	0.000000e+00	-1.690000e-05
4.600000000000001e+00	4.600000e+00	1.300000e+00	-1.690001e-05	0.000000e+00	-4.610000e-12	1.690001e-05	0.000000e+00	-1.690000e-05
4.700000000000000e+00	4.700000e+00	1.300000e+00	-1.690001e-05	0.000000e+00	-4.710000e-12	1.690001e-05	0.000000e+00	-1.690000e-05
4.800000000000001e+00	4.800000e+00	1.300000e+00	-1.690001e-05	0.000000e+00	-4.810000e-12	1.690001e-05	0.000000e+00	-1.690000e-05
4.900000000000000e+00	4.900000e+00	1.300000e+00	-1.690001e-05	0.000000e+00	-4.910000e-12	1.690001e-05	0.000000e+00	-1.690000e-05
5.000000000000000e+00	5.000000e+00	1.300000e+00	-1.690001e-05	0.000000e+00	-5.010000e-12	1.690001e-05	0.000000e+00	-1.690000e-05
5.100000000000001e+00	5.100000e+00	1.300000e+00	-1.690001e-05	0.000000e+00	-5.110000e-12	1.690001e-05	0.000000e+00	-1.690000e-05
5.200000000000000e+00	5.200000e+00	1.300000e+00	-1.690001e-05	0.000000e+00	-5.210000e-12	1.690001e-05	0.000000e+00	-1.690000e-05
5.300000000000001e+00	5.300000e+00	1.300000e+00	-1.690001e-05	0.000000e+00	-5.310000e-12	1.690001e-05	0.000000e+00	-1.690000e-05
5.400000000000000e+00	5.400000e+00	1.300000e+00	-1.690001e-05	0.000000e+00	-5.410000e-12	1.690001e-05	0.000000e+00	-1.690000e-05
5.500000000000000e+00	5.500000e+00	1.300000e+00	-1.690001e-05	0.000000e+00	-5.510000e-12	1.690001e-05	0.000000e+00	-1.690000e-05
5.600000000000001e+00	5.600000e+00	1.300000e+00	-1.690001e-05	0.000000e+00	-5.610000e-12	1.690001e-05	0.000000e+00	-1.690000e-05
5.700000000000000e+00	5.700000e+00	1.300000e+00	-1.690001e-05	0.000000e+00	-5.710000e-12	1.690001e-05	0.000000e+00	-1.690000e-05
5.800000000000001e+00	5.800000e+00	1.300000e+00	-1.690001e-05	0.000000e+00	-5.810000e-12	1.690001e-05	0.000000e+00	-1.690000e-05
5.900000000000000e+00	5.900000e+00	1.300000e+00	-1.690001e-05	0.000000e+00	-5.910000e-12	1.690001e-05	0.000000e+00	-1.690000e-05
6.000000000000000e+00	6.000000e+00	1.300000e+00	-1.690001e-05	0.000000e+00	-6.010000e-12	1.690001e-05	0.000000e+00	-1.690001e-05
Step Information: Vin=1.4  (Step: 15/51)
0.000000000000000e+00	0.000000e+00	1.400000e+00	0.000000e+00	0.000000e+00	0.000000e+00	0.000000e+00	0.000000e+00	-0.000000e+00
1.000000000000000e-01	1.000000e-01	1.400000e+00	-2.700000e-06	0.000000e+00	-1.097906e-13	2.700000e-06	0.000000e+00	-2.700000e-06
2.000000000000000e-01	2.000000e-01	1.400000e+00	-5.200000e-06	0.000000e+00	-2.099956e-13	5.200000e-06	0.000000e+00	-5.200000e-06
3.000000000000000e-01	3.000000e-01	1.400000e+00	-7.500001e-06	0.000000e+00	-3.099999e-13	7.500001e-06	0.000000e+00	-7.500000e-06
4.000000000000000e-01	4.000000e-01	1.400000e+00	-9.600001e-06	0.000000e+00	-4.100000e-13	9.600001e-06	0.000000e+00	-9.600000e-06
5.000000000000000e-01	5.000000e-01	1.400000e+00	-1.150000e-05	0.000000e+00	-5.100000e-13	1.150000e-05	0.000000e+00	-1.150000e-05
6.000000000000001e-01	6.000000e-01	1.400000e+00	-1.320000e-05	0.000000e+00	-6.100000e-13	1.320000e-05	0.000000e+00	-1.320000e-05
7.000000000000001e-01	7.000000e-01	1.400000e+00	-1.470000e-05	0.000000e+00	-7.100000e-13	1.470000e-05	0.000000e+00	-1.470000e-05
8.000000000000000e-01	8.000000e-01	1.400000e+00	-1.600000e-05	0.000000e+00	-8.100000e-13	1.600000e-05	0.000000e+00	-1.600000e-05
9.000000000000000e-01	9.000000e-01	1.400000e+00	-1.710000e-05	0.000000e+00	-9.100000e-13	1.710000e-05	0.000000e+00	-1.710000e-05
1.000000000000000e+00	1.000000e+00	1.400000e+00	-1.800000e-05	0.000000e+00	-1.010000e-12	1.800000e-05	0.000000e+00	-1.800000e-05
1.100000000000000e+00	1.100000e+00	1.400000e+00	-1.870000e-05	0.000000e+00	-1.110000e-12	1.870000e-05	0.000000e+00	-1.870000e-05
1.200000000000000e+00	1.200000e+00	1.400000e+00	-1.920000e-05	0.000000e+00	-1.210000e-12	1.920000e-05	0.000000e+00	-1.920000e-05
1.300000000000000e+00	1.300000e+00	1.400000e+00	-1.950000e-05	0.000000e+00	-1.310000e-12	1.950000e-05	0.000000e+00	-1.950000e-05
1.400000000000000e+00	1.400000e+00	1.400000e+00	-1.960000e-05	0.000000e+00	-1.410000e-12	1.960000e-05	0.000000e+00	-1.960000e-05
1.500000000000000e+00	1.500000e+00	1.400000e+00	-1.960000e-05	0.000000e+00	-1.510000e-12	1.960000e-05	0.000000e+00	-1.960000e-05
1.600000000000000e+00	1.600000e+00	1.400000e+00	-1.960000e-05	0.000000e+00	-1.610000e-12	1.960000e-05	0.000000e+00	-1.960000e-05
1.700000000000000e+00	1.700000e+00	1.400000e+00	-1.960000e-05	0.000000e+00	-1.710000e-12	1.960000e-05	0.000000e+00	-1.960000e-05
1.800000000000000e+00	1.800000e+00	1.400000e+00	-1.960000e-05	0.000000e+00	-1.810000e-12	1.960000e-05	0.000000e+00	-1.960000e-05
1.900000000000000e+00	1.900000e+00	1.400000e+00	-1.960000e-05	0.000000e+00	-1.910000e-12	1.960000e-05	0.000000e+00	-1.960000e-05
2.000000000000000e+00	2.000000e+00	1.400000e+00	-1.960000e-05	0.000000e+00	-2.010000e-12	1.960000e-05	0.000000e+00	-1.960000e-05
2.100000000000000e+00	2.100000e+00	1.400000e+00	-1.960000e-05	0.000000e+00	-2.110000e-12	1.960000e-05	0.000000e+00	-1.960000e-05
2.200000000000000e+00	2.200000e+00	1.400000e+00	-1.960000e-05	0.000000e+00	-2.210000e-12	1.960000e-05	0.000000e+00	-1.960000e-05
2.300000000000000e+00	2.300000e+00	1.400000e+00	-1.960000e-05	0.000000e+00	-2.310000e-12	1.960000e-05	0.000000e+00	-1.960000e-05
2.400000000000000e+00	2.400000e+00	1.400000e+00	-1.960001e-05	0.000000e+00	-2.410000e-12	1.960001e-05	0.000000e+00	-1.960000e-05
2.500000000000000e+00	2.500000e+00	1.400000e+00	-1.960001e-05	0.000000e+00	-2.510000e-12	1.960001e-05	0.000000e+00	-1.960000e-05
2.600000000000000e+00	2.600000e+00	1.400000e+00	-1.960001e-05	0.000000e+00	-2.610000e-12	1.960001e-05	0.000000e+00	-1.960000e-05
2.700000000000000e+00	2.700000e+00	1.400000e+00	-1.960001e-05	0.000000e+00	-2.710000e-12	1.960001e-05	0.000000e+00	-1.960000e-05
2.800000000000000e+00	2.800000e+00	1.400000e+00	-1.960001e-05	0.000000e+00	-2.810000e-12	1.960001e-05	0.000000e+00	-1.960000e-05
2.900000000000000e+00	2.900000e+00	1.400000e+00	-1.960001e-05	0.000000e+00	-2.910000e-12	1.960001e-05	0.000000e+00	-1.960000e-05
3.000000000000000e+00	3.000000e+00	1.400000e+00	-1.960001e-05	0.000000e+00	-3.010000e-12	1.960001e-05	0.000000e+00	-1.960000e-05
3.100000000000000e+00	3.100000e+00	1.400000e+00	-1.960001e-05	0.000000e+00	-3.110000e-12	1.960001e-05	0.000000e+00	-1.960000e-05
3.200000000000000e+00	3.200000e+00	1.400000e+00	-1.960001e-05	0.000000e+00	-3.210000e-12	1.960001e-05	0.000000e+00	-1.960000e-05
3.300000000000000e+00	3.300000e+00	1.400000e+00	-1.960001e-05	0.000000e+00	-3.310000e-12	1.960001e-05	0.000000e+00	-1.960000e-05
3.400000000000000e+00	3.400000e+00	1.400000e+00	-1.960001e-05	0.000000e+00	-3.410000e-12	1.960001e-05	0.000000e+00	-1.960000e-05
3.500000000000000e+00	3.500000e+00	1.400000e+00	-1.960001e-05	0.000000e+00	-3.510000e-12	1.960001e-05	0.000000e+00	-1.960000e-05
3.600000000000000e+00	3.600000e+00	1.400000e+00	-1.960001e-05	0.000000e+00	-3.610000e-12	1.960001e-05	0.000000e+00	-1.960000e-05
3.700000000000000e+00	3.700000e+00	1.400000e+00	-1.960001e-05	0.000000e+00	-3.710000e-12	1.960001e-05	0.000000e+00	-1.960000e-05
3.800000000000000e+00	3.800000e+00	1.400000e+00	-1.960001e-05	0.000000e+00	-3.810000e-12	1.960001e-05	0.000000e+00	-1.960000e-05
3.900000000000000e+00	3.900000e+00	1.400000e+00	-1.960001e-05	0.000000e+00	-3.910000e-12	1.960001e-05	0.000000e+00	-1.960000e-05
4.000000000000000e+00	4.000000e+00	1.400000e+00	-1.960001e-05	0.000000e+00	-4.010000e-12	1.960001e-05	0.000000e+00	-1.960000e-05
4.100000000000001e+00	4.100000e+00	1.400000e+00	-1.960001e-05	0.000000e+00	-4.110000e-12	1.960001e-05	0.000000e+00	-1.960000e-05
4.200000000000000e+00	4.200000e+00	1.400000e+00	-1.960001e-05	0.000000e+00	-4.210000e-12	1.960001e-05	0.000000e+00	-1.960000e-05
4.300000000000000e+00	4.300000e+00	1.400000e+00	-1.960001e-05	0.000000e+00	-4.310000e-12	1.960001e-05	0.000000e+00	-1.960000e-05
4.400000000000000e+00	4.400000e+00	1.400000e+00	-1.960001e-05	0.000000e+00	-4.410000e-12	1.960001e-05	0.000000e+00	-1.960000e-05
4.500000000000000e+00	4.500000e+00	1.400000e+00	-1.960001e-05	0.000000e+00	-4.510000e-12	1.960001e-05	0.000000e+00	-1.960000e-05
4.600000000000001e+00	4.600000e+00	1.400000e+00	-1.960001e-05	0.000000e+00	-4.610000e-12	1.960001e-05	0.000000e+00	-1.960000e-05
4.700000000000000e+00	4.700000e+00	1.400000e+00	-1.960001e-05	0.000000e+00	-4.710000e-12	1.960001e-05	0.000000e+00	-1.960001e-05
4.800000000000001e+00	4.800000e+00	1.400000e+00	-1.960001e-05	0.000000e+00	-4.810000e-12	1.960001e-05	0.000000e+00	-1.960001e-05
4.900000000000000e+00	4.900000e+00	1.400000e+00	-1.960001e-05	0.000000e+00	-4.910000e-12	1.960001e-05	0.000000e+00	-1.960001e-05
5.000000000000000e+00	5.000000e+00	1.400000e+00	-1.960001e-05	0.000000e+00	-5.010000e-12	1.960001e-05	0.000000e+00	-1.960001e-05
5.100000000000001e+00	5.100000e+00	1.400000e+00	-1.960001e-05	0.000000e+00	-5.110000e-12	1.960001e-05	0.000000e+00	-1.960001e-05
5.200000000000000e+00	5.200000e+00	1.400000e+00	-1.960001e-05	0.000000e+00	-5.210000e-12	1.960001e-05	0.000000e+00	-1.960001e-05
5.300000000000001e+00	5.300000e+00	1.400000e+00	-1.960001e-05	0.000000e+00	-5.310000e-12	1.960001e-05	0.000000e+00	-1.960001e-05
5.400000000000000e+00	5.400000e+00	1.400000e+00	-1.960001e-05	0.000000e+00	-5.410000e-12	1.960001e-05	0.000000e+00	-1.960001e-05
5.500000000000000e+00	5.500000e+00	1.400000e+00	-1.960001e-05	0.000000e+00	-5.510000e-12	1.960001e-05	0.000000e+00	-1.960001e-05
5.600000000000001e+00	5.600000e+00	1.400000e+00	-1.960001e-05	0.000000e+00	-5.610000e-12	1.960001e-05	0.000000e+00	-1.960001e-05
5.700000000000000e+00	5.700000e+00	1.400000e+00	-1.960001e-05	0.000000e+00	-5.710000e-12	1.960001e-05	0.000000e+00	-1.960001e-05
5.800000000000001e+00	5.800000e+00	1.400000e+00	-1.960001e-05	0.000000e+00	-5.810000e-12	1.960001e-05	0.000000e+00	-1.960001e-05
5.900000000000000e+00	5.900000e+00	1.400000e+00	-1.960001e-05	0.000000e+00	-5.910000e-12	1.960001e-05	0.000000e+00	-1.960001e-05
6.000000000000000e+00	6.000000e+00	1.400000e+00	-1.960001e-05	0.000000e+00	-6.010000e-12	1.960001e-05	0.000000e+00	-1.960001e-05
Step Information: Vin=1.5  (Step: 16/51)
0.000000000000000e+00	0.000000e+00	1.500000e+00	0.000000e+00	0.000000e+00	0.000000e+00	0.000000e+00	0.000000e+00	-0.000000e+00
1.000000000000000e-01	1.000000e-01	1.500000e+00	-2.900000e-06	0.000000e+00	-1.097906e-13	2.900000e-06	0.000000e+00	-2.900000e-06
2.000000000000000e-01	2.000000e-01	1.500000e+00	-5.600000e-06	0.000000e+00	-2.099956e-13	5.600000e-06	0.000000e+00	-5.600000e-06
3.000000000000000e-01	3.000000e-01	1.500000e+00	-8.100001e-06	0.000000e+00	-3.099999e-13	8.100001e-06	0.000000e+00	-8.100001e-06
4.000000000000000e-01	4.000000e-01	1.500000e+00	-1.040000e-05	0.000000e+00	-4.100000e-13	1.040000e-05	0.000000e+00	-1.040000e-05
5.000000000000000e-01	5.000000e-01	1.500000e+00	-1.250000e-05	0.000000e+00	-5.100000e-13	1.250000e-05	0.000000e+00	-1.250000e-05
6.000000000000001e-01	6.000000e-01	1.500000e+00	-1.440000e-05	0.000000e+00	-6.100000e-13	1.440000e-05	0.000000e+00	-1.440000e-05
7.000000000000001e-01	7.000000e-01	1.500000e+00	-1.610000e-05	0.000000e+00	-7.100000e-13	1.610000e-05	0.000000e+00	-1.610000e-05
8.000000000000000e-01	8.000000e-01	1.500000e+00	-1.760000e-05	0.000000e+00	-8.100000e-13	1.760000e-05	0.000000e+00	-1.760000e-05
9.000000000000000e-01	9.000000e-01	1.500000e+00	-1.890000e-05	0.000000e+00	-9.100000e-13	1.890000e-05	0.000000e+00	-1.890000e-05
1.000000000000000e+00	1.000000e+00	1.500000e+00	-2.000000e-05	0.000000e+00	-1.010000e-12	2.000000e-05	0.000000e+00	-2.000000e-05
1.100000000000000e+00	1.100000e+00	1.500000e+00	-2.090000e-05	0.000000e+00	-1.110000e-12	2.090000e-05	0.000000e+00	-2.090000e-05
1.200000000000000e+00	1.200000e+00	1.500000e+00	-2.160000e-05	0.000000e+00	-1.210000e-12	2.160000e-05	0.000000e+00	-2.160000e-05
1.300000000000000e+00	1.300000e+00	1.500000e+00	-2.210000e-05	0.000000e+00	-1.310000e-12	2.210000e-05	0.000000e+00	-2.210000e-05
1.400000000000000e+00	1.400000e+00	1.500000e+00	-2.240000e-05	0.000000e+00	-1.410000e-12	2.240000e-05	0.000000e+00	-2.240000e-05
1.500000000000000e+00	1.500000e+00	1.500000e+00	-2.250000e-05	0.000000e+00	-1.510000e-12	2.250000e-05	0.000000e+00	-2.250000e-05
1.600000000000000e+00	1.600000e+00	1.500000e+00	-2.250000e-05	0.000000e+00	-1.610000e-12	2.250000e-05	0.000000e+00	-2.250000e-05
1.700000000000000e+00	1.700000e+00	1.500000e+00	-2.250000e-05	0.000000e+00	-1.710000e-12	2.250000e-05	0.000000e+00	-2.250000e-05
1.800000000000000e+00	1.800000e+00	1.500000e+00	-2.250000e-05	0.000000e+00	-1.810000e-12	2.250000e-05	0.000000e+00	-2.250000e-05
1.900000000000000e+00	1.900000e+00	1.500000e+00	-2.250000e-05	0.000000e+00	-1.910000e-12	2.250000e-05	0.000000e+00	-2.250000e-05
2.000000000000000e+00	2.000000e+00	1.500000e+00	-2.250000e-05	0.000000e+00	-2.010000e-12	2.250000e-05	0.000000e+00	-2.250000e-05
2.100000000000000e+00	2.100000e+00	1.500000e+00	-2.250000e-05	0.000000e+00	-2.110000e-12	2.250000e-05	0.000000e+00	-2.250000e-05
2.200000000000000e+00	2.200000e+00	1.500000e+00	-2.250000e-05	0.000000e+00	-2.210000e-12	2.250000e-05	0.000000e+00	-2.250000e-05
2.300000000000000e+00	2.300000e+00	1.500000e+00	-2.250000e-05	0.000000e+00	-2.310000e-12	2.250000e-05	0.000000e+00	-2.250000e-05
2.400000000000000e+00	2.400000e+00	1.500000e+00	-2.250000e-05	0.000000e+00	-2.410000e-12	2.250000e-05	0.000000e+00	-2.250000e-05
2.500000000000000e+00	2.500000e+00	1.500000e+00	-2.250001e-05	0.000000e+00	-2.510000e-12	2.250001e-05	0.000000e+00	-2.250000e-05
2.600000000000000e+00	2.600000e+00	1.500000e+00	-2.250001e-05	0.000000e+00	-2.610000e-12	2.250001e-05	0.000000e+00	-2.250000e-05
2.700000000000000e+00	2.700000e+00	1.500000e+00	-2.250001e-05	0.000000e+00	-2.710000e-12	2.250001e-05	0.000000e+00	-2.250000e-05
2.800000000000000e+00	2.800000e+00	1.500000e+00	-2.250001e-05	0.000000e+00	-2.810000e-12	2.250001e-05	0.000000e+00	-2.250000e-05
2.900000000000000e+00	2.900000e+00	1.500000e+00	-2.250001e-05	0.000000e+00	-2.910000e-12	2.250001e-05	0.000000e+00	-2.250000e-05
3.000000000000000e+00	3.000000e+00	1.500000e+00	-2.250001e-05	0.000000e+00	-3.010000e-12	2.250001e-05	0.000000e+00	-2.250000e-05
3.100000000000000e+00	3.100000e+00	1.500000e+00	-2.250001e-05	0.000000e+00	-3.110000e-12	2.250001e-05	0.000000e+00	-2.250000e-05
3.200000000000000e+00	3.200000e+00	1.500000e+00	-2.250001e-05	0.000000e+00	-3.210000e-12	2.250001e-05	0.000000e+00	-2.250000e-05
3.300000000000000e+00	3.300000e+00	1.500000e+00	-2.250001e-05	0.000000e+00	-3.310000e-12	2.250001e-05	0.000000e+00	-2.250000e-05
3.400000000000000e+00	3.400000e+00	1.500000e+00	-2.250001e-05	0.000000e+00	-3.410000e-12	2.250001e-05	0.000000e+00	-2.250000e-05
3.500000000000000e+00	3.500000e+00	1.500000e+00	-2.250001e-05	0.000000e+00	-3.510000e-12	2.250001e-05	0.000000e+00	-2.250000e-05
3.600000000000000e+00	3.600000e+00	1.500000e+00	-2.250001e-05	0.000000e+00	-3.610000e-12	2.250001e-05	0.000000e+00	-2.250000e-05
3.700000000000000e+00	3.700000e+00	1.500000e+00	-2.250001e-05	0.000000e+00	-3.710000e-12	2.250001e-05	0.000000e+00	-2.250000e-05
3.800000000000000e+00	3.800000e+00	1.500000e+00	-2.250001e-05	0.000000e+00	-3.810000e-12	2.250001e-05	0.000000e+00	-2.250000e-05
3.900000000000000e+00	3.900000e+00	1.500000e+00	-2.250001e-05	0.000000e+00	-3.910000e-12	2.250001e-05	0.000000e+00	-2.250000e-05
4.000000000000000e+00	4.000000e+00	1.500000e+00	-2.250001e-05	0.000000e+00	-4.010000e-12	2.250001e-05	0.000000e+00	-2.250000e-05
4.100000000000001e+00	4.100000e+00	1.500000e+00	-2.250001e-05	0.000000e+00	-4.110000e-12	2.250001e-05	0.000000e+00	-2.250000e-05
4.200000000000000e+00	4.200000e+00	1.500000e+00	-2.250001e-05	0.000000e+00	-4.210000e-12	2.250001e-05	0.000000e+00	-2.250000e-05
4.300000000000000e+00	4.300000e+00	1.500000e+00	-2.250001e-05	0.000000e+00	-4.310000e-12	2.250001e-05	0.000000e+00	-2.250000e-05
4.400000000000000e+00	4.400000e+00	1.500000e+00	-2.250001e-05	0.000000e+00	-4.410000e-12	2.250001e-05	0.000000e+00	-2.250000e-05
4.500000000000000e+00	4.500000e+00	1.500000e+00	-2.250001e-05	0.000000e+00	-4.510000e-12	2.250001e-05	0.000000e+00	-2.250000e-05
4.600000000000001e+00	4.600000e+00	1.500000e+00	-2.250001e-05	0.000000e+00	-4.610000e-12	2.250001e-05	0.000000e+00	-2.250000e-05
4.700000000000000e+00	4.700000e+00	1.500000e+00	-2.250001e-05	0.000000e+00	-4.710000e-12	2.250001e-05	0.000000e+00	-2.250000e-05
4.800000000000001e+00	4.800000e+00	1.500000e+00	-2.250001e-05	0.000000e+00	-4.810000e-12	2.250001e-05	0.000000e+00	-2.250000e-05
4.900000000000000e+00	4.900000e+00	1.500000e+00	-2.250001e-05	0.000000e+00	-4.910000e-12	2.250001e-05	0.000000e+00	-2.250001e-05
5.000000000000000e+00	5.000000e+00	1.500000e+00	-2.250001e-05	0.000000e+00	-5.010000e-12	2.250001e-05	0.000000e+00	-2.250001e-05
5.100000000000001e+00	5.100000e+00	1.500000e+00	-2.250001e-05	0.000000e+00	-5.110000e-12	2.250001e-05	0.000000e+00	-2.250001e-05
5.200000000000000e+00	5.200000e+00	1.500000e+00	-2.250001e-05	0.000000e+00	-5.210000e-12	2.250001e-05	0.000000e+00	-2.250001e-05
5.300000000000001e+00	5.300000e+00	1.500000e+00	-2.250001e-05	0.000000e+00	-5.310000e-12	2.250001e-05	0.000000e+00	-2.250001e-05
5.400000000000000e+00	5.400000e+00	1.500000e+00	-2.250001e-05	0.000000e+00	-5.410000e-12	2.250001e-05	0.000000e+00	-2.250001e-05
5.500000000000000e+00	5.500000e+00	1.500000e+00	-2.250001e-05	0.000000e+00	-5.510000e-12	2.250001e-05	0.000000e+00	-2.250001e-05
5.600000000000001e+00	5.600000e+00	1.500000e+00	-2.250001e-05	0.000000e+00	-5.610000e-12	2.250001e-05	0.000000e+00	-2.250001e-05
5.700000000000000e+00	5.700000e+00	1.500000e+00	-2.250001e-05	0.000000e+00	-5.710000e-12	2.250001e-05	0.000000e+00	-2.250001e-05
5.800000000000001e+00	5.800000e+00	1.500000e+00	-2.250001e-05	0.000000e+00	-5.810000e-12	2.250001e-05	0.000000e+00	-2.250001e-05
5.900000000000000e+00	5.900000e+00	1.500000e+00	-2.250001e-05	0.000000e+00	-5.910000e-12	2.250001e-05	0.000000e+00	-2.250001e-05
6.000000000000000e+00	6.000000e+00	1.500000e+00	-2.250001e-05	0.000000e+00	-6.010000e-12	2.250001e-05	0.000000e+00	-2.250001e-05
Step Information: Vin=1.6  (Step: 17/51)
0.000000000000000e+00	0.000000e+00	1.600000e+00	0.000000e+00	0.000000e+00	0.000000e+00	0.000000e+00	0.000000e+00	-0.000000e+00
1.000000000000000e-01	1.000000e-01	1.600000e+00	-3.100000e-06	0.000000e+00	-1.097906e-13	3.100000e-06	0.000000e+00	-3.100000e-06
2.000000000000000e-01	2.000000e-01	1.600000e+00	-6.000000e-06	0.000000e+00	-2.099956e-13	6.000000e-06	0.000000e+00	-6.000000e-06
3.000000000000000e-01	3.000000e-01	1.600000e+00	-8.700001e-06	0.000000e+00	-3.099999e-13	8.700001e-06	0.000000e+00	-8.700000e-06
4.000000000000000e-01	4.000000e-01	1.600000e+00	-1.120000e-05	0.000000e+00	-4.100000e-13	1.120000e-05	0.000000e+00	-1.120000e-05
5.000000000000000e-01	5.000000e-01	1.600000e+00	-1.350000e-05	0.000000e+00	-5.100000e-13	1.350000e-05	0.000000e+00	-1.350000e-05
6.000000000000001e-01	6.000000e-01	1.600000e+00	-1.560000e-05	0.000000e+00	-6.100000e-13	1.560000e-05	0.000000e+00	-1.560000e-05
7.000000000000001e-01	7.000000e-01	1.600000e+00	-1.750000e-05	0.000000e+00	-7.100000e-13	1.750000e-05	0.000000e+00	-1.750000e-05
8.000000000000000e-01	8.000000e-01	1.600000e+00	-1.920000e-05	0.000000e+00	-8.100000e-13	1.920000e-05	0.000000e+00	-1.920000e-05
9.000000000000000e-01	9.000000e-01	1.600000e+00	-2.070000e-05	0.000000e+00	-9.100000e-13	2.070000e-05	0.000000e+00	-2.070000e-05
1.000000000000000e+00	1.000000e+00	1.600000e+00	-2.200000e-05	0.000000e+00	-1.010000e-12	2.200000e-05	0.000000e+00	-2.200000e-05
1.100000000000000e+00	1.100000e+00	1.600000e+00	-2.310000e-05	0.000000e+00	-1.110000e-12	2.310000e-05	0.000000e+00	-2.310000e-05
1.200000000000000e+00	1.200000e+00	1.600000e+00	-2.400000e-05	0.000000e+00	-1.210000e-12	2.400000e-05	0.000000e+00	-2.400000e-05
1.300000000000000e+00	1.300000e+00	1.600000e+00	-2.470000e-05	0.000000e+00	-1.310000e-12	2.470000e-05	0.000000e+00	-2.470000e-05
1.400000000000000e+00	1.400000e+00	1.600000e+00	-2.520000e-05	0.000000e+00	-1.410000e-12	2.520000e-05	0.000000e+00	-2.520000e-05
1.500000000000000e+00	1.500000e+00	1.600000e+00	-2.550000e-05	0.000000e+00	-1.510000e-12	2.550000e-05	0.000000e+00	-2.550000e-05
1.600000000000000e+00	1.600000e+00	1.600000e+00	-2.560000e-05	0.000000e+00	-1.610000e-12	2.560000e-05	0.000000e+00	-2.560000e-05
1.700000000000000e+00	1.700000e+00	1.600000e+00	-2.560000e-05	0.000000e+00	-1.710000e-12	2.560000e-05	0.000000e+00	-2.560000e-05
1.800000000000000e+00	1.800000e+00	1.600000e+00	-2.560000e-05	0.000000e+00	-1.810000e-12	2.560000e-05	0.000000e+00	-2.560000e-05
1.900000000000000e+00	1.900000e+00	1.600000e+00	-2.560000e-05	0.000000e+00	-1.910000e-12	2.560000e-05	0.000000e+00	-2.560000e-05
2.000000000000000e+00	2.000000e+00	1.600000e+00	-2.560000e-05	0.000000e+00	-2.010000e-12	2.560000e-05	0.000000e+00	-2.560000e-05
2.100000000000000e+00	2.100000e+00	1.600000e+00	-2.560000e-05	0.000000e+00	-2.110000e-12	2.560000e-05	0.000000e+00	-2.560000e-05
2.200000000000000e+00	2.200000e+00	1.600000e+00	-2.560000e-05	0.000000e+00	-2.210000e-12	2.560000e-05	0.000000e+00	-2.560000e-05
2.300000000000000e+00	2.300000e+00	1.600000e+00	-2.560000e-05	0.000000e+00	-2.310000e-12	2.560000e-05	0.000000e+00	-2.560000e-05
2.400000000000000e+00	2.400000e+00	1.600000e+00	-2.560000e-05	0.000000e+00	-2.410000e-12	2.560000e-05	0.000000e+00	-2.560000e-05
2.500000000000000e+00	2.500000e+00	1.600000e+00	-2.560001e-05	0.000000e+00	-2.510000e-12	2.560001e-05	0.000000e+00	-2.560000e-05
2.600000000000000e+00	2.600000e+00	1.600000e+00	-2.560001e-05	0.000000e+00	-2.610000e-12	2.560001e-05	0.000000e+00	-2.560000e-05
2.700000000000000e+00	2.700000e+00	1.600000e+00	-2.560001e-05	0.000000e+00	-2.710000e-12	2.560001e-05	0.000000e+00	-2.560000e-05
2.800000000000000e+00	2.800000e+00	1.600000e+00	-2.560001e-05	0.000000e+00	-2.810000e-12	2.560001e-05	0.000000e+00	-2.560000e-05
2.900000000000000e+00	2.900000e+00	1.600000e+00	-2.560001e-05	0.000000e+00	-2.910000e-12	2.560001e-05	0.000000e+00	-2.560000e-05
3.000000000000000e+00	3.000000e+00	1.600000e+00	-2.560001e-05	0.000000e+00	-3.010000e-12	2.560001e-05	0.000000e+00	-2.560000e-05
3.100000000000000e+00	3.100000e+00	1.600000e+00	-2.560001e-05	0.000000e+00	-3.110000e-12	2.560001e-05	0.000000e+00	-2.560000e-05
3.200000000000000e+00	3.200000e+00	1.600000e+00	-2.560001e-05	0.000000e+00	-3.210000e-12	2.560001e-05	0.000000e+00	-2.560000e-05
3.300000000000000e+00	3.300000e+00	1.600000e+00	-2.560001e-05	0.000000e+00	-3.310000e-12	2.560001e-05	0.000000e+00	-2.560000e-05
3.400000000000000e+00	3.400000e+00	1.600000e+00	-2.560001e-05	0.000000e+00	-3.410000e-12	2.560001e-05	0.000000e+00	-2.560000e-05
3.500000000000000e+00	3.500000e+00	1.600000e+00	-2.560001e-05	0.000000e+00	-3.510000e-12	2.560001e-05	0.000000e+00	-2.560000e-05
3.600000000000000e+00	3.600000e+00	1.600000e+00	-2.560001e-05	0.000000e+00	-3.610000e-12	2.560001e-05	0.000000e+00	-2.560000e-05
3.700000000000000e+00	3.700000e+00	1.600000e+00	-2.560001e-05	0.000000e+00	-3.710000e-12	2.560001e-05	0.000000e+00	-2.560000e-05
3.800000000000000e+00	3.800000e+00	1.600000e+00	-2.560001e-05	0.000000e+00	-3.810000e-12	2.560001e-05	0.000000e+00	-2.560000e-05
3.900000000000000e+00	3.900000e+00	1.600000e+00	-2.560001e-05	0.000000e+00	-3.910000e-12	2.560001e-05	0.000000e+00	-2.560000e-05
4.000000000000000e+00	4.000000e+00	1.600000e+00	-2.560001e-05	0.000000e+00	-4.010000e-12	2.560001e-05	0.000000e+00	-2.560000e-05
4.100000000000001e+00	4.100000e+00	1.600000e+00	-2.560001e-05	0.000000e+00	-4.110000e-12	2.560001e-05	0.000000e+00	-2.560000e-05
4.200000000000000e+00	4.200000e+00	1.600000e+00	-2.560001e-05	0.000000e+00	-4.210000e-12	2.560001e-05	0.000000e+00	-2.560000e-05
4.300000000000000e+00	4.300000e+00	1.600000e+00	-2.560001e-05	0.000000e+00	-4.310000e-12	2.560001e-05	0.000000e+00	-2.560000e-05
4.400000000000000e+00	4.400000e+00	1.600000e+00	-2.560001e-05	0.000000e+00	-4.410000e-12	2.560001e-05	0.000000e+00	-2.560000e-05
4.500000000000000e+00	4.500000e+00	1.600000e+00	-2.560001e-05	0.000000e+00	-4.510000e-12	2.560001e-05	0.000000e+00	-2.560000e-05
4.600000000000001e+00	4.600000e+00	1.600000e+00	-2.560001e-05	0.000000e+00	-4.610000e-12	2.560001e-05	0.000000e+00	-2.560000e-05
4.700000000000000e+00	4.700000e+00	1.600000e+00	-2.560001e-05	0.000000e+00	-4.710000e-12	2.560001e-05	0.000000e+00	-2.560000e-05
4.800000000000001e+00	4.800000e+00	1.600000e+00	-2.560001e-05	0.000000e+00	-4.810000e-12	2.560001e-05	0.000000e+00	-2.560000e-05
4.900000000000000e+00	4.900000e+00	1.600000e+00	-2.560001e-05	0.000000e+00	-4.910000e-12	2.560001e-05	0.000000e+00	-2.560001e-05
5.000000000000000e+00	5.000000e+00	1.600000e+00	-2.560001e-05	0.000000e+00	-5.010000e-12	2.560001e-05	0.000000e+00	-2.560001e-05
5.100000000000001e+00	5.100000e+00	1.600000e+00	-2.560001e-05	0.000000e+00	-5.110000e-12	2.560001e-05	0.000000e+00	-2.560001e-05
5.200000000000000e+00	5.200000e+00	1.600000e+00	-2.560001e-05	0.000000e+00	-5.210000e-12	2.560001e-05	0.000000e+00	-2.560001e-05
5.300000000000001e+00	5.300000e+00	1.600000e+00	-2.560001e-05	0.000000e+00	-5.310000e-12	2.560001e-05	0.000000e+00	-2.560001e-05
5.400000000000000e+00	5.400000e+00	1.600000e+00	-2.560001e-05	0.000000e+00	-5.410000e-12	2.560001e-05	0.000000e+00	-2.560001e-05
5.500000000000000e+00	5.500000e+00	1.600000e+00	-2.560001e-05	0.000000e+00	-5.510000e-12	2.560001e-05	0.000000e+00	-2.560001e-05
5.600000000000001e+00	5.600000e+00	1.600000e+00	-2.560001e-05	0.000000e+00	-5.610000e-12	2.560001e-05	0.000000e+00	-2.560001e-05
5.700000000000000e+00	5.700000e+00	1.600000e+00	-2.560001e-05	0.000000e+00	-5.710000e-12	2.560001e-05	0.000000e+00	-2.560001e-05
5.800000000000001e+00	5.800000e+00	1.600000e+00	-2.560001e-05	0.000000e+00	-5.810000e-12	2.560001e-05	0.000000e+00	-2.560001e-05
5.900000000000000e+00	5.900000e+00	1.600000e+00	-2.560001e-05	0.000000e+00	-5.910000e-12	2.560001e-05	0.000000e+00	-2.560001e-05
6.000000000000000e+00	6.000000e+00	1.600000e+00	-2.560001e-05	0.000000e+00	-6.010000e-12	2.560001e-05	0.000000e+00	-2.560001e-05
Step Information: Vin=1.7  (Step: 18/51)
0.000000000000000e+00	0.000000e+00	1.700000e+00	0.000000e+00	0.000000e+00	0.000000e+00	0.000000e+00	0.000000e+00	-0.000000e+00
1.000000000000000e-01	1.000000e-01	1.700000e+00	-3.300000e-06	0.000000e+00	-1.097906e-13	3.300000e-06	0.000000e+00	-3.300000e-06
2.000000000000000e-01	2.000000e-01	1.700000e+00	-6.400001e-06	0.000000e+00	-2.099956e-13	6.400001e-06	0.000000e+00	-6.400000e-06
3.000000000000000e-01	3.000000e-01	1.700000e+00	-9.300001e-06	0.000000e+00	-3.099999e-13	9.300001e-06	0.000000e+00	-9.300000e-06
4.000000000000000e-01	4.000000e-01	1.700000e+00	-1.200000e-05	0.000000e+00	-4.100000e-13	1.200000e-05	0.000000e+00	-1.200000e-05
5.000000000000000e-01	5.000000e-01	1.700000e+00	-1.450000e-05	0.000000e+00	-5.100000e-13	1.450000e-05	0.000000e+00	-1.450000e-05
6.000000000000001e-01	6.000000e-01	1.700000e+00	-1.680000e-05	0.000000e+00	-6.100000e-13	1.680000e-05	0.000000e+00	-1.680000e-05
7.000000000000001e-01	7.000000e-01	1.700000e+00	-1.890000e-05	0.000000e+00	-7.100000e-13	1.890000e-05	0.000000e+00	-1.890000e-05
8.000000000000000e-01	8.000000e-01	1.700000e+00	-2.080000e-05	0.000000e+00	-8.100000e-13	2.080000e-05	0.000000e+00	-2.080000e-05
9.000000000000000e-01	9.000000e-01	1.700000e+00	-2.250000e-05	0.000000e+00	-9.100000e-13	2.250000e-05	0.000000e+00	-2.250000e-05
1.000000000000000e+00	1.000000e+00	1.700000e+00	-2.400000e-05	0.000000e+00	-1.010000e-12	2.400000e-05	0.000000e+00	-2.400000e-05
1.100000000000000e+00	1.100000e+00	1.700000e+00	-2.530000e-05	0.000000e+00	-1.110000e-12	2.530000e-05	0.000000e+00	-2.530000e-05
1.200000000000000e+00	1.200000e+00	1.700000e+00	-2.640000e-05	0.000000e+00	-1.210000e-12	2.640000e-05	0.000000e+00	-2.640000e-05
1.300000000000000e+00	1.300000e+00	1.700000e+00	-2.730000e-05	0.000000e+00	-1.310000e-12	2.730000e-05	0.000000e+00	-2.730000e-05
1.400000000000000e+00	1.400000e+00	1.700000e+00	-2.800000e-05	0.000000e+00	-1.410000e-12	2.800000e-05	0.000000e+00	-2.800000e-05
1.500000000000000e+00	1.500000e+00	1.700000e+00	-2.850000e-05	0.000000e+00	-1.510000e-12	2.850000e-05	0.000000e+00	-2.850000e-05
1.600000000000000e+00	1.600000e+00	1.700000e+00	-2.880000e-05	0.000000e+00	-1.610000e-12	2.880000e-05	0.000000e+00	-2.880000e-05
1.700000000000000e+00	1.700000e+00	1.700000e+00	-2.890000e-05	0.000000e+00	-1.710000e-12	2.890000e-05	0.000000e+00	-2.890000e-05
1.800000000000000e+00	1.800000e+00	1.700000e+00	-2.890000e-05	0.000000e+00	-1.810000e-12	2.890000e-05	0.000000e+00	-2.890000e-05
1.900000000000000e+00	1.900000e+00	1.700000e+00	-2.890000e-05	0.000000e+00	-1.910000e-12	2.890000e-05	0.000000e+00	-2.890000e-05
2.000000000000000e+00	2.000000e+00	1.700000e+00	-2.890000e-05	0.000000e+00	-2.010000e-12	2.890000e-05	0.000000e+00	-2.890000e-05
2.100000000000000e+00	2.100000e+00	1.700000e+00	-2.890000e-05	0.000000e+00	-2.110000e-12	2.890000e-05	0.000000e+00	-2.890000e-05
2.200000000000000e+00	2.200000e+00	1.700000e+00	-2.890000e-05	0.000000e+00	-2.210000e-12	2.890000e-05	0.000000e+00	-2.890000e-05
2.300000000000000e+00	2.300000e+00	1.700000e+00	-2.890001e-05	0.000000e+00	-2.310000e-12	2.890001e-05	0.000000e+00	-2.890000e-05
2.400000000000000e+00	2.400000e+00	1.700000e+00	-2.890001e-05	0.000000e+00	-2.410000e-12	2.890001e-05	0.000000e+00	-2.890000e-05
2.500000000000000e+00	2.500000e+00	1.700000e+00	-2.890001e-05	0.000000e+00	-2.510000e-12	2.890001e-05	0.000000e+00	-2.890000e-05
2.600000000000000e+00	2.600000e+00	1.700000e+00	-2.890001e-05	0.000000e+00	-2.610000e-12	2.890001e-05	0.000000e+00	-2.890000e-05
2.700000000000000e+00	2.700000e+00	1.700000e+00	-2.890001e-05	0.000000e+00	-2.710000e-12	2.890001e-05	0.000000e+00	-2.890000e-05
2.800000000000000e+00	2.800000e+00	1.700000e+00	-2.890001e-05	0.000000e+00	-2.810000e-12	2.890001e-05	0.000000e+00	-2.890000e-05
2.900000000000000e+00	2.900000e+00	1.700000e+00	-2.890001e-05	0.000000e+00	-2.910000e-12	2.890001e-05	0.000000e+00	-2.890000e-05
3.000000000000000e+00	3.000000e+00	1.700000e+00	-2.890001e-05	0.000000e+00	-3.010000e-12	2.890001e-05	0.000000e+00	-2.890000e-05
3.100000000000000e+00	3.100000e+00	1.700000e+00	-2.890001e-05	0.000000e+00	-3.110000e-12	2.890001e-05	0.000000e+00	-2.890000e-05
3.200000000000000e+00	3.200000e+00	1.700000e+00	-2.890001e-05	0.000000e+00	-3.210000e-12	2.890001e-05	0.000000e+00	-2.890000e-05
3.300000000000000e+00	3.300000e+00	1.700000e+00	-2.890001e-05	0.000000e+00	-3.310000e-12	2.890001e-05	0.000000e+00	-2.890000e-05
3.400000000000000e+00	3.400000e+00	1.700000e+00	-2.890001e-05	0.000000e+00	-3.410000e-12	2.890001e-05	0.000000e+00	-2.890000e-05
3.500000000000000e+00	3.500000e+00	1.700000e+00	-2.890001e-05	0.000000e+00	-3.510000e-12	2.890001e-05	0.000000e+00	-2.890000e-05
3.600000000000000e+00	3.600000e+00	1.700000e+00	-2.890001e-05	0.000000e+00	-3.610000e-12	2.890001e-05	0.000000e+00	-2.890000e-05
3.700000000000000e+00	3.700000e+00	1.700000e+00	-2.890001e-05	0.000000e+00	-3.710000e-12	2.890001e-05	0.000000e+00	-2.890000e-05
3.800000000000000e+00	3.800000e+00	1.700000e+00	-2.890001e-05	0.000000e+00	-3.810000e-12	2.890001e-05	0.000000e+00	-2.890000e-05
3.900000000000000e+00	3.900000e+00	1.700000e+00	-2.890001e-05	0.000000e+00	-3.910000e-12	2.890001e-05	0.000000e+00	-2.890000e-05
4.000000000000000e+00	4.000000e+00	1.700000e+00	-2.890001e-05	0.000000e+00	-4.010000e-12	2.890001e-05	0.000000e+00	-2.890000e-05
4.100000000000001e+00	4.100000e+00	1.700000e+00	-2.890001e-05	0.000000e+00	-4.110000e-12	2.890001e-05	0.000000e+00	-2.890000e-05
4.200000000000000e+00	4.200000e+00	1.700000e+00	-2.890001e-05	0.000000e+00	-4.210000e-12	2.890001e-05	0.000000e+00	-2.890000e-05
4.300000000000000e+00	4.300000e+00	1.700000e+00	-2.890001e-05	0.000000e+00	-4.310000e-12	2.890001e-05	0.000000e+00	-2.890000e-05
4.400000000000000e+00	4.400000e+00	1.700000e+00	-2.890001e-05	0.000000e+00	-4.410000e-12	2.890001e-05	0.000000e+00	-2.890000e-05
4.500000000000000e+00	4.500000e+00	1.700000e+00	-2.890001e-05	0.000000e+00	-4.510000e-12	2.890001e-05	0.000000e+00	-2.890000e-05
4.600000000000001e+00	4.600000e+00	1.700000e+00	-2.890001e-05	0.000000e+00	-4.610000e-12	2.890001e-05	0.000000e+00	-2.890001e-05
4.700000000000000e+00	4.700000e+00	1.700000e+00	-2.890001e-05	0.000000e+00	-4.710000e-12	2.890001e-05	0.000000e+00	-2.890001e-05
4.800000000000001e+00	4.800000e+00	1.700000e+00	-2.890001e-05	0.000000e+00	-4.810000e-12	2.890001e-05	0.000000e+00	-2.890001e-05
4.900000000000000e+00	4.900000e+00	1.700000e+00	-2.890001e-05	0.000000e+00	-4.910000e-12	2.890001e-05	0.000000e+00	-2.890001e-05
5.000000000000000e+00	5.000000e+00	1.700000e+00	-2.890001e-05	0.000000e+00	-5.010000e-12	2.890001e-05	0.000000e+00	-2.890001e-05
5.100000000000001e+00	5.100000e+00	1.700000e+00	-2.890001e-05	0.000000e+00	-5.110000e-12	2.890001e-05	0.000000e+00	-2.890001e-05
5.200000000000000e+00	5.200000e+00	1.700000e+00	-2.890001e-05	0.000000e+00	-5.210000e-12	2.890001e-05	0.000000e+00	-2.890001e-05
5.300000000000001e+00	5.300000e+00	1.700000e+00	-2.890001e-05	0.000000e+00	-5.310000e-12	2.890001e-05	0.000000e+00	-2.890001e-05
5.400000000000000e+00	5.400000e+00	1.700000e+00	-2.890001e-05	0.000000e+00	-5.410000e-12	2.890001e-05	0.000000e+00	-2.890001e-05
5.500000000000000e+00	5.500000e+00	1.700000e+00	-2.890001e-05	0.000000e+00	-5.510000e-12	2.890001e-05	0.000000e+00	-2.890001e-05
5.600000000000001e+00	5.600000e+00	1.700000e+00	-2.890001e-05	0.000000e+00	-5.610000e-12	2.890001e-05	0.000000e+00	-2.890001e-05
5.700000000000000e+00	5.700000e+00	1.700000e+00	-2.890001e-05	0.000000e+00	-5.710000e-12	2.890001e-05	0.000000e+00	-2.890001e-05
5.800000000000001e+00	5.800000e+00	1.700000e+00	-2.890001e-05	0.000000e+00	-5.810000e-12	2.890001e-05	0.000000e+00	-2.890001e-05
5.900000000000000e+00	5.900000e+00	1.700000e+00	-2.890001e-05	0.000000e+00	-5.910000e-12	2.890001e-05	0.000000e+00	-2.890001e-05
6.000000000000000e+00	6.000000e+00	1.700000e+00	-2.890001e-05	0.000000e+00	-6.010000e-12	2.890001e-05	0.000000e+00	-2.890001e-05
Step Information: Vin=1.8  (Step: 19/51)
0.000000000000000e+00	0.000000e+00	1.800000e+00	0.000000e+00	0.000000e+00	0.000000e+00	0.000000e+00	0.000000e+00	-0.000000e+00
1.000000000000000e-01	1.000000e-01	1.800000e+00	-3.500000e-06	0.000000e+00	-1.097906e-13	3.500000e-06	0.000000e+00	-3.500000e-06
2.000000000000000e-01	2.000000e-01	1.800000e+00	-6.800000e-06	0.000000e+00	-2.099956e-13	6.800000e-06	0.000000e+00	-6.800000e-06
3.000000000000000e-01	3.000000e-01	1.800000e+00	-9.900001e-06	0.000000e+00	-3.099999e-13	9.900001e-06	0.000000e+00	-9.900000e-06
4.000000000000000e-01	4.000000e-01	1.800000e+00	-1.280000e-05	0.000000e+00	-4.100000e-13	1.280000e-05	0.000000e+00	-1.280000e-05
5.000000000000000e-01	5.000000e-01	1.800000e+00	-1.550000e-05	0.000000e+00	-5.100000e-13	1.550000e-05	0.000000e+00	-1.550000e-05
6.000000000000001e-01	6.000000e-01	1.800000e+00	-1.800000e-05	0.000000e+00	-6.100000e-13	1.800000e-05	0.000000e+00	-1.800000e-05
7.000000000000001e-01	7.000000e-01	1.800000e+00	-2.030000e-05	0.000000e+00	-7.100000e-13	2.030000e-05	0.000000e+00	-2.030000e-05
8.000000000000000e-01	8.000000e-01	1.800000e+00	-2.240000e-05	0.000000e+00	-8.100000e-13	2.240000e-05	0.000000e+00	-2.240000e-05
9.000000000000000e-01	9.000000e-01	1.800000e+00	-2.430000e-05	0.000000e+00	-9.100000e-13	2.430000e-05	0.000000e+00	-2.430000e-05
1.000000000000000e+00	1.000000e+00	1.800000e+00	-2.600000e-05	0.000000e+00	-1.010000e-12	2.600000e-05	0.000000e+00	-2.600000e-05
1.100000000000000e+00	1.100000e+00	1.800000e+00	-2.750000e-05	0.000000e+00	-1.110000e-12	2.750000e-05	0.000000e+00	-2.750000e-05
1.200000000000000e+00	1.200000e+00	1.800000e+00	-2.880000e-05	0.000000e+00	-1.210000e-12	2.880000e-05	0.000000e+00	-2.880000e-05
1.300000000000000e+00	1.300000e+00	1.800000e+00	-2.990000e-05	0.000000e+00	-1.310000e-12	2.990000e-05	0.000000e+00	-2.990000e-05
1.400000000000000e+00	1.400000e+00	1.800000e+00	-3.080000e-05	0.000000e+00	-1.410000e-12	3.080000e-05	0.000000e+00	-3.080000e-05
1.500000000000000e+00	1.500000e+00	1.800000e+00	-3.150000e-05	0.000000e+00	-1.510000e-12	3.150000e-05	0.000000e+00	-3.150000e-05
1.600000000000000e+00	1.600000e+00	1.800000e+00	-3.200000e-05	0.000000e+00	-1.610000e-12	3.200000e-05	0.000000e+00	-3.200000e-05
1.700000000000000e+00	1.700000e+00	1.800000e+00	-3.230000e-05	0.000000e+00	-1.710000e-12	3.230000e-05	0.000000e+00	-3.230000e-05
1.800000000000000e+00	1.800000e+00	1.800000e+00	-3.240000e-05	0.000000e+00	-1.810000e-12	3.240000e-05	0.000000e+00	-3.240000e-05
1.900000000000000e+00	1.900000e+00	1.800000e+00	-3.240000e-05	0.000000e+00	-1.910000e-12	3.240000e-05	0.000000e+00	-3.240000e-05
2.000000000000000e+00	2.000000e+00	1.800000e+00	-3.240000e-05	0.000000e+00	-2.010000e-12	3.240000e-05	0.000000e+00	-3.240000e-05
2.100000000000000e+00	2.100000e+00	1.800000e+00	-3.240000e-05	0.000000e+00	-2.110000e-12	3.240000e-05	0.000000e+00	-3.240000e-05
2.200000000000000e+00	2.200000e+00	1.800000e+00	-3.240000e-05	0.000000e+00	-2.210000e-12	3.240000e-05	0.000000e+00	-3.240000e-05
2.300000000000000e+00	2.300000e+00	1.800000e+00	-3.240000e-05	0.000000e+00	-2.310000e-12	3.240000e-05	0.000000e+00	-3.240000e-05
2.400000000000000e+00	2.400000e+00	1.800000e+00	-3.240001e-05	0.000000e+00	-2.410000e-12	3.240001e-05	0.000000e+00	-3.240000e-05
2.500000000000000e+00	2.500000e+00	1.800000e+00	-3.240001e-05	0.000000e+00	-2.510000e-12	3.240001e-05	0.000000e+00	-3.240000e-05
2.600000000000000e+00	2.600000e+00	1.800000e+00	-3.240001e-05	0.000000e+00	-2.610000e-12	3.240001e-05	0.000000e+00	-3.240000e-05
2.700000000000000e+00	2.700000e+00	1.800000e+00	-3.240001e-05	0.000000e+00	-2.710000e-12	3.240001e-05	0.000000e+00	-3.240000e-05
2.800000000000000e+00	2.800000e+00	1.800000e+00	-3.240001e-05	0.000000e+00	-2.810000e-12	3.240001e-05	0.000000e+00	-3.240000e-05
2.900000000000000e+00	2.900000e+00	1.800000e+00	-3.240001e-05	0.000000e+00	-2.910000e-12	3.240001e-05	0.000000e+00	-3.240000e-05
3.000000000000000e+00	3.000000e+00	1.800000e+00	-3.240001e-05	0.000000e+00	-3.010000e-12	3.240001e-05	0.000000e+00	-3.240000e-05
3.100000000000000e+00	3.100000e+00	1.800000e+00	-3.240001e-05	0.000000e+00	-3.110000e-12	3.240001e-05	0.000000e+00	-3.240000e-05
3.200000000000000e+00	3.200000e+00	1.800000e+00	-3.240001e-05	0.000000e+00	-3.210000e-12	3.240001e-05	0.000000e+00	-3.240000e-05
3.300000000000000e+00	3.300000e+00	1.800000e+00	-3.240001e-05	0.000000e+00	-3.310000e-12	3.240001e-05	0.000000e+00	-3.240000e-05
3.400000000000000e+00	3.400000e+00	1.800000e+00	-3.240001e-05	0.000000e+00	-3.410000e-12	3.240001e-05	0.000000e+00	-3.240000e-05
3.500000000000000e+00	3.500000e+00	1.800000e+00	-3.240001e-05	0.000000e+00	-3.510000e-12	3.240001e-05	0.000000e+00	-3.240000e-05
3.600000000000000e+00	3.600000e+00	1.800000e+00	-3.240001e-05	0.000000e+00	-3.610000e-12	3.240001e-05	0.000000e+00	-3.240000e-05
3.700000000000000e+00	3.700000e+00	1.800000e+00	-3.240001e-05	0.000000e+00	-3.710000e-12	3.240001e-05	0.000000e+00	-3.240000e-05
3.800000000000000e+00	3.800000e+00	1.800000e+00	-3.240001e-05	0.000000e+00	-3.810000e-12	3.240001e-05	0.000000e+00	-3.240000e-05
3.900000000000000e+00	3.900000e+00	1.800000e+00	-3.240001e-05	0.000000e+00	-3.910000e-12	3.240001e-05	0.000000e+00	-3.240000e-05
4.000000000000000e+00	4.000000e+00	1.800000e+00	-3.240001e-05	0.000000e+00	-4.010000e-12	3.240001e-05	0.000000e+00	-3.240000e-05
4.100000000000001e+00	4.100000e+00	1.800000e+00	-3.240001e-05	0.000000e+00	-4.110000e-12	3.240001e-05	0.000000e+00	-3.240000e-05
4.200000000000000e+00	4.200000e+00	1.800000e+00	-3.240001e-05	0.000000e+00	-4.210000e-12	3.240001e-05	0.000000e+00	-3.240000e-05
4.300000000000000e+00	4.300000e+00	1.800000e+00	-3.240001e-05	0.000000e+00	-4.310000e-12	3.240001e-05	0.000000e+00	-3.240000e-05
4.400000000000000e+00	4.400000e+00	1.800000e+00	-3.240001e-05	0.000000e+00	-4.410000e-12	3.240001e-05	0.000000e+00	-3.240000e-05
4.500000000000000e+00	4.500000e+00	1.800000e+00	-3.240001e-05	0.000000e+00	-4.510000e-12	3.240001e-05	0.000000e+00	-3.240000e-05
4.600000000000001e+00	4.600000e+00	1.800000e+00	-3.240001e-05	0.000000e+00	-4.610000e-12	3.240001e-05	0.000000e+00	-3.240000e-05
4.700000000000000e+00	4.700000e+00	1.800000e+00	-3.240001e-05	0.000000e+00	-4.710000e-12	3.240001e-05	0.000000e+00	-3.240000e-05
4.800000000000001e+00	4.800000e+00	1.800000e+00	-3.240001e-05	0.000000e+00	-4.810000e-12	3.240001e-05	0.000000e+00	-3.240001e-05
4.900000000000000e+00	4.900000e+00	1.800000e+00	-3.240001e-05	0.000000e+00	-4.910000e-12	3.240001e-05	0.000000e+00	-3.240001e-05
5.000000000000000e+00	5.000000e+00	1.800000e+00	-3.240001e-05	0.000000e+00	-5.010000e-12	3.240001e-05	0.000000e+00	-3.240001e-05
5.100000000000001e+00	5.100000e+00	1.800000e+00	-3.240001e-05	0.000000e+00	-5.110000e-12	3.240001e-05	0.000000e+00	-3.240001e-05
5.200000000000000e+00	5.200000e+00	1.800000e+00	-3.240001e-05	0.000000e+00	-5.210000e-12	3.240001e-05	0.000000e+00	-3.240001e-05
5.300000000000001e+00	5.300000e+00	1.800000e+00	-3.240001e-05	0.000000e+00	-5.310000e-12	3.240001e-05	0.000000e+00	-3.240001e-05
5.400000000000000e+00	5.400000e+00	1.800000e+00	-3.240001e-05	0.000000e+00	-5.410000e-12	3.240001e-05	0.000000e+00	-3.240001e-05
5.500000000000000e+00	5.500000e+00	1.800000e+00	-3.240001e-05	0.000000e+00	-5.510000e-12	3.240001e-05	0.000000e+00	-3.240001e-05
5.600000000000001e+00	5.600000e+00	1.800000e+00	-3.240001e-05	0.000000e+00	-5.610000e-12	3.240001e-05	0.000000e+00	-3.240001e-05
5.700000000000000e+00	5.700000e+00	1.800000e+00	-3.240001e-05	0.000000e+00	-5.710000e-12	3.240001e-05	0.000000e+00	-3.240001e-05
5.800000000000001e+00	5.800000e+00	1.800000e+00	-3.240001e-05	0.000000e+00	-5.810000e-12	3.240001e-05	0.000000e+00	-3.240001e-05
5.900000000000000e+00	5.900000e+00	1.800000e+00	-3.240001e-05	0.000000e+00	-5.910000e-12	3.240001e-05	0.000000e+00	-3.240001e-05
6.000000000000000e+00	6.000000e+00	1.800000e+00	-3.240001e-05	0.000000e+00	-6.010000e-12	3.240001e-05	0.000000e+00	-3.240001e-05
Step Information: Vin=1.9  (Step: 20/51)
0.000000000000000e+00	0.000000e+00	1.900000e+00	0.000000e+00	0.000000e+00	0.000000e+00	0.000000e+00	0.000000e+00	-0.000000e+00
1.000000000000000e-01	1.000000e-01	1.900000e+00	-3.700000e-06	0.000000e+00	-1.097906e-13	3.700000e-06	0.000000e+00	-3.700000e-06
2.000000000000000e-01	2.000000e-01	1.900000e+00	-7.200000e-06	0.000000e+00	-2.099956e-13	7.200000e-06	0.000000e+00	-7.200000e-06
3.000000000000000e-01	3.000000e-01	1.900000e+00	-1.050000e-05	0.000000e+00	-3.099999e-13	1.050000e-05	0.000000e+00	-1.050000e-05
4.000000000000000e-01	4.000000e-01	1.900000e+00	-1.360000e-05	0.000000e+00	-4.100000e-13	1.360000e-05	0.000000e+00	-1.360000e-05
5.000000000000000e-01	5.000000e-01	1.900000e+00	-1.650000e-05	0.000000e+00	-5.100000e-13	1.650000e-05	0.000000e+00	-1.650000e-05
6.000000000000001e-01	6.000000e-01	1.900000e+00	-1.920000e-05	0.000000e+00	-6.100000e-13	1.920000e-05	0.000000e+00	-1.920000e-05
7.000000000000001e-01	7.000000e-01	1.900000e+00	-2.170000e-05	0.000000e+00	-7.100000e-13	2.170000e-05	0.000000e+00	-2.170000e-05
8.000000000000000e-01	8.000000e-01	1.900000e+00	-2.400000e-05	0.000000e+00	-8.100000e-13	2.400000e-05	0.000000e+00	-2.400000e-05
9.000000000000000e-01	9.000000e-01	1.900000e+00	-2.610000e-05	0.000000e+00	-9.100000e-13	2.610000e-05	0.000000e+00	-2.610000e-05
1.000000000000000e+00	1.000000e+00	1.900000e+00	-2.800000e-05	0.000000e+00	-1.010000e-12	2.800000e-05	0.000000e+00	-2.800000e-05
1.100000000000000e+00	1.100000e+00	1.900000e+00	-2.970000e-05	0.000000e+00	-1.110000e-12	2.970000e-05	0.000000e+00	-2.970000e-05
1.200000000000000e+00	1.200000e+00	1.900000e+00	-3.120000e-05	0.000000e+00	-1.210000e-12	3.120000e-05	0.000000e+00	-3.120000e-05
1.300000000000000e+00	1.300000e+00	1.900000e+00	-3.250000e-05	0.000000e+00	-1.310000e-12	3.250000e-05	0.000000e+00	-3.250000e-05
1.400000000000000e+00	1.400000e+00	1.900000e+00	-3.360000e-05	0.000000e+00	-1.410000e-12	3.360000e-05	0.000000e+00	-3.360000e-05
1.500000000000000e+00	1.500000e+00	1.900000e+00	-3.450000e-05	0.000000e+00	-1.510000e-12	3.450000e-05	0.000000e+00	-3.450000e-05
1.600000000000000e+00	1.600000e+00	1.900000e+00	-3.520000e-05	0.000000e+00	-1.610000e-12	3.520000e-05	0.000000e+00	-3.520000e-05
1.700000000000000e+00	1.700000e+00	1.900000e+00	-3.570000e-05	0.000000e+00	-1.710000e-12	3.570000e-05	0.000000e+00	-3.570000e-05
1.800000000000000e+00	1.800000e+00	1.900000e+00	-3.600000e-05	0.000000e+00	-1.810000e-12	3.600000e-05	0.000000e+00	-3.600000e-05
1.900000000000000e+00	1.900000e+00	1.900000e+00	-3.610000e-05	0.000000e+00	-1.910000e-12	3.610000e-05	0.000000e+00	-3.610000e-05
2.000000000000000e+00	2.000000e+00	1.900000e+00	-3.610001e-05	0.000000e+00	-2.010000e-12	3.610001e-05	0.000000e+00	-3.610000e-05
2.100000000000000e+00	2.100000e+00	1.900000e+00	-3.610001e-05	0.000000e+00	-2.110000e-12	3.610001e-05	0.000000e+00	-3.610000e-05
2.200000000000000e+00	2.200000e+00	1.900000e+00	-3.610001e-05	0.000000e+00	-2.210000e-12	3.610001e-05	0.000000e+00	-3.610000e-05
2.300000000000000e+00	2.300000e+00	1.900000e+00	-3.610001e-05	0.000000e+00	-2.310000e-12	3.610001e-05	0.000000e+00	-3.610000e-05
2.400000000000000e+00	2.400000e+00	1.900000e+00	-3.610001e-05	0.000000e+00	-2.410000e-12	3.610001e-05	0.000000e+00	-3.610000e-05
2.500000000000000e+00	2.500000e+00	1.900000e+00	-3.610001e-05	0.000000e+00	-2.510000e-12	3.610001e-05	0.000000e+00	-3.610000e-05
2.600000000000000e+00	2.600000e+00	1.900000e+00	-3.610001e-05	0.000000e+00	-2.610000e-12	3.610001e-05	0.000000e+00	-3.610000e-05
2.700000000000000e+00	2.700000e+00	1.900000e+00	-3.610001e-05	0.000000e+00	-2.710000e-12	3.610001e-05	0.000000e+00	-3.610000e-05
2.800000000000000e+00	2.800000e+00	1.900000e+00	-3.610001e-05	0.000000e+00	-2.810000e-12	3.610001e-05	0.000000e+00	-3.610000e-05
2.900000000000000e+00	2.900000e+00	1.900000e+00	-3.610001e-05	0.000000e+00	-2.910000e-12	3.610001e-05	0.000000e+00	-3.610000e-05
3.000000000000000e+00	3.000000e+00	1.900000e+00	-3.610001e-05	0.000000e+00	-3.010000e-12	3.610001e-05	0.000000e+00	-3.610000e-05
3.100000000000000e+00	3.100000e+00	1.900000e+00	-3.610001e-05	0.000000e+00	-3.110000e-12	3.610001e-05	0.000000e+00	-3.610000e-05
3.200000000000000e+00	3.200000e+00	1.900000e+00	-3.610001e-05	0.000000e+00	-3.210000e-12	3.610001e-05	0.000000e+00	-3.610000e-05
3.300000000000000e+00	3.300000e+00	1.900000e+00	-3.610001e-05	0.000000e+00	-3.310000e-12	3.610001e-05	0.000000e+00	-3.610000e-05
3.400000000000000e+00	3.400000e+00	1.900000e+00	-3.610001e-05	0.000000e+00	-3.410000e-12	3.610001e-05	0.000000e+00	-3.610000e-05
3.500000000000000e+00	3.500000e+00	1.900000e+00	-3.610001e-05	0.000000e+00	-3.510000e-12	3.610001e-05	0.000000e+00	-3.610000e-05
3.600000000000000e+00	3.600000e+00	1.900000e+00	-3.610001e-05	0.000000e+00	-3.610000e-12	3.610001e-05	0.000000e+00	-3.610000e-05
3.700000000000000e+00	3.700000e+00	1.900000e+00	-3.610001e-05	0.000000e+00	-3.710000e-12	3.610001e-05	0.000000e+00	-3.610000e-05
3.800000000000000e+00	3.800000e+00	1.900000e+00	-3.610001e-05	0.000000e+00	-3.810000e-12	3.610001e-05	0.000000e+00	-3.610000e-05
3.900000000000000e+00	3.900000e+00	1.900000e+00	-3.610001e-05	0.000000e+00	-3.910000e-12	3.610001e-05	0.000000e+00	-3.610001e-05
4.000000000000000e+00	4.000000e+00	1.900000e+00	-3.610001e-05	0.000000e+00	-4.010000e-12	3.610001e-05	0.000000e+00	-3.610001e-05
4.100000000000001e+00	4.100000e+00	1.900000e+00	-3.610001e-05	0.000000e+00	-4.110000e-12	3.610001e-05	0.000000e+00	-3.610001e-05
4.200000000000000e+00	4.200000e+00	1.900000e+00	-3.610001e-05	0.000000e+00	-4.210000e-12	3.610001e-05	0.000000e+00	-3.610001e-05
4.300000000000000e+00	4.300000e+00	1.900000e+00	-3.610001e-05	0.000000e+00	-4.310000e-12	3.610001e-05	0.000000e+00	-3.610001e-05
4.400000000000000e+00	4.400000e+00	1.900000e+00	-3.610001e-05	0.000000e+00	-4.410000e-12	3.610001e-05	0.000000e+00	-3.610001e-05
4.500000000000000e+00	4.500000e+00	1.900000e+00	-3.610001e-05	0.000000e+00	-4.510000e-12	3.610001e-05	0.000000e+00	-3.610001e-05
4.600000000000001e+00	4.600000e+00	1.900000e+00	-3.610001e-05	0.000000e+00	-4.610000e-12	3.610001e-05	0.000000e+00	-3.610001e-05
4.700000000000000e+00	4.700000e+00	1.900000e+00	-3.610001e-05	0.000000e+00	-4.710000e-12	3.610001e-05	0.000000e+00	-3.610001e-05
4.800000000000001e+00	4.800000e+00	1.900000e+00	-3.610001e-05	0.000000e+00	-4.810000e-12	3.610001e-05	0.000000e+00	-3.610001e-05
4.900000000000000e+00	4.900000e+00	1.900000e+00	-3.610001e-05	0.000000e+00	-4.910000e-12	3.610001e-05	0.000000e+00	-3.610001e-05
5.000000000000000e+00	5.000000e+00	1.900000e+00	-3.610001e-05	0.000000e+00	-5.010000e-12	3.610001e-05	0.000000e+00	-3.610001e-05
5.100000000000001e+00	5.100000e+00	1.900000e+00	-3.610001e-05	0.000000e+00	-5.110000e-12	3.610001e-05	0.000000e+00	-3.610001e-05
5.200000000000000e+00	5.200000e+00	1.900000e+00	-3.610001e-05	0.000000e+00	-5.210000e-12	3.610001e-05	0.000000e+00	-3.610001e-05
5.300000000000001e+00	5.300000e+00	1.900000e+00	-3.610001e-05	0.000000e+00	-5.310000e-12	3.610001e-05	0.000000e+00	-3.610001e-05
5.400000000000000e+00	5.400000e+00	1.900000e+00	-3.610001e-05	0.000000e+00	-5.410000e-12	3.610001e-05	0.000000e+00	-3.610001e-05
5.500000000000000e+00	5.500000e+00	1.900000e+00	-3.610001e-05	0.000000e+00	-5.510000e-12	3.610001e-05	0.000000e+00	-3.610001e-05
5.600000000000001e+00	5.600000e+00	1.900000e+00	-3.610001e-05	0.000000e+00	-5.610000e-12	3.610001e-05	0.000000e+00	-3.610001e-05
5.700000000000000e+00	5.700000e+00	1.900000e+00	-3.610001e-05	0.000000e+00	-5.710000e-12	3.610001e-05	0.000000e+00	-3.610001e-05
5.800000000000001e+00	5.800000e+00	1.900000e+00	-3.610001e-05	0.000000e+00	-5.810000e-12	3.610001e-05	0.000000e+00	-3.610001e-05
5.900000000000000e+00	5.900000e+00	1.900000e+00	-3.610001e-05	0.000000e+00	-5.910000e-12	3.610001e-05	0.000000e+00	-3.610001e-05
6.000000000000000e+00	6.000000e+00	1.900000e+00	-3.610001e-05	0.000000e+00	-6.010000e-12	3.610001e-05	0.000000e+00	-3.610001e-05
Step Information: Vin=2  (Step: 21/51)
0.000000000000000e+00	0.000000e+00	2.000000e+00	0.000000e+00	0.000000e+00	0.000000e+00	0.000000e+00	0.000000e+00	-0.000000e+00
1.000000000000000e-01	1.000000e-01	2.000000e+00	-3.900000e-06	0.000000e+00	-1.097906e-13	3.900000e-06	0.000000e+00	-3.900000e-06
2.000000000000000e-01	2.000000e-01	2.000000e+00	-7.600001e-06	0.000000e+00	-2.099956e-13	7.600001e-06	0.000000e+00	-7.600000e-06
3.000000000000000e-01	3.000000e-01	2.000000e+00	-1.110000e-05	0.000000e+00	-3.099999e-13	1.110000e-05	0.000000e+00	-1.110000e-05
4.000000000000000e-01	4.000000e-01	2.000000e+00	-1.440000e-05	0.000000e+00	-4.100000e-13	1.440000e-05	0.000000e+00	-1.440000e-05
5.000000000000000e-01	5.000000e-01	2.000000e+00	-1.750000e-05	0.000000e+00	-5.100000e-13	1.750000e-05	0.000000e+00	-1.750000e-05
6.000000000000001e-01	6.000000e-01	2.000000e+00	-2.040000e-05	0.000000e+00	-6.100000e-13	2.040000e-05	0.000000e+00	-2.040000e-05
7.000000000000001e-01	7.000000e-01	2.000000e+00	-2.310000e-05	0.000000e+00	-7.100000e-13	2.310000e-05	0.000000e+00	-2.310000e-05
8.000000000000000e-01	8.000000e-01	2.000000e+00	-2.560000e-05	0.000000e+00	-8.100000e-13	2.560000e-05	0.000000e+00	-2.560000e-05
9.000000000000000e-01	9.000000e-01	2.000000e+00	-2.790000e-05	0.000000e+00	-9.100000e-13	2.790000e-05	0.000000e+00	-2.790000e-05
1.000000000000000e+00	1.000000e+00	2.000000e+00	-3.000000e-05	0.000000e+00	-1.010000e-12	3.000000e-05	0.000000e+00	-3.000000e-05
1.100000000000000e+00	1.100000e+00	2.000000e+00	-3.190000e-05	0.000000e+00	-1.110000e-12	3.190000e-05	0.000000e+00	-3.190000e-05
1.200000000000000e+00	1.200000e+00	2.000000e+00	-3.360000e-05	0.000000e+00	-1.210000e-12	3.360000e-05	0.000000e+00	-3.360000e-05
1.300000000000000e+00	1.300000e+00	2.000000e+00	-3.510000e-05	0.000000e+00	-1.310000e-12	3.510000e-05	0.000000e+00	-3.510000e-05
1.400000000000000e+00	1.400000e+00	2.000000e+00	-3.640000e-05	0.000000e+00	-1.410000e-12	3.640000e-05	0.000000e+00	-3.640000e-05
1.500000000000000e+00	1.500000e+00	2.000000e+00	-3.750000e-05	0.000000e+00	-1.510000e-12	3.750000e-05	0.000000e+00	-3.750000e-05
1.600000000000000e+00	1.600000e+00	2.000000e+00	-3.840000e-05	0.000000e+00	-1.610000e-12	3.840000e-05	0.000000e+00	-3.840000e-05
1.700000000000000e+00	1.700000e+00	2.000000e+00	-3.910000e-05	0.000000e+00	-1.710000e-12	3.910000e-05	0.000000e+00	-3.910000e-05
1.800000000000000e+00	1.800000e+00	2.000000e+00	-3.960000e-05	0.000000e+00	-1.810000e-12	3.960000e-05	0.000000e+00	-3.960000e-05
1.900000000000000e+00	1.900000e+00	2.000000e+00	-3.990001e-05	0.000000e+00	-1.910000e-12	3.990001e-05	0.000000e+00	-3.990000e-05
2.000000000000000e+00	2.000000e+00	2.000000e+00	-4.000000e-05	0.000000e+00	-2.010000e-12	4.000000e-05	0.000000e+00	-4.000000e-05
2.100000000000000e+00	2.100000e+00	2.000000e+00	-4.000000e-05	0.000000e+00	-2.110000e-12	4.000000e-05	0.000000e+00	-4.000000e-05
2.200000000000000e+00	2.200000e+00	2.000000e+00	-4.000000e-05	0.000000e+00	-2.210000e-12	4.000000e-05	0.000000e+00	-4.000000e-05
2.300000000000000e+00	2.300000e+00	2.000000e+00	-4.000001e-05	0.000000e+00	-2.310000e-12	4.000001e-05	0.000000e+00	-4.000000e-05
2.400000000000000e+00	2.400000e+00	2.000000e+00	-4.000001e-05	0.000000e+00	-2.410000e-12	4.000001e-05	0.000000e+00	-4.000000e-05
2.500000000000000e+00	2.500000e+00	2.000000e+00	-4.000001e-05	0.000000e+00	-2.510000e-12	4.000001e-05	0.000000e+00	-4.000000e-05
2.600000000000000e+00	2.600000e+00	2.000000e+00	-4.000001e-05	0.000000e+00	-2.610000e-12	4.000001e-05	0.000000e+00	-4.000000e-05
2.700000000000000e+00	2.700000e+00	2.000000e+00	-4.000001e-05	0.000000e+00	-2.710000e-12	4.000001e-05	0.000000e+00	-4.000000e-05
2.800000000000000e+00	2.800000e+00	2.000000e+00	-4.000001e-05	0.000000e+00	-2.810000e-12	4.000001e-05	0.000000e+00	-4.000000e-05
2.900000000000000e+00	2.900000e+00	2.000000e+00	-4.000001e-05	0.000000e+00	-2.910000e-12	4.000001e-05	0.000000e+00	-4.000000e-05
3.000000000000000e+00	3.000000e+00	2.000000e+00	-4.000001e-05	0.000000e+00	-3.010000e-12	4.000001e-05	0.000000e+00	-4.000000e-05
3.100000000000000e+00	3.100000e+00	2.000000e+00	-4.000001e-05	0.000000e+00	-3.110000e-12	4.000001e-05	0.000000e+00	-4.000000e-05
3.200000000000000e+00	3.200000e+00	2.000000e+00	-4.000001e-05	0.000000e+00	-3.210000e-12	4.000001e-05	0.000000e+00	-4.000000e-05
3.300000000000000e+00	3.300000e+00	2.000000e+00	-4.000001e-05	0.000000e+00	-3.310000e-12	4.000001e-05	0.000000e+00	-4.000000e-05
3.400000000000000e+00	3.400000e+00	2.000000e+00	-4.000001e-05	0.000000e+00	-3.410000e-12	4.000001e-05	0.000000e+00	-4.000000e-05
3.500000000000000e+00	3.500000e+00	2.000000e+00	-4.000001e-05	0.000000e+00	-3.510000e-12	4.000001e-05	0.000000e+00	-4.000000e-05
3.600000000000000e+00	3.600000e+00	2.000000e+00	-4.000001e-05	0.000000e+00	-3.610000e-12	4.000001e-05	0.000000e+00	-4.000000e-05
3.700000000000000e+00	3.700000e+00	2.000000e+00	-4.000001e-05	0.000000e+00	-3.710000e-12	4.000001e-05	0.000000e+00	-4.000000e-05
3.800000000000000e+00	3.800000e+00	2.000000e+00	-4.000001e-05	0.000000e+00	-3.810000e-12	4.000001e-05	0.000000e+00	-4.000000e-05
3.900000000000000e+00	3.900000e+00	2.000000e+00	-4.000001e-05	0.000000e+00	-3.910000e-12	4.000001e-05	0.000000e+00	-4.000000e-05
4.000000000000000e+00	4.000000e+00	2.000000e+00	-4.000001e-05	0.000000e+00	-4.010000e-12	4.000001e-05	0.000000e+00	-4.000000e-05
4.100000000000001e+00	4.100000e+00	2.000000e+00	-4.000001e-05	0.000000e+00	-4.110000e-12	4.000001e-05	0.000000e+00	-4.000000e-05
4.200000000000000e+00	4.200000e+00	2.000000e+00	-4.000001e-05	0.000000e+00	-4.210000e-12	4.000001e-05	0.000000e+00	-4.000000e-05
4.300000000000000e+00	4.300000e+00	2.000000e+00	-4.000001e-05	0.000000e+00	-4.310000e-12	4.000001e-05	0.000000e+00	-4.000000e-05
4.400000000000000e+00	4.400000e+00	2.000000e+00	-4.000001e-05	0.000000e+00	-4.410000e-12	4.000001e-05	0.000000e+00	-4.000000e-05
4.500000000000000e+00	4.500000e+00	2.000000e+00	-4.000001e-05	0.000000e+00	-4.510000e-12	4.000001e-05	0.000000e+00	-4.000001e-05
4.600000000000001e+00	4.600000e+00	2.000000e+00	-4.000001e-05	0.000000e+00	-4.610000e-12	4.000001e-05	0.000000e+00	-4.000001e-05
4.700000000000000e+00	4.700000e+00	2.000000e+00	-4.000001e-05	0.000000e+00	-4.710000e-12	4.000001e-05	0.000000e+00	-4.000001e-05
4.800000000000001e+00	4.800000e+00	2.000000e+00	-4.000001e-05	0.000000e+00	-4.810000e-12	4.000001e-05	0.000000e+00	-4.000001e-05
4.900000000000000e+00	4.900000e+00	2.000000e+00	-4.000001e-05	0.000000e+00	-4.910000e-12	4.000001e-05	0.000000e+00	-4.000001e-05
5.000000000000000e+00	5.000000e+00	2.000000e+00	-4.000001e-05	0.000000e+00	-5.010000e-12	4.000001e-05	0.000000e+00	-4.000001e-05
5.100000000000001e+00	5.100000e+00	2.000000e+00	-4.000001e-05	0.000000e+00	-5.110000e-12	4.000001e-05	0.000000e+00	-4.000001e-05
5.200000000000000e+00	5.200000e+00	2.000000e+00	-4.000001e-05	0.000000e+00	-5.210000e-12	4.000001e-05	0.000000e+00	-4.000001e-05
5.300000000000001e+00	5.300000e+00	2.000000e+00	-4.000001e-05	0.000000e+00	-5.310000e-12	4.000001e-05	0.000000e+00	-4.000001e-05
5.400000000000000e+00	5.400000e+00	2.000000e+00	-4.000001e-05	0.000000e+00	-5.410000e-12	4.000001e-05	0.000000e+00	-4.000001e-05
5.500000000000000e+00	5.500000e+00	2.000000e+00	-4.000001e-05	0.000000e+00	-5.510000e-12	4.000001e-05	0.000000e+00	-4.000001e-05
5.600000000000001e+00	5.600000e+00	2.000000e+00	-4.000001e-05	0.000000e+00	-5.610000e-12	4.000001e-05	0.000000e+00	-4.000001e-05
5.700000000000000e+00	5.700000e+00	2.000000e+00	-4.000001e-05	0.000000e+00	-5.710000e-12	4.000001e-05	0.000000e+00	-4.000001e-05
5.800000000000001e+00	5.800000e+00	2.000000e+00	-4.000001e-05	0.000000e+00	-5.810000e-12	4.000001e-05	0.000000e+00	-4.000001e-05
5.900000000000000e+00	5.900000e+00	2.000000e+00	-4.000001e-05	0.000000e+00	-5.910000e-12	4.000001e-05	0.000000e+00	-4.000001e-05
6.000000000000000e+00	6.000000e+00	2.000000e+00	-4.000001e-05	0.000000e+00	-6.010000e-12	4.000001e-05	0.000000e+00	-4.000001e-05
Step Information: Vin=2.1  (Step: 22/51)
0.000000000000000e+00	0.000000e+00	2.100000e+00	0.000000e+00	0.000000e+00	0.000000e+00	0.000000e+00	0.000000e+00	-0.000000e+00
1.000000000000000e-01	1.000000e-01	2.100000e+00	-4.100000e-06	0.000000e+00	-1.097906e-13	4.100000e-06	0.000000e+00	-4.100000e-06
2.000000000000000e-01	2.000000e-01	2.100000e+00	-8.000000e-06	0.000000e+00	-2.099956e-13	8.000000e-06	0.000000e+00	-8.000000e-06
3.000000000000000e-01	3.000000e-01	2.100000e+00	-1.170000e-05	0.000000e+00	-3.099999e-13	1.170000e-05	0.000000e+00	-1.170000e-05
4.000000000000000e-01	4.000000e-01	2.100000e+00	-1.520000e-05	0.000000e+00	-4.100000e-13	1.520000e-05	0.000000e+00	-1.520000e-05
5.000000000000000e-01	5.000000e-01	2.100000e+00	-1.850000e-05	0.000000e+00	-5.100000e-13	1.850000e-05	0.000000e+00	-1.850000e-05
6.000000000000001e-01	6.000000e-01	2.100000e+00	-2.160000e-05	0.000000e+00	-6.100000e-13	2.160000e-05	0.000000e+00	-2.160000e-05
7.000000000000001e-01	7.000000e-01	2.100000e+00	-2.450000e-05	0.000000e+00	-7.100000e-13	2.450000e-05	0.000000e+00	-2.450000e-05
8.000000000000000e-01	8.000000e-01	2.100000e+00	-2.720000e-05	0.000000e+00	-8.100000e-13	2.720000e-05	0.000000e+00	-2.720000e-05
9.000000000000000e-01	9.000000e-01	2.100000e+00	-2.970000e-05	0.000000e+00	-9.100000e-13	2.970000e-05	0.000000e+00	-2.970000e-05
1.000000000000000e+00	1.000000e+00	2.100000e+00	-3.200000e-05	0.000000e+00	-1.010000e-12	3.200000e-05	0.000000e+00	-3.200000e-05
1.100000000000000e+00	1.100000e+00	2.100000e+00	-3.410000e-05	0.000000e+00	-1.110000e-12	3.410000e-05	0.000000e+00	-3.410000e-05
1.200000000000000e+00	1.200000e+00	2.100000e+00	-3.600000e-05	0.000000e+00	-1.210000e-12	3.600000e-05	0.000000e+00	-3.600000e-05
1.300000000000000e+00	1.300000e+00	2.100000e+00	-3.770000e-05	0.000000e+00	-1.310000e-12	3.770000e-05	0.000000e+00	-3.770000e-05
1.400000000000000e+00	1.400000e+00	2.100000e+00	-3.920000e-05	0.000000e+00	-1.410000e-12	3.920000e-05	0.000000e+00	-3.920000e-05
1.500000000000000e+00	1.500000e+00	2.100000e+00	-4.050000e-05	0.000000e+00	-1.510000e-12	4.050000e-05	0.000000e+00	-4.050000e-05
1.600000000000000e+00	1.600000e+00	2.100000e+00	-4.160000e-05	0.000000e+00	-1.610000e-12	4.160000e-05	0.000000e+00	-4.160000e-05
1.700000000000000e+00	1.700000e+00	2.100000e+00	-4.250000e-05	0.000000e+00	-1.710000e-12	4.250000e-05	0.000000e+00	-4.250000e-05
1.800000000000000e+00	1.800000e+00	2.100000e+00	-4.320001e-05	0.000000e+00	-1.810000e-12	4.320001e-05	0.000000e+00	-4.320000e-05
1.900000000000000e+00	1.900000e+00	2.100000e+00	-4.370001e-05	0.000000e+00	-1.910000e-12	4.370001e-05	0.000000e+00	-4.370000e-05
2.000000000000000e+00	2.000000e+00	2.100000e+00	-4.400000e-05	0.000000e+00	-2.010000e-12	4.400000e-05	0.000000e+00	-4.400000e-05
2.100000000000000e+00	2.100000e+00	2.100000e+00	-4.410000e-05	0.000000e+00	-2.110000e-12	4.410000e-05	0.000000e+00	-4.410000e-05
2.200000000000000e+00	2.200000e+00	2.100000e+00	-4.410000e-05	0.000000e+00	-2.210000e-12	4.410000e-05	0.000000e+00	-4.410000e-05
2.300000000000000e+00	2.300000e+00	2.100000e+00	-4.410000e-05	0.000000e+00	-2.310000e-12	4.410000e-05	0.000000e+00	-4.410000e-05
2.400000000000000e+00	2.400000e+00	2.100000e+00	-4.410000e-05	0.000000e+00	-2.410000e-12	4.410000e-05	0.000000e+00	-4.410000e-05
2.500000000000000e+00	2.500000e+00	2.100000e+00	-4.410000e-05	0.000000e+00	-2.510000e-12	4.410000e-05	0.000000e+00	-4.410000e-05
2.600000000000000e+00	2.600000e+00	2.100000e+00	-4.410000e-05	0.000000e+00	-2.610000e-12	4.410000e-05	0.000000e+00	-4.410000e-05
2.700000000000000e+00	2.700000e+00	2.100000e+00	-4.410000e-05	0.000000e+00	-2.710000e-12	4.410000e-05	0.000000e+00	-4.410000e-05
2.800000000000000e+00	2.800000e+00	2.100000e+00	-4.410000e-05	0.000000e+00	-2.810000e-12	4.410000e-05	0.000000e+00	-4.410000e-05
2.900000000000000e+00	2.900000e+00	2.100000e+00	-4.410000e-05	0.000000e+00	-2.910000e-12	4.410000e-05	0.000000e+00	-4.410000e-05
3.000000000000000e+00	3.000000e+00	2.100000e+00	-4.410000e-05	0.000000e+00	-3.010000e-12	4.410000e-05	0.000000e+00	-4.410000e-05
3.100000000000000e+00	3.100000e+00	2.100000e+00	-4.410000e-05	0.000000e+00	-3.110000e-12	4.410000e-05	0.000000e+00	-4.410000e-05
3.200000000000000e+00	3.200000e+00	2.100000e+00	-4.410000e-05	0.000000e+00	-3.210000e-12	4.410000e-05	0.000000e+00	-4.410000e-05
3.300000000000000e+00	3.300000e+00	2.100000e+00	-4.410001e-05	0.000000e+00	-3.310000e-12	4.410001e-05	0.000000e+00	-4.410000e-05
3.400000000000000e+00	3.400000e+00	2.100000e+00	-4.410001e-05	0.000000e+00	-3.410000e-12	4.410001e-05	0.000000e+00	-4.410000e-05
3.500000000000000e+00	3.500000e+00	2.100000e+00	-4.410001e-05	0.000000e+00	-3.510000e-12	4.410001e-05	0.000000e+00	-4.410000e-05
3.600000000000000e+00	3.600000e+00	2.100000e+00	-4.410001e-05	0.000000e+00	-3.610000e-12	4.410001e-05	0.000000e+00	-4.410000e-05
3.700000000000000e+00	3.700000e+00	2.100000e+00	-4.410001e-05	0.000000e+00	-3.710000e-12	4.410001e-05	0.000000e+00	-4.410000e-05
3.800000000000000e+00	3.800000e+00	2.100000e+00	-4.410001e-05	0.000000e+00	-3.810000e-12	4.410001e-05	0.000000e+00	-4.410000e-05
3.900000000000000e+00	3.900000e+00	2.100000e+00	-4.410001e-05	0.000000e+00	-3.910000e-12	4.410001e-05	0.000000e+00	-4.410000e-05
4.000000000000000e+00	4.000000e+00	2.100000e+00	-4.410001e-05	0.000000e+00	-4.010000e-12	4.410001e-05	0.000000e+00	-4.410000e-05
4.100000000000001e+00	4.100000e+00	2.100000e+00	-4.410001e-05	0.000000e+00	-4.110000e-12	4.410001e-05	0.000000e+00	-4.410000e-05
4.200000000000000e+00	4.200000e+00	2.100000e+00	-4.410001e-05	0.000000e+00	-4.210000e-12	4.410001e-05	0.000000e+00	-4.410000e-05
4.300000000000000e+00	4.300000e+00	2.100000e+00	-4.410001e-05	0.000000e+00	-4.310000e-12	4.410001e-05	0.000000e+00	-4.410000e-05
4.400000000000000e+00	4.400000e+00	2.100000e+00	-4.410001e-05	0.000000e+00	-4.410000e-12	4.410001e-05	0.000000e+00	-4.410000e-05
4.500000000000000e+00	4.500000e+00	2.100000e+00	-4.410001e-05	0.000000e+00	-4.510000e-12	4.410001e-05	0.000000e+00	-4.410000e-05
4.600000000000001e+00	4.600000e+00	2.100000e+00	-4.410001e-05	0.000000e+00	-4.610000e-12	4.410001e-05	0.000000e+00	-4.410000e-05
4.700000000000000e+00	4.700000e+00	2.100000e+00	-4.410001e-05	0.000000e+00	-4.710000e-12	4.410001e-05	0.000000e+00	-4.410000e-05
4.800000000000001e+00	4.800000e+00	2.100000e+00	-4.410001e-05	0.000000e+00	-4.810000e-12	4.410001e-05	0.000000e+00	-4.410000e-05
4.900000000000000e+00	4.900000e+00	2.100000e+00	-4.410001e-05	0.000000e+00	-4.910000e-12	4.410001e-05	0.000000e+00	-4.410000e-05
5.000000000000000e+00	5.000000e+00	2.100000e+00	-4.410001e-05	0.000000e+00	-5.010000e-12	4.410001e-05	0.000000e+00	-4.410000e-05
5.100000000000001e+00	5.100000e+00	2.100000e+00	-4.410001e-05	0.000000e+00	-5.110000e-12	4.410001e-05	0.000000e+00	-4.410000e-05
5.200000000000000e+00	5.200000e+00	2.100000e+00	-4.410001e-05	0.000000e+00	-5.210000e-12	4.410001e-05	0.000000e+00	-4.410000e-05
5.300000000000001e+00	5.300000e+00	2.100000e+00	-4.410001e-05	0.000000e+00	-5.310000e-12	4.410001e-05	0.000000e+00	-4.410000e-05
5.400000000000000e+00	5.400000e+00	2.100000e+00	-4.410001e-05	0.000000e+00	-5.410000e-12	4.410001e-05	0.000000e+00	-4.410000e-05
5.500000000000000e+00	5.500000e+00	2.100000e+00	-4.410001e-05	0.000000e+00	-5.510000e-12	4.410001e-05	0.000000e+00	-4.410000e-05
5.600000000000001e+00	5.600000e+00	2.100000e+00	-4.410001e-05	0.000000e+00	-5.610000e-12	4.410001e-05	0.000000e+00	-4.410000e-05
5.700000000000000e+00	5.700000e+00	2.100000e+00	-4.410001e-05	0.000000e+00	-5.710000e-12	4.410001e-05	0.000000e+00	-4.410000e-05
5.800000000000001e+00	5.800000e+00	2.100000e+00	-4.410001e-05	0.000000e+00	-5.810000e-12	4.410001e-05	0.000000e+00	-4.410000e-05
5.900000000000000e+00	5.900000e+00	2.100000e+00	-4.410001e-05	0.000000e+00	-5.910000e-12	4.410001e-05	0.000000e+00	-4.410000e-05
6.000000000000000e+00	6.000000e+00	2.100000e+00	-4.410001e-05	0.000000e+00	-6.010000e-12	4.410001e-05	0.000000e+00	-4.410000e-05
Step Information: Vin=2.2  (Step: 23/51)
0.000000000000000e+00	0.000000e+00	2.200000e+00	0.000000e+00	0.000000e+00	0.000000e+00	0.000000e+00	0.000000e+00	-0.000000e+00
1.000000000000000e-01	1.000000e-01	2.200000e+00	-4.300000e-06	0.000000e+00	-1.097906e-13	4.300000e-06	0.000000e+00	-4.300000e-06
2.000000000000000e-01	2.000000e-01	2.200000e+00	-8.400000e-06	0.000000e+00	-2.099956e-13	8.400000e-06	0.000000e+00	-8.400000e-06
3.000000000000000e-01	3.000000e-01	2.200000e+00	-1.230000e-05	0.000000e+00	-3.099999e-13	1.230000e-05	0.000000e+00	-1.230000e-05
4.000000000000000e-01	4.000000e-01	2.200000e+00	-1.600000e-05	0.000000e+00	-4.100000e-13	1.600000e-05	0.000000e+00	-1.600000e-05
5.000000000000000e-01	5.000000e-01	2.200000e+00	-1.950000e-05	0.000000e+00	-5.100000e-13	1.950000e-05	0.000000e+00	-1.950000e-05
6.000000000000001e-01	6.000000e-01	2.200000e+00	-2.280000e-05	0.000000e+00	-6.100000e-13	2.280000e-05	0.000000e+00	-2.280000e-05
7.000000000000001e-01	7.000000e-01	2.200000e+00	-2.590000e-05	0.000000e+00	-7.100000e-13	2.590000e-05	0.000000e+00	-2.590000e-05
8.000000000000000e-01	8.000000e-01	2.200000e+00	-2.880000e-05	0.000000e+00	-8.100000e-13	2.880000e-05	0.000000e+00	-2.880000e-05
9.000000000000000e-01	9.000000e-01	2.200000e+00	-3.150000e-05	0.000000e+00	-9.100000e-13	3.150000e-05	0.000000e+00	-3.150000e-05
1.000000000000000e+00	1.000000e+00	2.200000e+00	-3.400000e-05	0.000000e+00	-1.010000e-12	3.400000e-05	0.000000e+00	-3.400000e-05
1.100000000000000e+00	1.100000e+00	2.200000e+00	-3.630000e-05	0.000000e+00	-1.110000e-12	3.630000e-05	0.000000e+00	-3.630000e-05
1.200000000000000e+00	1.200000e+00	2.200000e+00	-3.840000e-05	0.000000e+00	-1.210000e-12	3.840000e-05	0.000000e+00	-3.840000e-05
1.300000000000000e+00	1.300000e+00	2.200000e+00	-4.030000e-05	0.000000e+00	-1.310000e-12	4.030000e-05	0.000000e+00	-4.030000e-05
1.400000000000000e+00	1.400000e+00	2.200000e+00	-4.200000e-05	0.000000e+00	-1.410000e-12	4.200000e-05	0.000000e+00	-4.200000e-05
1.500000000000000e+00	1.500000e+00	2.200000e+00	-4.350000e-05	0.000000e+00	-1.510000e-12	4.350000e-05	0.000000e+00	-4.350000e-05
1.600000000000000e+00	1.600000e+00	2.200000e+00	-4.480000e-05	0.000000e+00	-1.610000e-12	4.480000e-05	0.000000e+00	-4.480000e-05
1.700000000000000e+00	1.700000e+00	2.200000e+00	-4.590000e-05	0.000000e+00	-1.710000e-12	4.590000e-05	0.000000e+00	-4.590000e-05
1.800000000000000e+00	1.800000e+00	2.200000e+00	-4.680000e-05	0.000000e+00	-1.810000e-12	4.680000e-05	0.000000e+00	-4.680000e-05
1.900000000000000e+00	1.900000e+00	2.200000e+00	-4.750001e-05	0.000000e+00	-1.910000e-12	4.750001e-05	0.000000e+00	-4.750000e-05
2.000000000000000e+00	2.000000e+00	2.200000e+00	-4.800001e-05	0.000000e+00	-2.010000e-12	4.800001e-05	0.000000e+00	-4.800000e-05
2.100000000000000e+00	2.100000e+00	2.200000e+00	-4.830000e-05	0.000000e+00	-2.110000e-12	4.830000e-05	0.000000e+00	-4.830000e-05
2.200000000000000e+00	2.200000e+00	2.200000e+00	-4.840000e-05	0.000000e+00	-2.210000e-12	4.840000e-05	0.000000e+00	-4.840000e-05
2.300000000000000e+00	2.300000e+00	2.200000e+00	-4.840000e-05	0.000000e+00	-2.310000e-12	4.840000e-05	0.000000e+00	-4.840000e-05
2.400000000000000e+00	2.400000e+00	2.200000e+00	-4.840000e-05	0.000000e+00	-2.410000e-12	4.840000e-05	0.000000e+00	-4.840000e-05
2.500000000000000e+00	2.500000e+00	2.200000e+00	-4.840000e-05	0.000000e+00	-2.510000e-12	4.840000e-05	0.000000e+00	-4.840000e-05
2.600000000000000e+00	2.600000e+00	2.200000e+00	-4.840000e-05	0.000000e+00	-2.610000e-12	4.840000e-05	0.000000e+00	-4.840000e-05
2.700000000000000e+00	2.700000e+00	2.200000e+00	-4.840000e-05	0.000000e+00	-2.710000e-12	4.840000e-05	0.000000e+00	-4.840000e-05
2.800000000000000e+00	2.800000e+00	2.200000e+00	-4.840000e-05	0.000000e+00	-2.810000e-12	4.840000e-05	0.000000e+00	-4.840000e-05
2.900000000000000e+00	2.900000e+00	2.200000e+00	-4.840000e-05	0.000000e+00	-2.910000e-12	4.840000e-05	0.000000e+00	-4.840000e-05
3.000000000000000e+00	3.000000e+00	2.200000e+00	-4.840000e-05	0.000000e+00	-3.010000e-12	4.840000e-05	0.000000e+00	-4.840000e-05
3.100000000000000e+00	3.100000e+00	2.200000e+00	-4.840000e-05	0.000000e+00	-3.110000e-12	4.840000e-05	0.000000e+00	-4.840000e-05
3.200000000000000e+00	3.200000e+00	2.200000e+00	-4.840000e-05	0.000000e+00	-3.210000e-12	4.840000e-05	0.000000e+00	-4.840000e-05
3.300000000000000e+00	3.300000e+00	2.200000e+00	-4.840001e-05	0.000000e+00	-3.310000e-12	4.840001e-05	0.000000e+00	-4.840000e-05
3.400000000000000e+00	3.400000e+00	2.200000e+00	-4.840001e-05	0.000000e+00	-3.410000e-12	4.840001e-05	0.000000e+00	-4.840000e-05
3.500000000000000e+00	3.500000e+00	2.200000e+00	-4.840001e-05	0.000000e+00	-3.510000e-12	4.840001e-05	0.000000e+00	-4.840000e-05
3.600000000000000e+00	3.600000e+00	2.200000e+00	-4.840001e-05	0.000000e+00	-3.610000e-12	4.840001e-05	0.000000e+00	-4.840000e-05
3.700000000000000e+00	3.700000e+00	2.200000e+00	-4.840001e-05	0.000000e+00	-3.710000e-12	4.840001e-05	0.000000e+00	-4.840000e-05
3.800000000000000e+00	3.800000e+00	2.200000e+00	-4.840001e-05	0.000000e+00	-3.810000e-12	4.840001e-05	0.000000e+00	-4.840000e-05
3.900000000000000e+00	3.900000e+00	2.200000e+00	-4.840001e-05	0.000000e+00	-3.910000e-12	4.840001e-05	0.000000e+00	-4.840000e-05
4.000000000000000e+00	4.000000e+00	2.200000e+00	-4.840001e-05	0.000000e+00	-4.010000e-12	4.840001e-05	0.000000e+00	-4.840000e-05
4.100000000000001e+00	4.100000e+00	2.200000e+00	-4.840001e-05	0.000000e+00	-4.110000e-12	4.840001e-05	0.000000e+00	-4.840000e-05
4.200000000000000e+00	4.200000e+00	2.200000e+00	-4.840001e-05	0.000000e+00	-4.210000e-12	4.840001e-05	0.000000e+00	-4.840000e-05
4.300000000000000e+00	4.300000e+00	2.200000e+00	-4.840001e-05	0.000000e+00	-4.310000e-12	4.840001e-05	0.000000e+00	-4.840000e-05
4.400000000000000e+00	4.400000e+00	2.200000e+00	-4.840001e-05	0.000000e+00	-4.410000e-12	4.840001e-05	0.000000e+00	-4.840000e-05
4.500000000000000e+00	4.500000e+00	2.200000e+00	-4.840001e-05	0.000000e+00	-4.510000e-12	4.840001e-05	0.000000e+00	-4.840000e-05
4.600000000000001e+00	4.600000e+00	2.200000e+00	-4.840001e-05	0.000000e+00	-4.610000e-12	4.840001e-05	0.000000e+00	-4.840000e-05
4.700000000000000e+00	4.700000e+00	2.200000e+00	-4.840001e-05	0.000000e+00	-4.710000e-12	4.840001e-05	0.000000e+00	-4.840000e-05
4.800000000000001e+00	4.800000e+00	2.200000e+00	-4.840001e-05	0.000000e+00	-4.810000e-12	4.840001e-05	0.000000e+00	-4.840000e-05
4.900000000000000e+00	4.900000e+00	2.200000e+00	-4.840001e-05	0.000000e+00	-4.910000e-12	4.840001e-05	0.000000e+00	-4.840000e-05
5.000000000000000e+00	5.000000e+00	2.200000e+00	-4.840001e-05	0.000000e+00	-5.010000e-12	4.840001e-05	0.000000e+00	-4.840000e-05
5.100000000000001e+00	5.100000e+00	2.200000e+00	-4.840001e-05	0.000000e+00	-5.110000e-12	4.840001e-05	0.000000e+00	-4.840000e-05
5.200000000000000e+00	5.200000e+00	2.200000e+00	-4.840001e-05	0.000000e+00	-5.210000e-12	4.840001e-05	0.000000e+00	-4.840000e-05
5.300000000000001e+00	5.300000e+00	2.200000e+00	-4.840001e-05	0.000000e+00	-5.310000e-12	4.840001e-05	0.000000e+00	-4.840000e-05
5.400000000000000e+00	5.400000e+00	2.200000e+00	-4.840001e-05	0.000000e+00	-5.410000e-12	4.840001e-05	0.000000e+00	-4.840000e-05
5.500000000000000e+00	5.500000e+00	2.200000e+00	-4.840001e-05	0.000000e+00	-5.510000e-12	4.840001e-05	0.000000e+00	-4.840000e-05
5.600000000000001e+00	5.600000e+00	2.200000e+00	-4.840001e-05	0.000000e+00	-5.610000e-12	4.840001e-05	0.000000e+00	-4.840000e-05
5.700000000000000e+00	5.700000e+00	2.200000e+00	-4.840001e-05	0.000000e+00	-5.710000e-12	4.840001e-05	0.000000e+00	-4.840000e-05
5.800000000000001e+00	5.800000e+00	2.200000e+00	-4.840001e-05	0.000000e+00	-5.810000e-12	4.840001e-05	0.000000e+00	-4.840000e-05
5.900000000000000e+00	5.900000e+00	2.200000e+00	-4.840001e-05	0.000000e+00	-5.910000e-12	4.840001e-05	0.000000e+00	-4.840000e-05
6.000000000000000e+00	6.000000e+00	2.200000e+00	-4.840001e-05	0.000000e+00	-6.010000e-12	4.840001e-05	0.000000e+00	-4.840000e-05
Step Information: Vin=2.3  (Step: 24/51)
0.000000000000000e+00	0.000000e+00	2.300000e+00	0.000000e+00	0.000000e+00	0.000000e+00	0.000000e+00	0.000000e+00	-0.000000e+00
1.000000000000000e-01	1.000000e-01	2.300000e+00	-4.500000e-06	0.000000e+00	-1.097906e-13	4.500000e-06	0.000000e+00	-4.500000e-06
2.000000000000000e-01	2.000000e-01	2.300000e+00	-8.800001e-06	0.000000e+00	-2.099956e-13	8.800001e-06	0.000000e+00	-8.800001e-06
3.000000000000000e-01	3.000000e-01	2.300000e+00	-1.290000e-05	0.000000e+00	-3.099999e-13	1.290000e-05	0.000000e+00	-1.290000e-05
4.000000000000000e-01	4.000000e-01	2.300000e+00	-1.680000e-05	0.000000e+00	-4.100000e-13	1.680000e-05	0.000000e+00	-1.680000e-05
5.000000000000000e-01	5.000000e-01	2.300000e+00	-2.050000e-05	0.000000e+00	-5.100000e-13	2.050000e-05	0.000000e+00	-2.050000e-05
6.000000000000001e-01	6.000000e-01	2.300000e+00	-2.400000e-05	0.000000e+00	-6.100000e-13	2.400000e-05	0.000000e+00	-2.400000e-05
7.000000000000001e-01	7.000000e-01	2.300000e+00	-2.730000e-05	0.000000e+00	-7.100000e-13	2.730000e-05	0.000000e+00	-2.730000e-05
8.000000000000000e-01	8.000000e-01	2.300000e+00	-3.040000e-05	0.000000e+00	-8.100000e-13	3.040000e-05	0.000000e+00	-3.040000e-05
9.000000000000000e-01	9.000000e-01	2.300000e+00	-3.330000e-05	0.000000e+00	-9.100000e-13	3.330000e-05	0.000000e+00	-3.330000e-05
1.000000000000000e+00	1.000000e+00	2.300000e+00	-3.600000e-05	0.000000e+00	-1.010000e-12	3.600000e-05	0.000000e+00	-3.600000e-05
1.100000000000000e+00	1.100000e+00	2.300000e+00	-3.850000e-05	0.000000e+00	-1.110000e-12	3.850000e-05	0.000000e+00	-3.850000e-05
1.200000000000000e+00	1.200000e+00	2.300000e+00	-4.080000e-05	0.000000e+00	-1.210000e-12	4.080000e-05	0.000000e+00	-4.080000e-05
1.300000000000000e+00	1.300000e+00	2.300000e+00	-4.290000e-05	0.000000e+00	-1.310000e-12	4.290000e-05	0.000000e+00	-4.290000e-05
1.400000000000000e+00	1.400000e+00	2.300000e+00	-4.480000e-05	0.000000e+00	-1.410000e-12	4.480000e-05	0.000000e+00	-4.480000e-05
1.500000000000000e+00	1.500000e+00	2.300000e+00	-4.650000e-05	0.000000e+00	-1.510000e-12	4.650000e-05	0.000000e+00	-4.650000e-05
1.600000000000000e+00	1.600000e+00	2.300000e+00	-4.800000e-05	0.000000e+00	-1.610000e-12	4.800000e-05	0.000000e+00	-4.800000e-05
1.700000000000000e+00	1.700000e+00	2.300000e+00	-4.930000e-05	0.000000e+00	-1.710000e-12	4.930000e-05	0.000000e+00	-4.930000e-05
1.800000000000000e+00	1.800000e+00	2.300000e+00	-5.040001e-05	0.000000e+00	-1.810000e-12	5.040001e-05	0.000000e+00	-5.040000e-05
1.900000000000000e+00	1.900000e+00	2.300000e+00	-5.130000e-05	0.000000e+00	-1.910000e-12	5.130000e-05	0.000000e+00	-5.130000e-05
2.000000000000000e+00	2.000000e+00	2.300000e+00	-5.200000e-05	0.000000e+00	-2.010000e-12	5.200000e-05	0.000000e+00	-5.200000e-05
2.100000000000000e+00	2.100000e+00	2.300000e+00	-5.250000e-05	0.000000e+00	-2.110000e-12	5.250000e-05	0.000000e+00	-5.250000e-05
2.200000000000000e+00	2.200000e+00	2.300000e+00	-5.280001e-05	0.000000e+00	-2.210000e-12	5.280001e-05	0.000000e+00	-5.280000e-05
2.300000000000000e+00	2.300000e+00	2.300000e+00	-5.290001e-05	0.000000e+00	-2.310000e-12	5.290001e-05	0.000000e+00	-5.290000e-05
2.400000000000000e+00	2.400000e+00	2.300000e+00	-5.290001e-05	0.000000e+00	-2.410000e-12	5.290001e-05	0.000000e+00	-5.290000e-05
2.500000000000000e+00	2.500000e+00	2.300000e+00	-5.290001e-05	0.000000e+00	-2.510000e-12	5.290001e-05	0.000000e+00	-5.290000e-05
2.600000000000000e+00	2.600000e+00	2.300000e+00	-5.290001e-05	0.000000e+00	-2.610000e-12	5.290001e-05	0.000000e+00	-5.290000e-05
2.700000000000000e+00	2.700000e+00	2.300000e+00	-5.290001e-05	0.000000e+00	-2.710000e-12	5.290001e-05	0.000000e+00	-5.290000e-05
2.800000000000000e+00	2.800000e+00	2.300000e+00	-5.290001e-05	0.000000e+00	-2.810000e-12	5.290001e-05	0.000000e+00	-5.290000e-05
2.900000000000000e+00	2.900000e+00	2.300000e+00	-5.290001e-05	0.000000e+00	-2.910000e-12	5.290001e-05	0.000000e+00	-5.290000e-05
3.000000000000000e+00	3.000000e+00	2.300000e+00	-5.290001e-05	0.000000e+00	-3.010000e-12	5.290001e-05	0.000000e+00	-5.290000e-05
3.100000000000000e+00	3.100000e+00	2.300000e+00	-5.290001e-05	0.000000e+00	-3.110000e-12	5.290001e-05	0.000000e+00	-5.290000e-05
3.200000000000000e+00	3.200000e+00	2.300000e+00	-5.290001e-05	0.000000e+00	-3.210000e-12	5.290001e-05	0.000000e+00	-5.290000e-05
3.300000000000000e+00	3.300000e+00	2.300000e+00	-5.290001e-05	0.000000e+00	-3.310000e-12	5.290001e-05	0.000000e+00	-5.290000e-05
3.400000000000000e+00	3.400000e+00	2.300000e+00	-5.290001e-05	0.000000e+00	-3.410000e-12	5.290001e-05	0.000000e+00	-5.290000e-05
3.500000000000000e+00	3.500000e+00	2.300000e+00	-5.290001e-05	0.000000e+00	-3.510000e-12	5.290001e-05	0.000000e+00	-5.290000e-05
3.600000000000000e+00	3.600000e+00	2.300000e+00	-5.290001e-05	0.000000e+00	-3.610000e-12	5.290001e-05	0.000000e+00	-5.290000e-05
3.700000000000000e+00	3.700000e+00	2.300000e+00	-5.290001e-05	0.000000e+00	-3.710000e-12	5.290001e-05	0.000000e+00	-5.290000e-05
3.800000000000000e+00	3.800000e+00	2.300000e+00	-5.290001e-05	0.000000e+00	-3.810000e-12	5.290001e-05	0.000000e+00	-5.290000e-05
3.900000000000000e+00	3.900000e+00	2.300000e+00	-5.290001e-05	0.000000e+00	-3.910000e-12	5.290001e-05	0.000000e+00	-5.290000e-05
4.000000000000000e+00	4.000000e+00	2.300000e+00	-5.290001e-05	0.000000e+00	-4.010000e-12	5.290001e-05	0.000000e+00	-5.290000e-05
4.100000000000001e+00	4.100000e+00	2.300000e+00	-5.290001e-05	0.000000e+00	-4.110000e-12	5.290001e-05	0.000000e+00	-5.290000e-05
4.200000000000000e+00	4.200000e+00	2.300000e+00	-5.290001e-05	0.000000e+00	-4.210000e-12	5.290001e-05	0.000000e+00	-5.290000e-05
4.300000000000000e+00	4.300000e+00	2.300000e+00	-5.290001e-05	0.000000e+00	-4.310000e-12	5.290001e-05	0.000000e+00	-5.290000e-05
4.400000000000000e+00	4.400000e+00	2.300000e+00	-5.290001e-05	0.000000e+00	-4.410000e-12	5.290001e-05	0.000000e+00	-5.290000e-05
4.500000000000000e+00	4.500000e+00	2.300000e+00	-5.290001e-05	0.000000e+00	-4.510000e-12	5.290001e-05	0.000000e+00	-5.290001e-05
4.600000000000001e+00	4.600000e+00	2.300000e+00	-5.290001e-05	0.000000e+00	-4.610000e-12	5.290001e-05	0.000000e+00	-5.290001e-05
4.700000000000000e+00	4.700000e+00	2.300000e+00	-5.290001e-05	0.000000e+00	-4.710000e-12	5.290001e-05	0.000000e+00	-5.290001e-05
4.800000000000001e+00	4.800000e+00	2.300000e+00	-5.290001e-05	0.000000e+00	-4.810000e-12	5.290001e-05	0.000000e+00	-5.290001e-05
4.900000000000000e+00	4.900000e+00	2.300000e+00	-5.290001e-05	0.000000e+00	-4.910000e-12	5.290001e-05	0.000000e+00	-5.290001e-05
5.000000000000000e+00	5.000000e+00	2.300000e+00	-5.290001e-05	0.000000e+00	-5.010000e-12	5.290001e-05	0.000000e+00	-5.290001e-05
5.100000000000001e+00	5.100000e+00	2.300000e+00	-5.290001e-05	0.000000e+00	-5.110000e-12	5.290001e-05	0.000000e+00	-5.290001e-05
5.200000000000000e+00	5.200000e+00	2.300000e+00	-5.290001e-05	0.000000e+00	-5.210000e-12	5.290001e-05	0.000000e+00	-5.290001e-05
5.300000000000001e+00	5.300000e+00	2.300000e+00	-5.290001e-05	0.000000e+00	-5.310000e-12	5.290001e-05	0.000000e+00	-5.290001e-05
5.400000000000000e+00	5.400000e+00	2.300000e+00	-5.290001e-05	0.000000e+00	-5.410000e-12	5.290001e-05	0.000000e+00	-5.290001e-05
5.500000000000000e+00	5.500000e+00	2.300000e+00	-5.290001e-05	0.000000e+00	-5.510000e-12	5.290001e-05	0.000000e+00	-5.290001e-05
5.600000000000001e+00	5.600000e+00	2.300000e+00	-5.290001e-05	0.000000e+00	-5.610000e-12	5.290001e-05	0.000000e+00	-5.290001e-05
5.700000000000000e+00	5.700000e+00	2.300000e+00	-5.290001e-05	0.000000e+00	-5.710000e-12	5.290001e-05	0.000000e+00	-5.290001e-05
5.800000000000001e+00	5.800000e+00	2.300000e+00	-5.290001e-05	0.000000e+00	-5.810000e-12	5.290001e-05	0.000000e+00	-5.290001e-05
5.900000000000000e+00	5.900000e+00	2.300000e+00	-5.290001e-05	0.000000e+00	-5.910000e-12	5.290001e-05	0.000000e+00	-5.290001e-05
6.000000000000000e+00	6.000000e+00	2.300000e+00	-5.290001e-05	0.000000e+00	-6.010000e-12	5.290001e-05	0.000000e+00	-5.290001e-05
Step Information: Vin=2.4  (Step: 25/51)
0.000000000000000e+00	0.000000e+00	2.400000e+00	0.000000e+00	0.000000e+00	0.000000e+00	0.000000e+00	0.000000e+00	-0.000000e+00
1.000000000000000e-01	1.000000e-01	2.400000e+00	-4.700000e-06	0.000000e+00	-1.097906e-13	4.700000e-06	0.000000e+00	-4.700000e-06
2.000000000000000e-01	2.000000e-01	2.400000e+00	-9.200000e-06	0.000000e+00	-2.099956e-13	9.200000e-06	0.000000e+00	-9.200000e-06
3.000000000000000e-01	3.000000e-01	2.400000e+00	-1.350000e-05	0.000000e+00	-3.099999e-13	1.350000e-05	0.000000e+00	-1.350000e-05
4.000000000000000e-01	4.000000e-01	2.400000e+00	-1.760000e-05	0.000000e+00	-4.100000e-13	1.760000e-05	0.000000e+00	-1.760000e-05
5.000000000000000e-01	5.000000e-01	2.400000e+00	-2.150000e-05	0.000000e+00	-5.100000e-13	2.150000e-05	0.000000e+00	-2.150000e-05
6.000000000000001e-01	6.000000e-01	2.400000e+00	-2.520000e-05	0.000000e+00	-6.100000e-13	2.520000e-05	0.000000e+00	-2.520000e-05
7.000000000000001e-01	7.000000e-01	2.400000e+00	-2.870000e-05	0.000000e+00	-7.100000e-13	2.870000e-05	0.000000e+00	-2.870000e-05
8.000000000000000e-01	8.000000e-01	2.400000e+00	-3.200000e-05	0.000000e+00	-8.100000e-13	3.200000e-05	0.000000e+00	-3.200000e-05
9.000000000000000e-01	9.000000e-01	2.400000e+00	-3.510000e-05	0.000000e+00	-9.100000e-13	3.510000e-05	0.000000e+00	-3.510000e-05
1.000000000000000e+00	1.000000e+00	2.400000e+00	-3.800000e-05	0.000000e+00	-1.010000e-12	3.800000e-05	0.000000e+00	-3.800000e-05
1.100000000000000e+00	1.100000e+00	2.400000e+00	-4.070000e-05	0.000000e+00	-1.110000e-12	4.070000e-05	0.000000e+00	-4.070000e-05
1.200000000000000e+00	1.200000e+00	2.400000e+00	-4.320000e-05	0.000000e+00	-1.210000e-12	4.320000e-05	0.000000e+00	-4.320000e-05
1.300000000000000e+00	1.300000e+00	2.400000e+00	-4.550000e-05	0.000000e+00	-1.310000e-12	4.550000e-05	0.000000e+00	-4.550000e-05
1.400000000000000e+00	1.400000e+00	2.400000e+00	-4.760000e-05	0.000000e+00	-1.410000e-12	4.760000e-05	0.000000e+00	-4.760000e-05
1.500000000000000e+00	1.500000e+00	2.400000e+00	-4.950000e-05	0.000000e+00	-1.510000e-12	4.950000e-05	0.000000e+00	-4.950000e-05
1.600000000000000e+00	1.600000e+00	2.400000e+00	-5.120000e-05	0.000000e+00	-1.610000e-12	5.120000e-05	0.000000e+00	-5.120000e-05
1.700000000000000e+00	1.700000e+00	2.400000e+00	-5.270000e-05	0.000000e+00	-1.710000e-12	5.270000e-05	0.000000e+00	-5.270000e-05
1.800000000000000e+00	1.800000e+00	2.400000e+00	-5.400000e-05	0.000000e+00	-1.810000e-12	5.400000e-05	0.000000e+00	-5.400000e-05
1.900000000000000e+00	1.900000e+00	2.400000e+00	-5.510000e-05	0.000000e+00	-1.910000e-12	5.510000e-05	0.000000e+00	-5.510000e-05
2.000000000000000e+00	2.000000e+00	2.400000e+00	-5.600000e-05	0.000000e+00	-2.010000e-12	5.600000e-05	0.000000e+00	-5.600000e-05
2.100000000000000e+00	2.100000e+00	2.400000e+00	-5.670000e-05	0.000000e+00	-2.110000e-12	5.670000e-05	0.000000e+00	-5.670000e-05
2.200000000000000e+00	2.200000e+00	2.400000e+00	-5.720000e-05	0.000000e+00	-2.210000e-12	5.720000e-05	0.000000e+00	-5.720000e-05
2.300000000000000e+00	2.300000e+00	2.400000e+00	-5.750000e-05	0.000000e+00	-2.310000e-12	5.750000e-05	0.000000e+00	-5.750000e-05
2.400000000000000e+00	2.400000e+00	2.400000e+00	-5.760001e-05	0.000000e+00	-2.410000e-12	5.760001e-05	0.000000e+00	-5.760000e-05
2.500000000000000e+00	2.500000e+00	2.400000e+00	-5.760001e-05	0.000000e+00	-2.510000e-12	5.760001e-05	0.000000e+00	-5.760000e-05
2.600000000000000e+00	2.600000e+00	2.400000e+00	-5.760001e-05	0.000000e+00	-2.610000e-12	5.760001e-05	0.000000e+00	-5.760000e-05
2.700000000000000e+00	2.700000e+00	2.400000e+00	-5.760001e-05	0.000000e+00	-2.710000e-12	5.760001e-05	0.000000e+00	-5.760000e-05
2.800000000000000e+00	2.800000e+00	2.400000e+00	-5.760001e-05	0.000000e+00	-2.810000e-12	5.760001e-05	0.000000e+00	-5.760000e-05
2.900000000000000e+00	2.900000e+00	2.400000e+00	-5.760001e-05	0.000000e+00	-2.910000e-12	5.760001e-05	0.000000e+00	-5.760000e-05
3.000000000000000e+00	3.000000e+00	2.400000e+00	-5.760001e-05	0.000000e+00	-3.010000e-12	5.760001e-05	0.000000e+00	-5.760000e-05
3.100000000000000e+00	3.100000e+00	2.400000e+00	-5.760001e-05	0.000000e+00	-3.110000e-12	5.760001e-05	0.000000e+00	-5.760000e-05
3.200000000000000e+00	3.200000e+00	2.400000e+00	-5.760001e-05	0.000000e+00	-3.210000e-12	5.760001e-05	0.000000e+00	-5.760000e-05
3.300000000000000e+00	3.300000e+00	2.400000e+00	-5.760001e-05	0.000000e+00	-3.310000e-12	5.760001e-05	0.000000e+00	-5.760000e-05
3.400000000000000e+00	3.400000e+00	2.400000e+00	-5.760001e-05	0.000000e+00	-3.410000e-12	5.760001e-05	0.000000e+00	-5.760000e-05
3.500000000000000e+00	3.500000e+00	2.400000e+00	-5.760001e-05	0.000000e+00	-3.510000e-12	5.760001e-05	0.000000e+00	-5.760000e-05
3.600000000000000e+00	3.600000e+00	2.400000e+00	-5.760001e-05	0.000000e+00	-3.610000e-12	5.760001e-05	0.000000e+00	-5.760000e-05
3.700000000000000e+00	3.700000e+00	2.400000e+00	-5.760001e-05	0.000000e+00	-3.710000e-12	5.760001e-05	0.000000e+00	-5.760000e-05
3.800000000000000e+00	3.800000e+00	2.400000e+00	-5.760001e-05	0.000000e+00	-3.810000e-12	5.760001e-05	0.000000e+00	-5.760000e-05
3.900000000000000e+00	3.900000e+00	2.400000e+00	-5.760001e-05	0.000000e+00	-3.910000e-12	5.760001e-05	0.000000e+00	-5.760001e-05
4.000000000000000e+00	4.000000e+00	2.400000e+00	-5.760001e-05	0.000000e+00	-4.010000e-12	5.760001e-05	0.000000e+00	-5.760001e-05
4.100000000000001e+00	4.100000e+00	2.400000e+00	-5.760001e-05	0.000000e+00	-4.110000e-12	5.760001e-05	0.000000e+00	-5.760001e-05
4.200000000000000e+00	4.200000e+00	2.400000e+00	-5.760001e-05	0.000000e+00	-4.210000e-12	5.760001e-05	0.000000e+00	-5.760001e-05
4.300000000000000e+00	4.300000e+00	2.400000e+00	-5.760001e-05	0.000000e+00	-4.310000e-12	5.760001e-05	0.000000e+00	-5.760001e-05
4.400000000000000e+00	4.400000e+00	2.400000e+00	-5.760001e-05	0.000000e+00	-4.410000e-12	5.760001e-05	0.000000e+00	-5.760001e-05
4.500000000000000e+00	4.500000e+00	2.400000e+00	-5.760001e-05	0.000000e+00	-4.510000e-12	5.760001e-05	0.000000e+00	-5.760001e-05
4.600000000000001e+00	4.600000e+00	2.400000e+00	-5.760001e-05	0.000000e+00	-4.610000e-12	5.760001e-05	0.000000e+00	-5.760001e-05
4.700000000000000e+00	4.700000e+00	2.400000e+00	-5.760001e-05	0.000000e+00	-4.710000e-12	5.760001e-05	0.000000e+00	-5.760001e-05
4.800000000000001e+00	4.800000e+00	2.400000e+00	-5.760001e-05	0.000000e+00	-4.810000e-12	5.760001e-05	0.000000e+00	-5.760001e-05
4.900000000000000e+00	4.900000e+00	2.400000e+00	-5.760001e-05	0.000000e+00	-4.910000e-12	5.760001e-05	0.000000e+00	-5.760001e-05
5.000000000000000e+00	5.000000e+00	2.400000e+00	-5.760001e-05	0.000000e+00	-5.010000e-12	5.760001e-05	0.000000e+00	-5.760001e-05
5.100000000000001e+00	5.100000e+00	2.400000e+00	-5.760001e-05	0.000000e+00	-5.110000e-12	5.760001e-05	0.000000e+00	-5.760001e-05
5.200000000000000e+00	5.200000e+00	2.400000e+00	-5.760001e-05	0.000000e+00	-5.210000e-12	5.760001e-05	0.000000e+00	-5.760001e-05
5.300000000000001e+00	5.300000e+00	2.400000e+00	-5.760001e-05	0.000000e+00	-5.310000e-12	5.760001e-05	0.000000e+00	-5.760001e-05
5.400000000000000e+00	5.400000e+00	2.400000e+00	-5.760001e-05	0.000000e+00	-5.410000e-12	5.760001e-05	0.000000e+00	-5.760001e-05
5.500000000000000e+00	5.500000e+00	2.400000e+00	-5.760001e-05	0.000000e+00	-5.510000e-12	5.760001e-05	0.000000e+00	-5.760001e-05
5.600000000000001e+00	5.600000e+00	2.400000e+00	-5.760001e-05	0.000000e+00	-5.610000e-12	5.760001e-05	0.000000e+00	-5.760001e-05
5.700000000000000e+00	5.700000e+00	2.400000e+00	-5.760001e-05	0.000000e+00	-5.710000e-12	5.760001e-05	0.000000e+00	-5.760001e-05
5.800000000000001e+00	5.800000e+00	2.400000e+00	-5.760001e-05	0.000000e+00	-5.810000e-12	5.760001e-05	0.000000e+00	-5.760001e-05
5.900000000000000e+00	5.900000e+00	2.400000e+00	-5.760001e-05	0.000000e+00	-5.910000e-12	5.760001e-05	0.000000e+00	-5.760001e-05
6.000000000000000e+00	6.000000e+00	2.400000e+00	-5.760001e-05	0.000000e+00	-6.010000e-12	5.760001e-05	0.000000e+00	-5.760001e-05
Step Information: Vin=2.5  (Step: 26/51)
0.000000000000000e+00	0.000000e+00	2.500000e+00	0.000000e+00	0.000000e+00	0.000000e+00	0.000000e+00	0.000000e+00	-0.000000e+00
1.000000000000000e-01	1.000000e-01	2.500000e+00	-4.900000e-06	0.000000e+00	-1.097906e-13	4.900000e-06	0.000000e+00	-4.900000e-06
2.000000000000000e-01	2.000000e-01	2.500000e+00	-9.600000e-06	0.000000e+00	-2.099956e-13	9.600000e-06	0.000000e+00	-9.600000e-06
3.000000000000000e-01	3.000000e-01	2.500000e+00	-1.410000e-05	0.000000e+00	-3.099999e-13	1.410000e-05	0.000000e+00	-1.410000e-05
4.000000000000000e-01	4.000000e-01	2.500000e+00	-1.840000e-05	0.000000e+00	-4.100000e-13	1.840000e-05	0.000000e+00	-1.840000e-05
5.000000000000000e-01	5.000000e-01	2.500000e+00	-2.250000e-05	0.000000e+00	-5.100000e-13	2.250000e-05	0.000000e+00	-2.250000e-05
6.000000000000001e-01	6.000000e-01	2.500000e+00	-2.640000e-05	0.000000e+00	-6.100000e-13	2.640000e-05	0.000000e+00	-2.640000e-05
7.000000000000001e-01	7.000000e-01	2.500000e+00	-3.010000e-05	0.000000e+00	-7.100000e-13	3.010000e-05	0.000000e+00	-3.010000e-05
8.000000000000000e-01	8.000000e-01	2.500000e+00	-3.360000e-05	0.000000e+00	-8.100000e-13	3.360000e-05	0.000000e+00	-3.360000e-05
9.000000000000000e-01	9.000000e-01	2.500000e+00	-3.690000e-05	0.000000e+00	-9.100000e-13	3.690000e-05	0.000000e+00	-3.690000e-05
1.000000000000000e+00	1.000000e+00	2.500000e+00	-4.000000e-05	0.000000e+00	-1.010000e-12	4.000000e-05	0.000000e+00	-4.000000e-05
1.100000000000000e+00	1.100000e+00	2.500000e+00	-4.290000e-05	0.000000e+00	-1.110000e-12	4.290000e-05	0.000000e+00	-4.290000e-05
1.200000000000000e+00	1.200000e+00	2.500000e+00	-4.560000e-05	0.000000e+00	-1.210000e-12	4.560000e-05	0.000000e+00	-4.560000e-05
1.300000000000000e+00	1.300000e+00	2.500000e+00	-4.810000e-05	0.000000e+00	-1.310000e-12	4.810000e-05	0.000000e+00	-4.810000e-05
1.400000000000000e+00	1.400000e+00	2.500000e+00	-5.040000e-05	0.000000e+00	-1.410000e-12	5.040000e-05	0.000000e+00	-5.040000e-05
1.500000000000000e+00	1.500000e+00	2.500000e+00	-5.250000e-05	0.000000e+00	-1.510000e-12	5.250000e-05	0.000000e+00	-5.250000e-05
1.600000000000000e+00	1.600000e+00	2.500000e+00	-5.440000e-05	0.000000e+00	-1.610000e-12	5.440000e-05	0.000000e+00	-5.440000e-05
1.700000000000000e+00	1.700000e+00	2.500000e+00	-5.610001e-05	0.000000e+00	-1.710000e-12	5.610001e-05	0.000000e+00	-5.610000e-05
1.800000000000000e+00	1.800000e+00	2.500000e+00	-5.760000e-05	0.000000e+00	-1.810000e-12	5.760000e-05	0.000000e+00	-5.760000e-05
1.900000000000000e+00	1.900000e+00	2.500000e+00	-5.890000e-05	0.000000e+00	-1.910000e-12	5.890000e-05	0.000000e+00	-5.890000e-05
2.000000000000000e+00	2.000000e+00	2.500000e+00	-6.000001e-05	0.000000e+00	-2.010000e-12	6.000001e-05	0.000000e+00	-6.000000e-05
2.100000000000000e+00	2.100000e+00	2.500000e+00	-6.090001e-05	0.000000e+00	-2.110000e-12	6.090001e-05	0.000000e+00	-6.090000e-05
2.200000000000000e+00	2.200000e+00	2.500000e+00	-6.160000e-05	0.000000e+00	-2.210000e-12	6.160000e-05	0.000000e+00	-6.160000e-05
2.300000000000000e+00	2.300000e+00	2.500000e+00	-6.210001e-05	0.000000e+00	-2.310000e-12	6.210001e-05	0.000000e+00	-6.210000e-05
2.400000000000000e+00	2.400000e+00	2.500000e+00	-6.240000e-05	0.000000e+00	-2.410000e-12	6.240000e-05	0.000000e+00	-6.240000e-05
2.500000000000000e+00	2.500000e+00	2.500000e+00	-6.250000e-05	0.000000e+00	-2.510000e-12	6.250000e-05	0.000000e+00	-6.250000e-05
2.600000000000000e+00	2.600000e+00	2.500000e+00	-6.250000e-05	0.000000e+00	-2.610000e-12	6.250000e-05	0.000000e+00	-6.250000e-05
2.700000000000000e+00	2.700000e+00	2.500000e+00	-6.250000e-05	0.000000e+00	-2.710000e-12	6.250000e-05	0.000000e+00	-6.250000e-05
2.800000000000000e+00	2.800000e+00	2.500000e+00	-6.250000e-05	0.000000e+00	-2.810000e-12	6.250000e-05	0.000000e+00	-6.250000e-05
2.900000000000000e+00	2.900000e+00	2.500000e+00	-6.250000e-05	0.000000e+00	-2.910000e-12	6.250000e-05	0.000000e+00	-6.250000e-05
3.000000000000000e+00	3.000000e+00	2.500000e+00	-6.250000e-05	0.000000e+00	-3.010000e-12	6.250000e-05	0.000000e+00	-6.250000e-05
3.100000000000000e+00	3.100000e+00	2.500000e+00	-6.250000e-05	0.000000e+00	-3.110000e-12	6.250000e-05	0.000000e+00	-6.250000e-05
3.200000000000000e+00	3.200000e+00	2.500000e+00	-6.250000e-05	0.000000e+00	-3.210000e-12	6.250000e-05	0.000000e+00	-6.250000e-05
3.300000000000000e+00	3.300000e+00	2.500000e+00	-6.250001e-05	0.000000e+00	-3.310000e-12	6.250001e-05	0.000000e+00	-6.250000e-05
3.400000000000000e+00	3.400000e+00	2.500000e+00	-6.250001e-05	0.000000e+00	-3.410000e-12	6.250001e-05	0.000000e+00	-6.250000e-05
3.500000000000000e+00	3.500000e+00	2.500000e+00	-6.250001e-05	0.000000e+00	-3.510000e-12	6.250001e-05	0.000000e+00	-6.250000e-05
3.600000000000000e+00	3.600000e+00	2.500000e+00	-6.250001e-05	0.000000e+00	-3.610000e-12	6.250001e-05	0.000000e+00	-6.250000e-05
3.700000000000000e+00	3.700000e+00	2.500000e+00	-6.250001e-05	0.000000e+00	-3.710000e-12	6.250001e-05	0.000000e+00	-6.250000e-05
3.800000000000000e+00	3.800000e+00	2.500000e+00	-6.250001e-05	0.000000e+00	-3.810000e-12	6.250001e-05	0.000000e+00	-6.250000e-05
3.900000000000000e+00	3.900000e+00	2.500000e+00	-6.250001e-05	0.000000e+00	-3.910000e-12	6.250001e-05	0.000000e+00	-6.250000e-05
4.000000000000000e+00	4.000000e+00	2.500000e+00	-6.250001e-05	0.000000e+00	-4.010000e-12	6.250001e-05	0.000000e+00	-6.250000e-05
4.100000000000001e+00	4.100000e+00	2.500000e+00	-6.250001e-05	0.000000e+00	-4.110000e-12	6.250001e-05	0.000000e+00	-6.250000e-05
4.200000000000000e+00	4.200000e+00	2.500000e+00	-6.250001e-05	0.000000e+00	-4.210000e-12	6.250001e-05	0.000000e+00	-6.250000e-05
4.300000000000000e+00	4.300000e+00	2.500000e+00	-6.250001e-05	0.000000e+00	-4.310000e-12	6.250001e-05	0.000000e+00	-6.250000e-05
4.400000000000000e+00	4.400000e+00	2.500000e+00	-6.250001e-05	0.000000e+00	-4.410000e-12	6.250001e-05	0.000000e+00	-6.250000e-05
4.500000000000000e+00	4.500000e+00	2.500000e+00	-6.250001e-05	0.000000e+00	-4.510000e-12	6.250001e-05	0.000000e+00	-6.250000e-05
4.600000000000001e+00	4.600000e+00	2.500000e+00	-6.250001e-05	0.000000e+00	-4.610000e-12	6.250001e-05	0.000000e+00	-6.250000e-05
4.700000000000000e+00	4.700000e+00	2.500000e+00	-6.250001e-05	0.000000e+00	-4.710000e-12	6.250001e-05	0.000000e+00	-6.250000e-05
4.800000000000001e+00	4.800000e+00	2.500000e+00	-6.250001e-05	0.000000e+00	-4.810000e-12	6.250001e-05	0.000000e+00	-6.250000e-05
4.900000000000000e+00	4.900000e+00	2.500000e+00	-6.250001e-05	0.000000e+00	-4.910000e-12	6.250001e-05	0.000000e+00	-6.250000e-05
5.000000000000000e+00	5.000000e+00	2.500000e+00	-6.250001e-05	0.000000e+00	-5.010000e-12	6.250001e-05	0.000000e+00	-6.250000e-05
5.100000000000001e+00	5.100000e+00	2.500000e+00	-6.250001e-05	0.000000e+00	-5.110000e-12	6.250001e-05	0.000000e+00	-6.250000e-05
5.200000000000000e+00	5.200000e+00	2.500000e+00	-6.250001e-05	0.000000e+00	-5.210000e-12	6.250001e-05	0.000000e+00	-6.250000e-05
5.300000000000001e+00	5.300000e+00	2.500000e+00	-6.250001e-05	0.000000e+00	-5.310000e-12	6.250001e-05	0.000000e+00	-6.250000e-05
5.400000000000000e+00	5.400000e+00	2.500000e+00	-6.250001e-05	0.000000e+00	-5.410000e-12	6.250001e-05	0.000000e+00	-6.250000e-05
5.500000000000000e+00	5.500000e+00	2.500000e+00	-6.250001e-05	0.000000e+00	-5.510000e-12	6.250001e-05	0.000000e+00	-6.250000e-05
5.600000000000001e+00	5.600000e+00	2.500000e+00	-6.250001e-05	0.000000e+00	-5.610000e-12	6.250001e-05	0.000000e+00	-6.250000e-05
5.700000000000000e+00	5.700000e+00	2.500000e+00	-6.250001e-05	0.000000e+00	-5.710000e-12	6.250001e-05	0.000000e+00	-6.250000e-05
5.800000000000001e+00	5.800000e+00	2.500000e+00	-6.250001e-05	0.000000e+00	-5.810000e-12	6.250001e-05	0.000000e+00	-6.250000e-05
5.900000000000000e+00	5.900000e+00	2.500000e+00	-6.250001e-05	0.000000e+00	-5.910000e-12	6.250001e-05	0.000000e+00	-6.250000e-05
6.000000000000000e+00	6.000000e+00	2.500000e+00	-6.250001e-05	0.000000e+00	-6.010000e-12	6.250001e-05	0.000000e+00	-6.250000e-05
Step Information: Vin=2.6  (Step: 27/51)
0.000000000000000e+00	0.000000e+00	2.600000e+00	0.000000e+00	0.000000e+00	0.000000e+00	0.000000e+00	0.000000e+00	-0.000000e+00
1.000000000000000e-01	1.000000e-01	2.600000e+00	-5.100000e-06	0.000000e+00	-1.097906e-13	5.100000e-06	0.000000e+00	-5.100000e-06
2.000000000000000e-01	2.000000e-01	2.600000e+00	-1.000000e-05	0.000000e+00	-2.099956e-13	1.000000e-05	0.000000e+00	-1.000000e-05
3.000000000000000e-01	3.000000e-01	2.600000e+00	-1.470000e-05	0.000000e+00	-3.099999e-13	1.470000e-05	0.000000e+00	-1.470000e-05
4.000000000000000e-01	4.000000e-01	2.600000e+00	-1.920000e-05	0.000000e+00	-4.100000e-13	1.920000e-05	0.000000e+00	-1.920000e-05
5.000000000000000e-01	5.000000e-01	2.600000e+00	-2.350000e-05	0.000000e+00	-5.100000e-13	2.350000e-05	0.000000e+00	-2.350000e-05
6.000000000000001e-01	6.000000e-01	2.600000e+00	-2.760000e-05	0.000000e+00	-6.100000e-13	2.760000e-05	0.000000e+00	-2.760000e-05
7.000000000000001e-01	7.000000e-01	2.600000e+00	-3.150000e-05	0.000000e+00	-7.100000e-13	3.150000e-05	0.000000e+00	-3.150000e-05
8.000000000000000e-01	8.000000e-01	2.600000e+00	-3.520000e-05	0.000000e+00	-8.100000e-13	3.520000e-05	0.000000e+00	-3.520000e-05
9.000000000000000e-01	9.000000e-01	2.600000e+00	-3.870000e-05	0.000000e+00	-9.100000e-13	3.870000e-05	0.000000e+00	-3.870000e-05
1.000000000000000e+00	1.000000e+00	2.600000e+00	-4.200000e-05	0.000000e+00	-1.010000e-12	4.200000e-05	0.000000e+00	-4.200000e-05
1.100000000000000e+00	1.100000e+00	2.600000e+00	-4.510000e-05	0.000000e+00	-1.110000e-12	4.510000e-05	0.000000e+00	-4.510000e-05
1.200000000000000e+00	1.200000e+00	2.600000e+00	-4.800000e-05	0.000000e+00	-1.210000e-12	4.800000e-05	0.000000e+00	-4.800000e-05
1.300000000000000e+00	1.300000e+00	2.600000e+00	-5.070000e-05	0.000000e+00	-1.310000e-12	5.070000e-05	0.000000e+00	-5.070000e-05
1.400000000000000e+00	1.400000e+00	2.600000e+00	-5.320000e-05	0.000000e+00	-1.410000e-12	5.320000e-05	0.000000e+00	-5.320000e-05
1.500000000000000e+00	1.500000e+00	2.600000e+00	-5.550000e-05	0.000000e+00	-1.510000e-12	5.550000e-05	0.000000e+00	-5.550000e-05
1.600000000000000e+00	1.600000e+00	2.600000e+00	-5.760000e-05	0.000000e+00	-1.610000e-12	5.760000e-05	0.000000e+00	-5.760000e-05
1.700000000000000e+00	1.700000e+00	2.600000e+00	-5.950000e-05	0.000000e+00	-1.710000e-12	5.950000e-05	0.000000e+00	-5.950000e-05
1.800000000000000e+00	1.800000e+00	2.600000e+00	-6.120000e-05	0.000000e+00	-1.810000e-12	6.120000e-05	0.000000e+00	-6.120000e-05
1.900000000000000e+00	1.900000e+00	2.600000e+00	-6.270000e-05	0.000000e+00	-1.910000e-12	6.270000e-05	0.000000e+00	-6.270000e-05
2.000000000000000e+00	2.000000e+00	2.600000e+00	-6.400001e-05	0.000000e+00	-2.010000e-12	6.400001e-05	0.000000e+00	-6.400000e-05
2.100000000000000e+00	2.100000e+00	2.600000e+00	-6.510000e-05	0.000000e+00	-2.110000e-12	6.510000e-05	0.000000e+00	-6.510000e-05
2.200000000000000e+00	2.200000e+00	2.600000e+00	-6.600001e-05	0.000000e+00	-2.210000e-12	6.600001e-05	0.000000e+00	-6.600000e-05
2.300000000000000e+00	2.300000e+00	2.600000e+00	-6.670001e-05	0.000000e+00	-2.310000e-12	6.670001e-05	0.000000e+00	-6.670001e-05
2.400000000000000e+00	2.400000e+00	2.600000e+00	-6.720000e-05	0.000000e+00	-2.410000e-12	6.720000e-05	0.000000e+00	-6.720000e-05
2.500000000000000e+00	2.500000e+00	2.600000e+00	-6.750000e-05	0.000000e+00	-2.510000e-12	6.750000e-05	0.000000e+00	-6.750000e-05
2.600000000000000e+00	2.600000e+00	2.600000e+00	-6.760001e-05	0.000000e+00	-2.610000e-12	6.760001e-05	0.000000e+00	-6.760001e-05
2.700000000000000e+00	2.700000e+00	2.600000e+00	-6.760001e-05	0.000000e+00	-2.710000e-12	6.760001e-05	0.000000e+00	-6.760001e-05
2.800000000000000e+00	2.800000e+00	2.600000e+00	-6.760001e-05	0.000000e+00	-2.810000e-12	6.760001e-05	0.000000e+00	-6.760001e-05
2.900000000000000e+00	2.900000e+00	2.600000e+00	-6.760001e-05	0.000000e+00	-2.910000e-12	6.760001e-05	0.000000e+00	-6.760001e-05
3.000000000000000e+00	3.000000e+00	2.600000e+00	-6.760001e-05	0.000000e+00	-3.010000e-12	6.760001e-05	0.000000e+00	-6.760001e-05
3.100000000000000e+00	3.100000e+00	2.600000e+00	-6.760001e-05	0.000000e+00	-3.110000e-12	6.760001e-05	0.000000e+00	-6.760001e-05
3.200000000000000e+00	3.200000e+00	2.600000e+00	-6.760001e-05	0.000000e+00	-3.210000e-12	6.760001e-05	0.000000e+00	-6.760001e-05
3.300000000000000e+00	3.300000e+00	2.600000e+00	-6.760001e-05	0.000000e+00	-3.310000e-12	6.760001e-05	0.000000e+00	-6.760001e-05
3.400000000000000e+00	3.400000e+00	2.600000e+00	-6.760001e-05	0.000000e+00	-3.410000e-12	6.760001e-05	0.000000e+00	-6.760001e-05
3.500000000000000e+00	3.500000e+00	2.600000e+00	-6.760001e-05	0.000000e+00	-3.510000e-12	6.760001e-05	0.000000e+00	-6.760001e-05
3.600000000000000e+00	3.600000e+00	2.600000e+00	-6.760001e-05	0.000000e+00	-3.610000e-12	6.760001e-05	0.000000e+00	-6.760001e-05
3.700000000000000e+00	3.700000e+00	2.600000e+00	-6.760001e-05	0.000000e+00	-3.710000e-12	6.760001e-05	0.000000e+00	-6.760001e-05
3.800000000000000e+00	3.800000e+00	2.600000e+00	-6.760001e-05	0.000000e+00	-3.810000e-12	6.760001e-05	0.000000e+00	-6.760001e-05
3.900000000000000e+00	3.900000e+00	2.600000e+00	-6.760001e-05	0.000000e+00	-3.910000e-12	6.760001e-05	0.000000e+00	-6.760001e-05
4.000000000000000e+00	4.000000e+00	2.600000e+00	-6.760001e-05	0.000000e+00	-4.010000e-12	6.760001e-05	0.000000e+00	-6.760001e-05
4.100000000000001e+00	4.100000e+00	2.600000e+00	-6.760001e-05	0.000000e+00	-4.110000e-12	6.760001e-05	0.000000e+00	-6.760001e-05
4.200000000000000e+00	4.200000e+00	2.600000e+00	-6.760001e-05	0.000000e+00	-4.210000e-12	6.760001e-05	0.000000e+00	-6.760001e-05
4.300000000000000e+00	4.300000e+00	2.600000e+00	-6.760001e-05	0.000000e+00	-4.310000e-12	6.760001e-05	0.000000e+00	-6.760001e-05
4.400000000000000e+00	4.400000e+00	2.600000e+00	-6.760001e-05	0.000000e+00	-4.410000e-12	6.760001e-05	0.000000e+00	-6.760001e-05
4.500000000000000e+00	4.500000e+00	2.600000e+00	-6.760001e-05	0.000000e+00	-4.510000e-12	6.760001e-05	0.000000e+00	-6.760001e-05
4.600000000000001e+00	4.600000e+00	2.600000e+00	-6.760001e-05	0.000000e+00	-4.610000e-12	6.760001e-05	0.000000e+00	-6.760001e-05
4.700000000000000e+00	4.700000e+00	2.600000e+00	-6.760001e-05	0.000000e+00	-4.710000e-12	6.760001e-05	0.000000e+00	-6.760001e-05
4.800000000000001e+00	4.800000e+00	2.600000e+00	-6.760001e-05	0.000000e+00	-4.810000e-12	6.760001e-05	0.000000e+00	-6.760001e-05
4.900000000000000e+00	4.900000e+00	2.600000e+00	-6.760001e-05	0.000000e+00	-4.910000e-12	6.760001e-05	0.000000e+00	-6.760001e-05
5.000000000000000e+00	5.000000e+00	2.600000e+00	-6.760001e-05	0.000000e+00	-5.010000e-12	6.760001e-05	0.000000e+00	-6.760001e-05
5.100000000000001e+00	5.100000e+00	2.600000e+00	-6.760001e-05	0.000000e+00	-5.110000e-12	6.760001e-05	0.000000e+00	-6.760001e-05
5.200000000000000e+00	5.200000e+00	2.600000e+00	-6.760001e-05	0.000000e+00	-5.210000e-12	6.760001e-05	0.000000e+00	-6.760001e-05
5.300000000000001e+00	5.300000e+00	2.600000e+00	-6.760001e-05	0.000000e+00	-5.310000e-12	6.760001e-05	0.000000e+00	-6.760001e-05
5.400000000000000e+00	5.400000e+00	2.600000e+00	-6.760001e-05	0.000000e+00	-5.410000e-12	6.760001e-05	0.000000e+00	-6.760001e-05
5.500000000000000e+00	5.500000e+00	2.600000e+00	-6.760001e-05	0.000000e+00	-5.510000e-12	6.760001e-05	0.000000e+00	-6.760001e-05
5.600000000000001e+00	5.600000e+00	2.600000e+00	-6.760001e-05	0.000000e+00	-5.610000e-12	6.760001e-05	0.000000e+00	-6.760001e-05
5.700000000000000e+00	5.700000e+00	2.600000e+00	-6.760001e-05	0.000000e+00	-5.710000e-12	6.760001e-05	0.000000e+00	-6.760001e-05
5.800000000000001e+00	5.800000e+00	2.600000e+00	-6.760001e-05	0.000000e+00	-5.810000e-12	6.760001e-05	0.000000e+00	-6.760001e-05
5.900000000000000e+00	5.900000e+00	2.600000e+00	-6.760001e-05	0.000000e+00	-5.910000e-12	6.760001e-05	0.000000e+00	-6.760001e-05
6.000000000000000e+00	6.000000e+00	2.600000e+00	-6.760001e-05	0.000000e+00	-6.010000e-12	6.760001e-05	0.000000e+00	-6.760001e-05
Step Information: Vin=2.7  (Step: 28/51)
0.000000000000000e+00	0.000000e+00	2.700000e+00	0.000000e+00	0.000000e+00	0.000000e+00	0.000000e+00	0.000000e+00	-0.000000e+00
1.000000000000000e-01	1.000000e-01	2.700000e+00	-5.300000e-06	0.000000e+00	-1.097906e-13	5.300000e-06	0.000000e+00	-5.300000e-06
2.000000000000000e-01	2.000000e-01	2.700000e+00	-1.040000e-05	0.000000e+00	-2.099956e-13	1.040000e-05	0.000000e+00	-1.040000e-05
3.000000000000000e-01	3.000000e-01	2.700000e+00	-1.530000e-05	0.000000e+00	-3.099999e-13	1.530000e-05	0.000000e+00	-1.530000e-05
4.000000000000000e-01	4.000000e-01	2.700000e+00	-2.000000e-05	0.000000e+00	-4.100000e-13	2.000000e-05	0.000000e+00	-2.000000e-05
5.000000000000000e-01	5.000000e-01	2.700000e+00	-2.450000e-05	0.000000e+00	-5.100000e-13	2.450000e-05	0.000000e+00	-2.450000e-05
6.000000000000001e-01	6.000000e-01	2.700000e+00	-2.880000e-05	0.000000e+00	-6.100000e-13	2.880000e-05	0.000000e+00	-2.880000e-05
7.000000000000001e-01	7.000000e-01	2.700000e+00	-3.290000e-05	0.000000e+00	-7.100000e-13	3.290000e-05	0.000000e+00	-3.290000e-05
8.000000000000000e-01	8.000000e-01	2.700000e+00	-3.680000e-05	0.000000e+00	-8.100000e-13	3.680000e-05	0.000000e+00	-3.680000e-05
9.000000000000000e-01	9.000000e-01	2.700000e+00	-4.050000e-05	0.000000e+00	-9.100000e-13	4.050000e-05	0.000000e+00	-4.050000e-05
1.000000000000000e+00	1.000000e+00	2.700000e+00	-4.400000e-05	0.000000e+00	-1.010000e-12	4.400000e-05	0.000000e+00	-4.400000e-05
1.100000000000000e+00	1.100000e+00	2.700000e+00	-4.730000e-05	0.000000e+00	-1.110000e-12	4.730000e-05	0.000000e+00	-4.730000e-05
1.200000000000000e+00	1.200000e+00	2.700000e+00	-5.040000e-05	0.000000e+00	-1.210000e-12	5.040000e-05	0.000000e+00	-5.040000e-05
1.300000000000000e+00	1.300000e+00	2.700000e+00	-5.330000e-05	0.000000e+00	-1.310000e-12	5.330000e-05	0.000000e+00	-5.330000e-05
1.400000000000000e+00	1.400000e+00	2.700000e+00	-5.600000e-05	0.000000e+00	-1.410000e-12	5.600000e-05	0.000000e+00	-5.600000e-05
1.500000000000000e+00	1.500000e+00	2.700000e+00	-5.850000e-05	0.000000e+00	-1.510000e-12	5.850000e-05	0.000000e+00	-5.850000e-05
1.600000000000000e+00	1.600000e+00	2.700000e+00	-6.080000e-05	0.000000e+00	-1.610000e-12	6.080000e-05	0.000000e+00	-6.080000e-05
1.700000000000000e+00	1.700000e+00	2.700000e+00	-6.290001e-05	0.000000e+00	-1.710000e-12	6.290001e-05	0.000000e+00	-6.290000e-05
1.800000000000000e+00	1.800000e+00	2.700000e+00	-6.480001e-05	0.000000e+00	-1.810000e-12	6.480001e-05	0.000000e+00	-6.480000e-05
1.900000000000000e+00	1.900000e+00	2.700000e+00	-6.650000e-05	0.000000e+00	-1.910000e-12	6.650000e-05	0.000000e+00	-6.650000e-05
2.000000000000000e+00	2.000000e+00	2.700000e+00	-6.800000e-05	0.000000e+00	-2.010000e-12	6.800000e-05	0.000000e+00	-6.800000e-05
2.100000000000000e+00	2.100000e+00	2.700000e+00	-6.930000e-05	0.000000e+00	-2.110000e-12	6.930000e-05	0.000000e+00	-6.930000e-05
2.200000000000000e+00	2.200000e+00	2.700000e+00	-7.040000e-05	0.000000e+00	-2.210000e-12	7.040000e-05	0.000000e+00	-7.040000e-05
2.300000000000000e+00	2.300000e+00	2.700000e+00	-7.130000e-05	0.000000e+00	-2.310000e-12	7.130000e-05	0.000000e+00	-7.130000e-05
2.400000000000000e+00	2.400000e+00	2.700000e+00	-7.200000e-05	0.000000e+00	-2.410000e-12	7.200000e-05	0.000000e+00	-7.200000e-05
2.500000000000000e+00	2.500000e+00	2.700000e+00	-7.250001e-05	0.000000e+00	-2.510000e-12	7.250001e-05	0.000000e+00	-7.250000e-05
2.600000000000000e+00	2.600000e+00	2.700000e+00	-7.280001e-05	0.000000e+00	-2.610000e-12	7.280001e-05	0.000000e+00	-7.280000e-05
2.700000000000000e+00	2.700000e+00	2.700000e+00	-7.290000e-05	0.000000e+00	-2.710000e-12	7.290000e-05	0.000000e+00	-7.290000e-05
2.800000000000000e+00	2.800000e+00	2.700000e+00	-7.290000e-05	0.000000e+00	-2.810000e-12	7.290000e-05	0.000000e+00	-7.290000e-05
2.900000000000000e+00	2.900000e+00	2.700000e+00	-7.290001e-05	0.000000e+00	-2.910000e-12	7.290001e-05	0.000000e+00	-7.290000e-05
3.000000000000000e+00	3.000000e+00	2.700000e+00	-7.290001e-05	0.000000e+00	-3.010000e-12	7.290001e-05	0.000000e+00	-7.290000e-05
3.100000000000000e+00	3.100000e+00	2.700000e+00	-7.290001e-05	0.000000e+00	-3.110000e-12	7.290001e-05	0.000000e+00	-7.290000e-05
3.200000000000000e+00	3.200000e+00	2.700000e+00	-7.290001e-05	0.000000e+00	-3.210000e-12	7.290001e-05	0.000000e+00	-7.290000e-05
3.300000000000000e+00	3.300000e+00	2.700000e+00	-7.290001e-05	0.000000e+00	-3.310000e-12	7.290001e-05	0.000000e+00	-7.290000e-05
3.400000000000000e+00	3.400000e+00	2.700000e+00	-7.290001e-05	0.000000e+00	-3.410000e-12	7.290001e-05	0.000000e+00	-7.290000e-05
3.500000000000000e+00	3.500000e+00	2.700000e+00	-7.290001e-05	0.000000e+00	-3.510000e-12	7.290001e-05	0.000000e+00	-7.290000e-05
3.600000000000000e+00	3.600000e+00	2.700000e+00	-7.290001e-05	0.000000e+00	-3.610000e-12	7.290001e-05	0.000000e+00	-7.290000e-05
3.700000000000000e+00	3.700000e+00	2.700000e+00	-7.290001e-05	0.000000e+00	-3.710000e-12	7.290001e-05	0.000000e+00	-7.290000e-05
3.800000000000000e+00	3.800000e+00	2.700000e+00	-7.290001e-05	0.000000e+00	-3.810000e-12	7.290001e-05	0.000000e+00	-7.290000e-05
3.900000000000000e+00	3.900000e+00	2.700000e+00	-7.290001e-05	0.000000e+00	-3.910000e-12	7.290001e-05	0.000000e+00	-7.290000e-05
4.000000000000000e+00	4.000000e+00	2.700000e+00	-7.290001e-05	0.000000e+00	-4.010000e-12	7.290001e-05	0.000000e+00	-7.290000e-05
4.100000000000001e+00	4.100000e+00	2.700000e+00	-7.290001e-05	0.000000e+00	-4.110000e-12	7.290001e-05	0.000000e+00	-7.290000e-05
4.200000000000000e+00	4.200000e+00	2.700000e+00	-7.290001e-05	0.000000e+00	-4.210000e-12	7.290001e-05	0.000000e+00	-7.290000e-05
4.300000000000000e+00	4.300000e+00	2.700000e+00	-7.290001e-05	0.000000e+00	-4.310000e-12	7.290001e-05	0.000000e+00	-7.290000e-05
4.400000000000000e+00	4.400000e+00	2.700000e+00	-7.290001e-05	0.000000e+00	-4.410000e-12	7.290001e-05	0.000000e+00	-7.290000e-05
4.500000000000000e+00	4.500000e+00	2.700000e+00	-7.290001e-05	0.000000e+00	-4.510000e-12	7.290001e-05	0.000000e+00	-7.290000e-05
4.600000000000001e+00	4.600000e+00	2.700000e+00	-7.290001e-05	0.000000e+00	-4.610000e-12	7.290001e-05	0.000000e+00	-7.290000e-05
4.700000000000000e+00	4.700000e+00	2.700000e+00	-7.290001e-05	0.000000e+00	-4.710000e-12	7.290001e-05	0.000000e+00	-7.290000e-05
4.800000000000001e+00	4.800000e+00	2.700000e+00	-7.290001e-05	0.000000e+00	-4.810000e-12	7.290001e-05	0.000000e+00	-7.290000e-05
4.900000000000000e+00	4.900000e+00	2.700000e+00	-7.290001e-05	0.000000e+00	-4.910000e-12	7.290001e-05	0.000000e+00	-7.290000e-05
5.000000000000000e+00	5.000000e+00	2.700000e+00	-7.290001e-05	0.000000e+00	-5.010000e-12	7.290001e-05	0.000000e+00	-7.290000e-05
5.100000000000001e+00	5.100000e+00	2.700000e+00	-7.290001e-05	0.000000e+00	-5.110000e-12	7.290001e-05	0.000000e+00	-7.290000e-05
5.200000000000000e+00	5.200000e+00	2.700000e+00	-7.290001e-05	0.000000e+00	-5.210000e-12	7.290001e-05	0.000000e+00	-7.290000e-05
5.300000000000001e+00	5.300000e+00	2.700000e+00	-7.290001e-05	0.000000e+00	-5.310000e-12	7.290001e-05	0.000000e+00	-7.290000e-05
5.400000000000000e+00	5.400000e+00	2.700000e+00	-7.290001e-05	0.000000e+00	-5.410000e-12	7.290001e-05	0.000000e+00	-7.290000e-05
5.500000000000000e+00	5.500000e+00	2.700000e+00	-7.290001e-05	0.000000e+00	-5.510000e-12	7.290001e-05	0.000000e+00	-7.290000e-05
5.600000000000001e+00	5.600000e+00	2.700000e+00	-7.290001e-05	0.000000e+00	-5.610000e-12	7.290001e-05	0.000000e+00	-7.290000e-05
5.700000000000000e+00	5.700000e+00	2.700000e+00	-7.290001e-05	0.000000e+00	-5.710000e-12	7.290001e-05	0.000000e+00	-7.290000e-05
5.800000000000001e+00	5.800000e+00	2.700000e+00	-7.290001e-05	0.000000e+00	-5.810000e-12	7.290001e-05	0.000000e+00	-7.290001e-05
5.900000000000000e+00	5.900000e+00	2.700000e+00	-7.290001e-05	0.000000e+00	-5.910000e-12	7.290001e-05	0.000000e+00	-7.290001e-05
6.000000000000000e+00	6.000000e+00	2.700000e+00	-7.290001e-05	0.000000e+00	-6.010000e-12	7.290001e-05	0.000000e+00	-7.290001e-05
Step Information: Vin=2.8  (Step: 29/51)
0.000000000000000e+00	0.000000e+00	2.800000e+00	0.000000e+00	0.000000e+00	0.000000e+00	0.000000e+00	0.000000e+00	-0.000000e+00
1.000000000000000e-01	1.000000e-01	2.800000e+00	-5.500000e-06	0.000000e+00	-1.097906e-13	5.500000e-06	0.000000e+00	-5.500000e-06
2.000000000000000e-01	2.000000e-01	2.800000e+00	-1.080000e-05	0.000000e+00	-2.099956e-13	1.080000e-05	0.000000e+00	-1.080000e-05
3.000000000000000e-01	3.000000e-01	2.800000e+00	-1.590000e-05	0.000000e+00	-3.099999e-13	1.590000e-05	0.000000e+00	-1.590000e-05
4.000000000000000e-01	4.000000e-01	2.800000e+00	-2.080000e-05	0.000000e+00	-4.100000e-13	2.080000e-05	0.000000e+00	-2.080000e-05
5.000000000000000e-01	5.000000e-01	2.800000e+00	-2.550000e-05	0.000000e+00	-5.100000e-13	2.550000e-05	0.000000e+00	-2.550000e-05
6.000000000000001e-01	6.000000e-01	2.800000e+00	-3.000000e-05	0.000000e+00	-6.100000e-13	3.000000e-05	0.000000e+00	-3.000000e-05
7.000000000000001e-01	7.000000e-01	2.800000e+00	-3.430000e-05	0.000000e+00	-7.100000e-13	3.430000e-05	0.000000e+00	-3.430000e-05
8.000000000000000e-01	8.000000e-01	2.800000e+00	-3.840000e-05	0.000000e+00	-8.100000e-13	3.840000e-05	0.000000e+00	-3.840000e-05
9.000000000000000e-01	9.000000e-01	2.800000e+00	-4.230000e-05	0.000000e+00	-9.100000e-13	4.230000e-05	0.000000e+00	-4.230000e-05
1.000000000000000e+00	1.000000e+00	2.800000e+00	-4.600000e-05	0.000000e+00	-1.010000e-12	4.600000e-05	0.000000e+00	-4.600000e-05
1.100000000000000e+00	1.100000e+00	2.800000e+00	-4.950000e-05	0.000000e+00	-1.110000e-12	4.950000e-05	0.000000e+00	-4.950000e-05
1.200000000000000e+00	1.200000e+00	2.800000e+00	-5.280000e-05	0.000000e+00	-1.210000e-12	5.280000e-05	0.000000e+00	-5.280000e-05
1.300000000000000e+00	1.300000e+00	2.800000e+00	-5.590000e-05	0.000000e+00	-1.310000e-12	5.590000e-05	0.000000e+00	-5.590000e-05
1.400000000000000e+00	1.400000e+00	2.800000e+00	-5.880000e-05	0.000000e+00	-1.410000e-12	5.880000e-05	0.000000e+00	-5.880000e-05
1.500000000000000e+00	1.500000e+00	2.800000e+00	-6.150000e-05	0.000000e+00	-1.510000e-12	6.150000e-05	0.000000e+00	-6.150000e-05
1.600000000000000e+00	1.600000e+00	2.800000e+00	-6.400000e-05	0.000000e+00	-1.610000e-12	6.400000e-05	0.000000e+00	-6.400000e-05
1.700000000000000e+00	1.700000e+00	2.800000e+00	-6.630000e-05	0.000000e+00	-1.710000e-12	6.630000e-05	0.000000e+00	-6.630000e-05
1.800000000000000e+00	1.800000e+00	2.800000e+00	-6.840000e-05	0.000000e+00	-1.810000e-12	6.840000e-05	0.000000e+00	-6.840000e-05
1.900000000000000e+00	1.900000e+00	2.800000e+00	-7.030000e-05	0.000000e+00	-1.910000e-12	7.030000e-05	0.000000e+00	-7.030000e-05
2.000000000000000e+00	2.000000e+00	2.800000e+00	-7.200000e-05	0.000000e+00	-2.010000e-12	7.200000e-05	0.000000e+00	-7.200000e-05
2.100000000000000e+00	2.100000e+00	2.800000e+00	-7.350001e-05	0.000000e+00	-2.110000e-12	7.350001e-05	0.000000e+00	-7.350000e-05
2.200000000000000e+00	2.200000e+00	2.800000e+00	-7.480000e-05	0.000000e+00	-2.210000e-12	7.480000e-05	0.000000e+00	-7.480000e-05
2.300000000000000e+00	2.300000e+00	2.800000e+00	-7.590000e-05	0.000000e+00	-2.310000e-12	7.590000e-05	0.000000e+00	-7.590000e-05
2.400000000000000e+00	2.400000e+00	2.800000e+00	-7.680000e-05	0.000000e+00	-2.410000e-12	7.680000e-05	0.000000e+00	-7.680000e-05
2.500000000000000e+00	2.500000e+00	2.800000e+00	-7.750001e-05	0.000000e+00	-2.510000e-12	7.750001e-05	0.000000e+00	-7.750000e-05
2.600000000000000e+00	2.600000e+00	2.800000e+00	-7.800000e-05	0.000000e+00	-2.610000e-12	7.800000e-05	0.000000e+00	-7.800000e-05
2.700000000000000e+00	2.700000e+00	2.800000e+00	-7.830001e-05	0.000000e+00	-2.710000e-12	7.830001e-05	0.000000e+00	-7.830000e-05
2.800000000000000e+00	2.800000e+00	2.800000e+00	-7.840001e-05	0.000000e+00	-2.810000e-12	7.840001e-05	0.000000e+00	-7.840000e-05
2.900000000000000e+00	2.900000e+00	2.800000e+00	-7.840001e-05	0.000000e+00	-2.910000e-12	7.840001e-05	0.000000e+00	-7.840000e-05
3.000000000000000e+00	3.000000e+00	2.800000e+00	-7.840001e-05	0.000000e+00	-3.010000e-12	7.840001e-05	0.000000e+00	-7.840000e-05
3.100000000000000e+00	3.100000e+00	2.800000e+00	-7.840001e-05	0.000000e+00	-3.110000e-12	7.840001e-05	0.000000e+00	-7.840000e-05
3.200000000000000e+00	3.200000e+00	2.800000e+00	-7.840001e-05	0.000000e+00	-3.210000e-12	7.840001e-05	0.000000e+00	-7.840000e-05
3.300000000000000e+00	3.300000e+00	2.800000e+00	-7.840001e-05	0.000000e+00	-3.310000e-12	7.840001e-05	0.000000e+00	-7.840000e-05
3.400000000000000e+00	3.400000e+00	2.800000e+00	-7.840001e-05	0.000000e+00	-3.410000e-12	7.840001e-05	0.000000e+00	-7.840000e-05
3.500000000000000e+00	3.500000e+00	2.800000e+00	-7.840001e-05	0.000000e+00	-3.510000e-12	7.840001e-05	0.000000e+00	-7.840000e-05
3.600000000000000e+00	3.600000e+00	2.800000e+00	-7.840001e-05	0.000000e+00	-3.610000e-12	7.840001e-05	0.000000e+00	-7.840000e-05
3.700000000000000e+00	3.700000e+00	2.800000e+00	-7.840001e-05	0.000000e+00	-3.710000e-12	7.840001e-05	0.000000e+00	-7.840000e-05
3.800000000000000e+00	3.800000e+00	2.800000e+00	-7.840001e-05	0.000000e+00	-3.810000e-12	7.840001e-05	0.000000e+00	-7.840000e-05
3.900000000000000e+00	3.900000e+00	2.800000e+00	-7.840001e-05	0.000000e+00	-3.910000e-12	7.840001e-05	0.000000e+00	-7.840000e-05
4.000000000000000e+00	4.000000e+00	2.800000e+00	-7.840001e-05	0.000000e+00	-4.010000e-12	7.840001e-05	0.000000e+00	-7.840001e-05
4.100000000000001e+00	4.100000e+00	2.800000e+00	-7.840001e-05	0.000000e+00	-4.110000e-12	7.840001e-05	0.000000e+00	-7.840001e-05
4.200000000000000e+00	4.200000e+00	2.800000e+00	-7.840001e-05	0.000000e+00	-4.210000e-12	7.840001e-05	0.000000e+00	-7.840001e-05
4.300000000000000e+00	4.300000e+00	2.800000e+00	-7.840001e-05	0.000000e+00	-4.310000e-12	7.840001e-05	0.000000e+00	-7.840001e-05
4.400000000000000e+00	4.400000e+00	2.800000e+00	-7.840001e-05	0.000000e+00	-4.410000e-12	7.840001e-05	0.000000e+00	-7.840001e-05
4.500000000000000e+00	4.500000e+00	2.800000e+00	-7.840001e-05	0.000000e+00	-4.510000e-12	7.840001e-05	0.000000e+00	-7.840001e-05
4.600000000000001e+00	4.600000e+00	2.800000e+00	-7.840001e-05	0.000000e+00	-4.610000e-12	7.840001e-05	0.000000e+00	-7.840001e-05
4.700000000000000e+00	4.700000e+00	2.800000e+00	-7.840001e-05	0.000000e+00	-4.710000e-12	7.840001e-05	0.000000e+00	-7.840001e-05
4.800000000000001e+00	4.800000e+00	2.800000e+00	-7.840001e-05	0.000000e+00	-4.810000e-12	7.840001e-05	0.000000e+00	-7.840001e-05
4.900000000000000e+00	4.900000e+00	2.800000e+00	-7.840001e-05	0.000000e+00	-4.910000e-12	7.840001e-05	0.000000e+00	-7.840001e-05
5.000000000000000e+00	5.000000e+00	2.800000e+00	-7.840001e-05	0.000000e+00	-5.010000e-12	7.840001e-05	0.000000e+00	-7.840001e-05
5.100000000000001e+00	5.100000e+00	2.800000e+00	-7.840001e-05	0.000000e+00	-5.110000e-12	7.840001e-05	0.000000e+00	-7.840001e-05
5.200000000000000e+00	5.200000e+00	2.800000e+00	-7.840001e-05	0.000000e+00	-5.210000e-12	7.840001e-05	0.000000e+00	-7.840001e-05
5.300000000000001e+00	5.300000e+00	2.800000e+00	-7.840001e-05	0.000000e+00	-5.310000e-12	7.840001e-05	0.000000e+00	-7.840001e-05
5.400000000000000e+00	5.400000e+00	2.800000e+00	-7.840001e-05	0.000000e+00	-5.410000e-12	7.840001e-05	0.000000e+00	-7.840001e-05
5.500000000000000e+00	5.500000e+00	2.800000e+00	-7.840001e-05	0.000000e+00	-5.510000e-12	7.840001e-05	0.000000e+00	-7.840001e-05
5.600000000000001e+00	5.600000e+00	2.800000e+00	-7.840001e-05	0.000000e+00	-5.610000e-12	7.840001e-05	0.000000e+00	-7.840001e-05
5.700000000000000e+00	5.700000e+00	2.800000e+00	-7.840001e-05	0.000000e+00	-5.710000e-12	7.840001e-05	0.000000e+00	-7.840001e-05
5.800000000000001e+00	5.800000e+00	2.800000e+00	-7.840001e-05	0.000000e+00	-5.810000e-12	7.840001e-05	0.000000e+00	-7.840001e-05
5.900000000000000e+00	5.900000e+00	2.800000e+00	-7.840001e-05	0.000000e+00	-5.910000e-12	7.840001e-05	0.000000e+00	-7.840001e-05
6.000000000000000e+00	6.000000e+00	2.800000e+00	-7.840001e-05	0.000000e+00	-6.010000e-12	7.840001e-05	0.000000e+00	-7.840001e-05
Step Information: Vin=2.9  (Step: 30/51)
0.000000000000000e+00	0.000000e+00	2.900000e+00	0.000000e+00	0.000000e+00	0.000000e+00	0.000000e+00	0.000000e+00	-0.000000e+00
1.000000000000000e-01	1.000000e-01	2.900000e+00	-5.700000e-06	0.000000e+00	-1.097906e-13	5.700000e-06	0.000000e+00	-5.700000e-06
2.000000000000000e-01	2.000000e-01	2.900000e+00	-1.120000e-05	0.000000e+00	-2.099956e-13	1.120000e-05	0.000000e+00	-1.120000e-05
3.000000000000000e-01	3.000000e-01	2.900000e+00	-1.650000e-05	0.000000e+00	-3.099999e-13	1.650000e-05	0.000000e+00	-1.650000e-05
4.000000000000000e-01	4.000000e-01	2.900000e+00	-2.160000e-05	0.000000e+00	-4.100000e-13	2.160000e-05	0.000000e+00	-2.160000e-05
5.000000000000000e-01	5.000000e-01	2.900000e+00	-2.650000e-05	0.000000e+00	-5.100000e-13	2.650000e-05	0.000000e+00	-2.650000e-05
6.000000000000001e-01	6.000000e-01	2.900000e+00	-3.120000e-05	0.000000e+00	-6.100000e-13	3.120000e-05	0.000000e+00	-3.120000e-05
7.000000000000001e-01	7.000000e-01	2.900000e+00	-3.570000e-05	0.000000e+00	-7.100000e-13	3.570000e-05	0.000000e+00	-3.570000e-05
8.000000000000000e-01	8.000000e-01	2.900000e+00	-4.000000e-05	0.000000e+00	-8.100000e-13	4.000000e-05	0.000000e+00	-4.000000e-05
9.000000000000000e-01	9.000000e-01	2.900000e+00	-4.410000e-05	0.000000e+00	-9.100000e-13	4.410000e-05	0.000000e+00	-4.410000e-05
1.000000000000000e+00	1.000000e+00	2.900000e+00	-4.800000e-05	0.000000e+00	-1.010000e-12	4.800000e-05	0.000000e+00	-4.800000e-05
1.100000000000000e+00	1.100000e+00	2.900000e+00	-5.170000e-05	0.000000e+00	-1.110000e-12	5.170000e-05	0.000000e+00	-5.170000e-05
1.200000000000000e+00	1.200000e+00	2.900000e+00	-5.520000e-05	0.000000e+00	-1.210000e-12	5.520000e-05	0.000000e+00	-5.520000e-05
1.300000000000000e+00	1.300000e+00	2.900000e+00	-5.850000e-05	0.000000e+00	-1.310000e-12	5.850000e-05	0.000000e+00	-5.850000e-05
1.400000000000000e+00	1.400000e+00	2.900000e+00	-6.160000e-05	0.000000e+00	-1.410000e-12	6.160000e-05	0.000000e+00	-6.160000e-05
1.500000000000000e+00	1.500000e+00	2.900000e+00	-6.450000e-05	0.000000e+00	-1.510000e-12	6.450000e-05	0.000000e+00	-6.450000e-05
1.600000000000000e+00	1.600000e+00	2.900000e+00	-6.720000e-05	0.000000e+00	-1.610000e-12	6.720000e-05	0.000000e+00	-6.720000e-05
1.700000000000000e+00	1.700000e+00	2.900000e+00	-6.970001e-05	0.000000e+00	-1.710000e-12	6.970001e-05	0.000000e+00	-6.970000e-05
1.800000000000000e+00	1.800000e+00	2.900000e+00	-7.200000e-05	0.000000e+00	-1.810000e-12	7.200000e-05	0.000000e+00	-7.200000e-05
1.900000000000000e+00	1.900000e+00	2.900000e+00	-7.410000e-05	0.000000e+00	-1.910000e-12	7.410000e-05	0.000000e+00	-7.410000e-05
2.000000000000000e+00	2.000000e+00	2.900000e+00	-7.600000e-05	0.000000e+00	-2.010000e-12	7.600000e-05	0.000000e+00	-7.600000e-05
2.100000000000000e+00	2.100000e+00	2.900000e+00	-7.770000e-05	0.000000e+00	-2.110000e-12	7.770000e-05	0.000000e+00	-7.770000e-05
2.200000000000000e+00	2.200000e+00	2.900000e+00	-7.920001e-05	0.000000e+00	-2.210000e-12	7.920001e-05	0.000000e+00	-7.920000e-05
2.300000000000000e+00	2.300000e+00	2.900000e+00	-8.050000e-05	0.000000e+00	-2.310000e-12	8.050000e-05	0.000000e+00	-8.050000e-05
2.400000000000000e+00	2.400000e+00	2.900000e+00	-8.160000e-05	0.000000e+00	-2.410000e-12	8.160000e-05	0.000000e+00	-8.160000e-05
2.500000000000000e+00	2.500000e+00	2.900000e+00	-8.250000e-05	0.000000e+00	-2.510000e-12	8.250000e-05	0.000000e+00	-8.250000e-05
2.600000000000000e+00	2.600000e+00	2.900000e+00	-8.320001e-05	0.000000e+00	-2.610000e-12	8.320001e-05	0.000000e+00	-8.320000e-05
2.700000000000000e+00	2.700000e+00	2.900000e+00	-8.370000e-05	0.000000e+00	-2.710000e-12	8.370000e-05	0.000000e+00	-8.370000e-05
2.800000000000000e+00	2.800000e+00	2.900000e+00	-8.400001e-05	0.000000e+00	-2.810000e-12	8.400001e-05	0.000000e+00	-8.400000e-05
2.900000000000000e+00	2.900000e+00	2.900000e+00	-8.410001e-05	0.000000e+00	-2.910000e-12	8.410001e-05	0.000000e+00	-8.410000e-05
3.000000000000000e+00	3.000000e+00	2.900000e+00	-8.410001e-05	0.000000e+00	-3.010000e-12	8.410001e-05	0.000000e+00	-8.410000e-05
3.100000000000000e+00	3.100000e+00	2.900000e+00	-8.410001e-05	0.000000e+00	-3.110000e-12	8.410001e-05	0.000000e+00	-8.410000e-05
3.200000000000000e+00	3.200000e+00	2.900000e+00	-8.410001e-05	0.000000e+00	-3.210000e-12	8.410001e-05	0.000000e+00	-8.410000e-05
3.300000000000000e+00	3.300000e+00	2.900000e+00	-8.410001e-05	0.000000e+00	-3.310000e-12	8.410001e-05	0.000000e+00	-8.410000e-05
3.400000000000000e+00	3.400000e+00	2.900000e+00	-8.410001e-05	0.000000e+00	-3.410000e-12	8.410001e-05	0.000000e+00	-8.410000e-05
3.500000000000000e+00	3.500000e+00	2.900000e+00	-8.410001e-05	0.000000e+00	-3.510000e-12	8.410001e-05	0.000000e+00	-8.410000e-05
3.600000000000000e+00	3.600000e+00	2.900000e+00	-8.410001e-05	0.000000e+00	-3.610000e-12	8.410001e-05	0.000000e+00	-8.410000e-05
3.700000000000000e+00	3.700000e+00	2.900000e+00	-8.410001e-05	0.000000e+00	-3.710000e-12	8.410001e-05	0.000000e+00	-8.410000e-05
3.800000000000000e+00	3.800000e+00	2.900000e+00	-8.410001e-05	0.000000e+00	-3.810000e-12	8.410001e-05	0.000000e+00	-8.410001e-05
3.900000000000000e+00	3.900000e+00	2.900000e+00	-8.410001e-05	0.000000e+00	-3.910000e-12	8.410001e-05	0.000000e+00	-8.410001e-05
4.000000000000000e+00	4.000000e+00	2.900000e+00	-8.410001e-05	0.000000e+00	-4.010000e-12	8.410001e-05	0.000000e+00	-8.410001e-05
4.100000000000001e+00	4.100000e+00	2.900000e+00	-8.410001e-05	0.000000e+00	-4.110000e-12	8.410001e-05	0.000000e+00	-8.410001e-05
4.200000000000000e+00	4.200000e+00	2.900000e+00	-8.410001e-05	0.000000e+00	-4.210000e-12	8.410001e-05	0.000000e+00	-8.410001e-05
4.300000000000000e+00	4.300000e+00	2.900000e+00	-8.410001e-05	0.000000e+00	-4.310000e-12	8.410001e-05	0.000000e+00	-8.410001e-05
4.400000000000000e+00	4.400000e+00	2.900000e+00	-8.410001e-05	0.000000e+00	-4.410000e-12	8.410001e-05	0.000000e+00	-8.410001e-05
4.500000000000000e+00	4.500000e+00	2.900000e+00	-8.410001e-05	0.000000e+00	-4.510000e-12	8.410001e-05	0.000000e+00	-8.410001e-05
4.600000000000001e+00	4.600000e+00	2.900000e+00	-8.410001e-05	0.000000e+00	-4.610000e-12	8.410001e-05	0.000000e+00	-8.410001e-05
4.700000000000000e+00	4.700000e+00	2.900000e+00	-8.410001e-05	0.000000e+00	-4.710000e-12	8.410001e-05	0.000000e+00	-8.410001e-05
4.800000000000001e+00	4.800000e+00	2.900000e+00	-8.410001e-05	0.000000e+00	-4.810000e-12	8.410001e-05	0.000000e+00	-8.410001e-05
4.900000000000000e+00	4.900000e+00	2.900000e+00	-8.410001e-05	0.000000e+00	-4.910000e-12	8.410001e-05	0.000000e+00	-8.410001e-05
5.000000000000000e+00	5.000000e+00	2.900000e+00	-8.410001e-05	0.000000e+00	-5.010000e-12	8.410001e-05	0.000000e+00	-8.410001e-05
5.100000000000001e+00	5.100000e+00	2.900000e+00	-8.410001e-05	0.000000e+00	-5.110000e-12	8.410001e-05	0.000000e+00	-8.410001e-05
5.200000000000000e+00	5.200000e+00	2.900000e+00	-8.410001e-05	0.000000e+00	-5.210000e-12	8.410001e-05	0.000000e+00	-8.410001e-05
5.300000000000001e+00	5.300000e+00	2.900000e+00	-8.410001e-05	0.000000e+00	-5.310000e-12	8.410001e-05	0.000000e+00	-8.410001e-05
5.400000000000000e+00	5.400000e+00	2.900000e+00	-8.410001e-05	0.000000e+00	-5.410000e-12	8.410001e-05	0.000000e+00	-8.410001e-05
5.500000000000000e+00	5.500000e+00	2.900000e+00	-8.410001e-05	0.000000e+00	-5.510000e-12	8.410001e-05	0.000000e+00	-8.410001e-05
5.600000000000001e+00	5.600000e+00	2.900000e+00	-8.410001e-05	0.000000e+00	-5.610000e-12	8.410001e-05	0.000000e+00	-8.410001e-05
5.700000000000000e+00	5.700000e+00	2.900000e+00	-8.410001e-05	0.000000e+00	-5.710000e-12	8.410001e-05	0.000000e+00	-8.410001e-05
5.800000000000001e+00	5.800000e+00	2.900000e+00	-8.410001e-05	0.000000e+00	-5.810000e-12	8.410001e-05	0.000000e+00	-8.410001e-05
5.900000000000000e+00	5.900000e+00	2.900000e+00	-8.410001e-05	0.000000e+00	-5.910000e-12	8.410001e-05	0.000000e+00	-8.410001e-05
6.000000000000000e+00	6.000000e+00	2.900000e+00	-8.410001e-05	0.000000e+00	-6.010000e-12	8.410001e-05	0.000000e+00	-8.410001e-05
Step Information: Vin=3  (Step: 31/51)
0.000000000000000e+00	0.000000e+00	3.000000e+00	0.000000e+00	0.000000e+00	0.000000e+00	0.000000e+00	0.000000e+00	-0.000000e+00
1.000000000000000e-01	1.000000e-01	3.000000e+00	-5.900000e-06	0.000000e+00	-1.097906e-13	5.900000e-06	0.000000e+00	-5.900000e-06
2.000000000000000e-01	2.000000e-01	3.000000e+00	-1.160000e-05	0.000000e+00	-2.099956e-13	1.160000e-05	0.000000e+00	-1.160000e-05
3.000000000000000e-01	3.000000e-01	3.000000e+00	-1.710000e-05	0.000000e+00	-3.099999e-13	1.710000e-05	0.000000e+00	-1.710000e-05
4.000000000000000e-01	4.000000e-01	3.000000e+00	-2.240000e-05	0.000000e+00	-4.100000e-13	2.240000e-05	0.000000e+00	-2.240000e-05
5.000000000000000e-01	5.000000e-01	3.000000e+00	-2.750000e-05	0.000000e+00	-5.100000e-13	2.750000e-05	0.000000e+00	-2.750000e-05
6.000000000000001e-01	6.000000e-01	3.000000e+00	-3.240000e-05	0.000000e+00	-6.100000e-13	3.240000e-05	0.000000e+00	-3.240000e-05
7.000000000000001e-01	7.000000e-01	3.000000e+00	-3.710000e-05	0.000000e+00	-7.100000e-13	3.710000e-05	0.000000e+00	-3.710000e-05
8.000000000000000e-01	8.000000e-01	3.000000e+00	-4.160000e-05	0.000000e+00	-8.100000e-13	4.160000e-05	0.000000e+00	-4.160000e-05
9.000000000000000e-01	9.000000e-01	3.000000e+00	-4.590000e-05	0.000000e+00	-9.100000e-13	4.590000e-05	0.000000e+00	-4.590000e-05
1.000000000000000e+00	1.000000e+00	3.000000e+00	-5.000000e-05	0.000000e+00	-1.010000e-12	5.000000e-05	0.000000e+00	-5.000000e-05
1.100000000000000e+00	1.100000e+00	3.000000e+00	-5.390000e-05	0.000000e+00	-1.110000e-12	5.390000e-05	0.000000e+00	-5.390000e-05
1.200000000000000e+00	1.200000e+00	3.000000e+00	-5.760000e-05	0.000000e+00	-1.210000e-12	5.760000e-05	0.000000e+00	-5.760000e-05
1.300000000000000e+00	1.300000e+00	3.000000e+00	-6.110000e-05	0.000000e+00	-1.310000e-12	6.110000e-05	0.000000e+00	-6.110000e-05
1.400000000000000e+00	1.400000e+00	3.000000e+00	-6.440000e-05	0.000000e+00	-1.410000e-12	6.440000e-05	0.000000e+00	-6.440000e-05
1.500000000000000e+00	1.500000e+00	3.000000e+00	-6.750000e-05	0.000000e+00	-1.510000e-12	6.750000e-05	0.000000e+00	-6.750000e-05
1.600000000000000e+00	1.600000e+00	3.000000e+00	-7.040000e-05	0.000000e+00	-1.610000e-12	7.040000e-05	0.000000e+00	-7.040000e-05
1.700000000000000e+00	1.700000e+00	3.000000e+00	-7.310000e-05	0.000000e+00	-1.710000e-12	7.310000e-05	0.000000e+00	-7.310000e-05
1.800000000000000e+00	1.800000e+00	3.000000e+00	-7.560000e-05	0.000000e+00	-1.810000e-12	7.560000e-05	0.000000e+00	-7.560000e-05
1.900000000000000e+00	1.900000e+00	3.000000e+00	-7.790000e-05	0.000000e+00	-1.910000e-12	7.790000e-05	0.000000e+00	-7.790000e-05
2.000000000000000e+00	2.000000e+00	3.000000e+00	-8.000001e-05	0.000000e+00	-2.010000e-12	8.000001e-05	0.000000e+00	-8.000001e-05
2.100000000000000e+00	2.100000e+00	3.000000e+00	-8.190001e-05	0.000000e+00	-2.110000e-12	8.190001e-05	0.000000e+00	-8.190001e-05
2.200000000000000e+00	2.200000e+00	3.000000e+00	-8.360000e-05	0.000000e+00	-2.210000e-12	8.360000e-05	0.000000e+00	-8.360000e-05
2.300000000000000e+00	2.300000e+00	3.000000e+00	-8.510001e-05	0.000000e+00	-2.310000e-12	8.510001e-05	0.000000e+00	-8.510000e-05
2.400000000000000e+00	2.400000e+00	3.000000e+00	-8.640000e-05	0.000000e+00	-2.410000e-12	8.640000e-05	0.000000e+00	-8.640000e-05
2.500000000000000e+00	2.500000e+00	3.000000e+00	-8.750000e-05	0.000000e+00	-2.510000e-12	8.750000e-05	0.000000e+00	-8.750000e-05
2.600000000000000e+00	2.600000e+00	3.000000e+00	-8.840000e-05	0.000000e+00	-2.610000e-12	8.840000e-05	0.000000e+00	-8.840000e-05
2.700000000000000e+00	2.700000e+00	3.000000e+00	-8.910000e-05	0.000000e+00	-2.710000e-12	8.910000e-05	0.000000e+00	-8.910000e-05
2.800000000000000e+00	2.800000e+00	3.000000e+00	-8.960001e-05	0.000000e+00	-2.810000e-12	8.960001e-05	0.000000e+00	-8.960001e-05
2.900000000000000e+00	2.900000e+00	3.000000e+00	-8.990001e-05	0.000000e+00	-2.910000e-12	8.990001e-05	0.000000e+00	-8.990000e-05
3.000000000000000e+00	3.000000e+00	3.000000e+00	-9.000001e-05	0.000000e+00	-3.010000e-12	9.000001e-05	0.000000e+00	-9.000000e-05
3.100000000000000e+00	3.100000e+00	3.000000e+00	-9.000001e-05	0.000000e+00	-3.110000e-12	9.000001e-05	0.000000e+00	-9.000000e-05
3.200000000000000e+00	3.200000e+00	3.000000e+00	-9.000001e-05	0.000000e+00	-3.210000e-12	9.000001e-05	0.000000e+00	-9.000000e-05
3.300000000000000e+00	3.300000e+00	3.000000e+00	-9.000001e-05	0.000000e+00	-3.310000e-12	9.000001e-05	0.000000e+00	-9.000000e-05
3.400000000000000e+00	3.400000e+00	3.000000e+00	-9.000001e-05	0.000000e+00	-3.410000e-12	9.000001e-05	0.000000e+00	-9.000000e-05
3.500000000000000e+00	3.500000e+00	3.000000e+00	-9.000001e-05	0.000000e+00	-3.510000e-12	9.000001e-05	0.000000e+00	-9.000000e-05
3.600000000000000e+00	3.600000e+00	3.000000e+00	-9.000001e-05	0.000000e+00	-3.610000e-12	9.000001e-05	0.000000e+00	-9.000000e-05
3.700000000000000e+00	3.700000e+00	3.000000e+00	-9.000001e-05	0.000000e+00	-3.710000e-12	9.000001e-05	0.000000e+00	-9.000000e-05
3.800000000000000e+00	3.800000e+00	3.000000e+00	-9.000001e-05	0.000000e+00	-3.810000e-12	9.000001e-05	0.000000e+00	-9.000000e-05
3.900000000000000e+00	3.900000e+00	3.000000e+00	-9.000001e-05	0.000000e+00	-3.910000e-12	9.000001e-05	0.000000e+00	-9.000000e-05
4.000000000000000e+00	4.000000e+00	3.000000e+00	-9.000001e-05	0.000000e+00	-4.010000e-12	9.000001e-05	0.000000e+00	-9.000000e-05
4.100000000000001e+00	4.100000e+00	3.000000e+00	-9.000001e-05	0.000000e+00	-4.110000e-12	9.000001e-05	0.000000e+00	-9.000000e-05
4.200000000000000e+00	4.200000e+00	3.000000e+00	-9.000001e-05	0.000000e+00	-4.210000e-12	9.000001e-05	0.000000e+00	-9.000000e-05
4.300000000000000e+00	4.300000e+00	3.000000e+00	-9.000001e-05	0.000000e+00	-4.310000e-12	9.000001e-05	0.000000e+00	-9.000000e-05
4.400000000000000e+00	4.400000e+00	3.000000e+00	-9.000001e-05	0.000000e+00	-4.410000e-12	9.000001e-05	0.000000e+00	-9.000000e-05
4.500000000000000e+00	4.500000e+00	3.000000e+00	-9.000001e-05	0.000000e+00	-4.510000e-12	9.000001e-05	0.000000e+00	-9.000000e-05
4.600000000000001e+00	4.600000e+00	3.000000e+00	-9.000001e-05	0.000000e+00	-4.610000e-12	9.000001e-05	0.000000e+00	-9.000000e-05
4.700000000000000e+00	4.700000e+00	3.000000e+00	-9.000001e-05	0.000000e+00	-4.710000e-12	9.000001e-05	0.000000e+00	-9.000000e-05
4.800000000000001e+00	4.800000e+00	3.000000e+00	-9.000001e-05	0.000000e+00	-4.810000e-12	9.000001e-05	0.000000e+00	-9.000000e-05
4.900000000000000e+00	4.900000e+00	3.000000e+00	-9.000001e-05	0.000000e+00	-4.910000e-12	9.000001e-05	0.000000e+00	-9.000000e-05
5.000000000000000e+00	5.000000e+00	3.000000e+00	-9.000001e-05	0.000000e+00	-5.010000e-12	9.000001e-05	0.000000e+00	-9.000000e-05
5.100000000000001e+00	5.100000e+00	3.000000e+00	-9.000001e-05	0.000000e+00	-5.110000e-12	9.000001e-05	0.000000e+00	-9.000001e-05
5.200000000000000e+00	5.200000e+00	3.000000e+00	-9.000001e-05	0.000000e+00	-5.210000e-12	9.000001e-05	0.000000e+00	-9.000001e-05
5.300000000000001e+00	5.300000e+00	3.000000e+00	-9.000001e-05	0.000000e+00	-5.310000e-12	9.000001e-05	0.000000e+00	-9.000001e-05
5.400000000000000e+00	5.400000e+00	3.000000e+00	-9.000001e-05	0.000000e+00	-5.410000e-12	9.000001e-05	0.000000e+00	-9.000001e-05
5.500000000000000e+00	5.500000e+00	3.000000e+00	-9.000001e-05	0.000000e+00	-5.510000e-12	9.000001e-05	0.000000e+00	-9.000001e-05
5.600000000000001e+00	5.600000e+00	3.000000e+00	-9.000001e-05	0.000000e+00	-5.610000e-12	9.000001e-05	0.000000e+00	-9.000001e-05
5.700000000000000e+00	5.700000e+00	3.000000e+00	-9.000001e-05	0.000000e+00	-5.710000e-12	9.000001e-05	0.000000e+00	-9.000001e-05
5.800000000000001e+00	5.800000e+00	3.000000e+00	-9.000001e-05	0.000000e+00	-5.810000e-12	9.000001e-05	0.000000e+00	-9.000001e-05
5.900000000000000e+00	5.900000e+00	3.000000e+00	-9.000001e-05	0.000000e+00	-5.910000e-12	9.000001e-05	0.000000e+00	-9.000001e-05
6.000000000000000e+00	6.000000e+00	3.000000e+00	-9.000001e-05	0.000000e+00	-6.010000e-12	9.000001e-05	0.000000e+00	-9.000001e-05
Step Information: Vin=3.1  (Step: 32/51)
0.000000000000000e+00	0.000000e+00	3.100000e+00	0.000000e+00	0.000000e+00	0.000000e+00	0.000000e+00	0.000000e+00	-0.000000e+00
1.000000000000000e-01	1.000000e-01	3.100000e+00	-6.100000e-06	0.000000e+00	-1.097906e-13	6.100000e-06	0.000000e+00	-6.100000e-06
2.000000000000000e-01	2.000000e-01	3.100000e+00	-1.200000e-05	0.000000e+00	-2.099956e-13	1.200000e-05	0.000000e+00	-1.200000e-05
3.000000000000000e-01	3.000000e-01	3.100000e+00	-1.770000e-05	0.000000e+00	-3.099999e-13	1.770000e-05	0.000000e+00	-1.770000e-05
4.000000000000000e-01	4.000000e-01	3.100000e+00	-2.320000e-05	0.000000e+00	-4.100000e-13	2.320000e-05	0.000000e+00	-2.320000e-05
5.000000000000000e-01	5.000000e-01	3.100000e+00	-2.850000e-05	0.000000e+00	-5.100000e-13	2.850000e-05	0.000000e+00	-2.850000e-05
6.000000000000001e-01	6.000000e-01	3.100000e+00	-3.360000e-05	0.000000e+00	-6.100000e-13	3.360000e-05	0.000000e+00	-3.360000e-05
7.000000000000001e-01	7.000000e-01	3.100000e+00	-3.850000e-05	0.000000e+00	-7.100000e-13	3.850000e-05	0.000000e+00	-3.850000e-05
8.000000000000000e-01	8.000000e-01	3.100000e+00	-4.320000e-05	0.000000e+00	-8.100000e-13	4.320000e-05	0.000000e+00	-4.320000e-05
9.000000000000000e-01	9.000000e-01	3.100000e+00	-4.770000e-05	0.000000e+00	-9.100000e-13	4.770000e-05	0.000000e+00	-4.770000e-05
1.000000000000000e+00	1.000000e+00	3.100000e+00	-5.200000e-05	0.000000e+00	-1.010000e-12	5.200000e-05	0.000000e+00	-5.200000e-05
1.100000000000000e+00	1.100000e+00	3.100000e+00	-5.610000e-05	0.000000e+00	-1.110000e-12	5.610000e-05	0.000000e+00	-5.610000e-05
1.200000000000000e+00	1.200000e+00	3.100000e+00	-6.000000e-05	0.000000e+00	-1.210000e-12	6.000000e-05	0.000000e+00	-6.000000e-05
1.300000000000000e+00	1.300000e+00	3.100000e+00	-6.370000e-05	0.000000e+00	-1.310000e-12	6.370000e-05	0.000000e+00	-6.370000e-05
1.400000000000000e+00	1.400000e+00	3.100000e+00	-6.720000e-05	0.000000e+00	-1.410000e-12	6.720000e-05	0.000000e+00	-6.720000e-05
1.500000000000000e+00	1.500000e+00	3.100000e+00	-7.050001e-05	0.000000e+00	-1.510000e-12	7.050001e-05	0.000000e+00	-7.050000e-05
1.600000000000000e+00	1.600000e+00	3.100000e+00	-7.360000e-05	0.000000e+00	-1.610000e-12	7.360000e-05	0.000000e+00	-7.360000e-05
1.700000000000000e+00	1.700000e+00	3.100000e+00	-7.650000e-05	0.000000e+00	-1.710000e-12	7.650000e-05	0.000000e+00	-7.650000e-05
1.800000000000000e+00	1.800000e+00	3.100000e+00	-7.920001e-05	0.000000e+00	-1.810000e-12	7.920001e-05	0.000000e+00	-7.920000e-05
1.900000000000000e+00	1.900000e+00	3.100000e+00	-8.170000e-05	0.000000e+00	-1.910000e-12	8.170000e-05	0.000000e+00	-8.170000e-05
2.000000000000000e+00	2.000000e+00	3.100000e+00	-8.400001e-05	0.000000e+00	-2.010000e-12	8.400001e-05	0.000000e+00	-8.400000e-05
2.100000000000000e+00	2.100000e+00	3.100000e+00	-8.610000e-05	0.000000e+00	-2.110000e-12	8.610000e-05	0.000000e+00	-8.610000e-05
2.200000000000000e+00	2.200000e+00	3.100000e+00	-8.800001e-05	0.000000e+00	-2.210000e-12	8.800001e-05	0.000000e+00	-8.800000e-05
2.300000000000000e+00	2.300000e+00	3.100000e+00	-8.970001e-05	0.000000e+00	-2.310000e-12	8.970001e-05	0.000000e+00	-8.970000e-05
2.400000000000000e+00	2.400000e+00	3.100000e+00	-9.120000e-05	0.000000e+00	-2.410000e-12	9.120000e-05	0.000000e+00	-9.120000e-05
2.500000000000000e+00	2.500000e+00	3.100000e+00	-9.250001e-05	0.000000e+00	-2.510000e-12	9.250001e-05	0.000000e+00	-9.250001e-05
2.600000000000000e+00	2.600000e+00	3.100000e+00	-9.360001e-05	0.000000e+00	-2.610000e-12	9.360001e-05	0.000000e+00	-9.360000e-05
2.700000000000000e+00	2.700000e+00	3.100000e+00	-9.450001e-05	0.000000e+00	-2.710000e-12	9.450001e-05	0.000000e+00	-9.450000e-05
2.800000000000000e+00	2.800000e+00	3.100000e+00	-9.520000e-05	0.000000e+00	-2.810000e-12	9.520000e-05	0.000000e+00	-9.520000e-05
2.900000000000000e+00	2.900000e+00	3.100000e+00	-9.570001e-05	0.000000e+00	-2.910000e-12	9.570001e-05	0.000000e+00	-9.570000e-05
3.000000000000000e+00	3.000000e+00	3.100000e+00	-9.600000e-05	0.000000e+00	-3.010000e-12	9.600000e-05	0.000000e+00	-9.600000e-05
3.100000000000000e+00	3.100000e+00	3.100000e+00	-9.610000e-05	0.000000e+00	-3.110000e-12	9.610000e-05	0.000000e+00	-9.610000e-05
3.200000000000000e+00	3.200000e+00	3.100000e+00	-9.610000e-05	0.000000e+00	-3.210000e-12	9.610000e-05	0.000000e+00	-9.610000e-05
3.300000000000000e+00	3.300000e+00	3.100000e+00	-9.610000e-05	0.000000e+00	-3.310000e-12	9.610000e-05	0.000000e+00	-9.610000e-05
3.400000000000000e+00	3.400000e+00	3.100000e+00	-9.610000e-05	0.000000e+00	-3.410000e-12	9.610000e-05	0.000000e+00	-9.610000e-05
3.500000000000000e+00	3.500000e+00	3.100000e+00	-9.610000e-05	0.000000e+00	-3.510000e-12	9.610000e-05	0.000000e+00	-9.610000e-05
3.600000000000000e+00	3.600000e+00	3.100000e+00	-9.610000e-05	0.000000e+00	-3.610000e-12	9.610000e-05	0.000000e+00	-9.610000e-05
3.700000000000000e+00	3.700000e+00	3.100000e+00	-9.610000e-05	0.000000e+00	-3.710000e-12	9.610000e-05	0.000000e+00	-9.610000e-05
3.800000000000000e+00	3.800000e+00	3.100000e+00	-9.610000e-05	0.000000e+00	-3.810000e-12	9.610000e-05	0.000000e+00	-9.610000e-05
3.900000000000000e+00	3.900000e+00	3.100000e+00	-9.610001e-05	0.000000e+00	-3.910000e-12	9.610001e-05	0.000000e+00	-9.610000e-05
4.000000000000000e+00	4.000000e+00	3.100000e+00	-9.610001e-05	0.000000e+00	-4.010000e-12	9.610001e-05	0.000000e+00	-9.610000e-05
4.100000000000001e+00	4.100000e+00	3.100000e+00	-9.610001e-05	0.000000e+00	-4.110000e-12	9.610001e-05	0.000000e+00	-9.610000e-05
4.200000000000000e+00	4.200000e+00	3.100000e+00	-9.610001e-05	0.000000e+00	-4.210000e-12	9.610001e-05	0.000000e+00	-9.610000e-05
4.300000000000000e+00	4.300000e+00	3.100000e+00	-9.610001e-05	0.000000e+00	-4.310000e-12	9.610001e-05	0.000000e+00	-9.610000e-05
4.400000000000000e+00	4.400000e+00	3.100000e+00	-9.610001e-05	0.000000e+00	-4.410000e-12	9.610001e-05	0.000000e+00	-9.610000e-05
4.500000000000000e+00	4.500000e+00	3.100000e+00	-9.610001e-05	0.000000e+00	-4.510000e-12	9.610001e-05	0.000000e+00	-9.610000e-05
4.600000000000001e+00	4.600000e+00	3.100000e+00	-9.610001e-05	0.000000e+00	-4.610000e-12	9.610001e-05	0.000000e+00	-9.610000e-05
4.700000000000000e+00	4.700000e+00	3.100000e+00	-9.610001e-05	0.000000e+00	-4.710000e-12	9.610001e-05	0.000000e+00	-9.610000e-05
4.800000000000001e+00	4.800000e+00	3.100000e+00	-9.610001e-05	0.000000e+00	-4.810000e-12	9.610001e-05	0.000000e+00	-9.610000e-05
4.900000000000000e+00	4.900000e+00	3.100000e+00	-9.610001e-05	0.000000e+00	-4.910000e-12	9.610001e-05	0.000000e+00	-9.610000e-05
5.000000000000000e+00	5.000000e+00	3.100000e+00	-9.610001e-05	0.000000e+00	-5.010000e-12	9.610001e-05	0.000000e+00	-9.610000e-05
5.100000000000001e+00	5.100000e+00	3.100000e+00	-9.610001e-05	0.000000e+00	-5.110000e-12	9.610001e-05	0.000000e+00	-9.610000e-05
5.200000000000000e+00	5.200000e+00	3.100000e+00	-9.610001e-05	0.000000e+00	-5.210000e-12	9.610001e-05	0.000000e+00	-9.610000e-05
5.300000000000001e+00	5.300000e+00	3.100000e+00	-9.610001e-05	0.000000e+00	-5.310000e-12	9.610001e-05	0.000000e+00	-9.610000e-05
5.400000000000000e+00	5.400000e+00	3.100000e+00	-9.610001e-05	0.000000e+00	-5.410000e-12	9.610001e-05	0.000000e+00	-9.610000e-05
5.500000000000000e+00	5.500000e+00	3.100000e+00	-9.610001e-05	0.000000e+00	-5.510000e-12	9.610001e-05	0.000000e+00	-9.610000e-05
5.600000000000001e+00	5.600000e+00	3.100000e+00	-9.610001e-05	0.000000e+00	-5.610000e-12	9.610001e-05	0.000000e+00	-9.610000e-05
5.700000000000000e+00	5.700000e+00	3.100000e+00	-9.610001e-05	0.000000e+00	-5.710000e-12	9.610001e-05	0.000000e+00	-9.610000e-05
5.800000000000001e+00	5.800000e+00	3.100000e+00	-9.610001e-05	0.000000e+00	-5.810000e-12	9.610001e-05	0.000000e+00	-9.610000e-05
5.900000000000000e+00	5.900000e+00	3.100000e+00	-9.610001e-05	0.000000e+00	-5.910000e-12	9.610001e-05	0.000000e+00	-9.610000e-05
6.000000000000000e+00	6.000000e+00	3.100000e+00	-9.610001e-05	0.000000e+00	-6.010000e-12	9.610001e-05	0.000000e+00	-9.610000e-05
Step Information: Vin=3.2  (Step: 33/51)
0.000000000000000e+00	0.000000e+00	3.200000e+00	0.000000e+00	0.000000e+00	0.000000e+00	0.000000e+00	0.000000e+00	-0.000000e+00
1.000000000000000e-01	1.000000e-01	3.200000e+00	-6.300000e-06	0.000000e+00	-1.097906e-13	6.300000e-06	0.000000e+00	-6.300000e-06
2.000000000000000e-01	2.000000e-01	3.200000e+00	-1.240000e-05	0.000000e+00	-2.099956e-13	1.240000e-05	0.000000e+00	-1.240000e-05
3.000000000000000e-01	3.000000e-01	3.200000e+00	-1.830000e-05	0.000000e+00	-3.099999e-13	1.830000e-05	0.000000e+00	-1.830000e-05
4.000000000000000e-01	4.000000e-01	3.200000e+00	-2.400000e-05	0.000000e+00	-4.100000e-13	2.400000e-05	0.000000e+00	-2.400000e-05
5.000000000000000e-01	5.000000e-01	3.200000e+00	-2.950000e-05	0.000000e+00	-5.100000e-13	2.950000e-05	0.000000e+00	-2.950000e-05
6.000000000000001e-01	6.000000e-01	3.200000e+00	-3.480000e-05	0.000000e+00	-6.100000e-13	3.480000e-05	0.000000e+00	-3.480000e-05
7.000000000000001e-01	7.000000e-01	3.200000e+00	-3.990000e-05	0.000000e+00	-7.100000e-13	3.990000e-05	0.000000e+00	-3.990000e-05
8.000000000000000e-01	8.000000e-01	3.200000e+00	-4.480000e-05	0.000000e+00	-8.100000e-13	4.480000e-05	0.000000e+00	-4.480000e-05
9.000000000000000e-01	9.000000e-01	3.200000e+00	-4.950000e-05	0.000000e+00	-9.100000e-13	4.950000e-05	0.000000e+00	-4.950000e-05
1.000000000000000e+00	1.000000e+00	3.200000e+00	-5.400000e-05	0.000000e+00	-1.010000e-12	5.400000e-05	0.000000e+00	-5.400000e-05
1.100000000000000e+00	1.100000e+00	3.200000e+00	-5.830000e-05	0.000000e+00	-1.110000e-12	5.830000e-05	0.000000e+00	-5.830000e-05
1.200000000000000e+00	1.200000e+00	3.200000e+00	-6.240000e-05	0.000000e+00	-1.210000e-12	6.240000e-05	0.000000e+00	-6.240000e-05
1.300000000000000e+00	1.300000e+00	3.200000e+00	-6.630000e-05	0.000000e+00	-1.310000e-12	6.630000e-05	0.000000e+00	-6.630000e-05
1.400000000000000e+00	1.400000e+00	3.200000e+00	-7.000000e-05	0.000000e+00	-1.410000e-12	7.000000e-05	0.000000e+00	-7.000000e-05
1.500000000000000e+00	1.500000e+00	3.200000e+00	-7.350000e-05	0.000000e+00	-1.510000e-12	7.350000e-05	0.000000e+00	-7.350000e-05
1.600000000000000e+00	1.600000e+00	3.200000e+00	-7.680000e-05	0.000000e+00	-1.610000e-12	7.680000e-05	0.000000e+00	-7.680000e-05
1.700000000000000e+00	1.700000e+00	3.200000e+00	-7.990000e-05	0.000000e+00	-1.710000e-12	7.990000e-05	0.000000e+00	-7.990000e-05
1.800000000000000e+00	1.800000e+00	3.200000e+00	-8.280000e-05	0.000000e+00	-1.810000e-12	8.280000e-05	0.000000e+00	-8.280000e-05
1.900000000000000e+00	1.900000e+00	3.200000e+00	-8.550000e-05	0.000000e+00	-1.910000e-12	8.550000e-05	0.000000e+00	-8.550000e-05
2.000000000000000e+00	2.000000e+00	3.200000e+00	-8.800000e-05	0.000000e+00	-2.010000e-12	8.800000e-05	0.000000e+00	-8.800000e-05
2.100000000000000e+00	2.100000e+00	3.200000e+00	-9.030000e-05	0.000000e+00	-2.110000e-12	9.030000e-05	0.000000e+00	-9.030000e-05
2.200000000000000e+00	2.200000e+00	3.200000e+00	-9.240001e-05	0.000000e+00	-2.210000e-12	9.240001e-05	0.000000e+00	-9.240001e-05
2.300000000000000e+00	2.300000e+00	3.200000e+00	-9.430001e-05	0.000000e+00	-2.310000e-12	9.430001e-05	0.000000e+00	-9.430001e-05
2.400000000000000e+00	2.400000e+00	3.200000e+00	-9.600000e-05	0.000000e+00	-2.410000e-12	9.600000e-05	0.000000e+00	-9.600000e-05
2.500000000000000e+00	2.500000e+00	3.200000e+00	-9.750001e-05	0.000000e+00	-2.510000e-12	9.750001e-05	0.000000e+00	-9.750000e-05
2.600000000000000e+00	2.600000e+00	3.200000e+00	-9.880000e-05	0.000000e+00	-2.610000e-12	9.880000e-05	0.000000e+00	-9.880000e-05
2.700000000000000e+00	2.700000e+00	3.200000e+00	-9.990000e-05	0.000000e+00	-2.710000e-12	9.990000e-05	0.000000e+00	-9.990000e-05
2.800000000000000e+00	2.800000e+00	3.200000e+00	-1.008000e-04	0.000000e+00	-2.810000e-12	1.008000e-04	0.000000e+00	-1.008000e-04
2.900000000000000e+00	2.900000e+00	3.200000e+00	-1.015000e-04	0.000000e+00	-2.910000e-12	1.015000e-04	0.000000e+00	-1.015000e-04
3.000000000000000e+00	3.000000e+00	3.200000e+00	-1.020000e-04	0.000000e+00	-3.010000e-12	1.020000e-04	0.000000e+00	-1.020000e-04
3.100000000000000e+00	3.100000e+00	3.200000e+00	-1.023000e-04	0.000000e+00	-3.110000e-12	1.023000e-04	0.000000e+00	-1.023000e-04
3.200000000000000e+00	3.200000e+00	3.200000e+00	-1.024000e-04	0.000000e+00	-3.210000e-12	1.024000e-04	0.000000e+00	-1.024000e-04
3.300000000000000e+00	3.300000e+00	3.200000e+00	-1.024000e-04	0.000000e+00	-3.310000e-12	1.024000e-04	0.000000e+00	-1.024000e-04
3.400000000000000e+00	3.400000e+00	3.200000e+00	-1.024000e-04	0.000000e+00	-3.410000e-12	1.024000e-04	0.000000e+00	-1.024000e-04
3.500000000000000e+00	3.500000e+00	3.200000e+00	-1.024000e-04	0.000000e+00	-3.510000e-12	1.024000e-04	0.000000e+00	-1.024000e-04
3.600000000000000e+00	3.600000e+00	3.200000e+00	-1.024000e-04	0.000000e+00	-3.610000e-12	1.024000e-04	0.000000e+00	-1.024000e-04
3.700000000000000e+00	3.700000e+00	3.200000e+00	-1.024000e-04	0.000000e+00	-3.710000e-12	1.024000e-04	0.000000e+00	-1.024000e-04
3.800000000000000e+00	3.800000e+00	3.200000e+00	-1.024000e-04	0.000000e+00	-3.810000e-12	1.024000e-04	0.000000e+00	-1.024000e-04
3.900000000000000e+00	3.900000e+00	3.200000e+00	-1.024000e-04	0.000000e+00	-3.910000e-12	1.024000e-04	0.000000e+00	-1.024000e-04
4.000000000000000e+00	4.000000e+00	3.200000e+00	-1.024000e-04	0.000000e+00	-4.010000e-12	1.024000e-04	0.000000e+00	-1.024000e-04
4.100000000000001e+00	4.100000e+00	3.200000e+00	-1.024000e-04	0.000000e+00	-4.110000e-12	1.024000e-04	0.000000e+00	-1.024000e-04
4.200000000000000e+00	4.200000e+00	3.200000e+00	-1.024000e-04	0.000000e+00	-4.210000e-12	1.024000e-04	0.000000e+00	-1.024000e-04
4.300000000000000e+00	4.300000e+00	3.200000e+00	-1.024000e-04	0.000000e+00	-4.310000e-12	1.024000e-04	0.000000e+00	-1.024000e-04
4.400000000000000e+00	4.400000e+00	3.200000e+00	-1.024000e-04	0.000000e+00	-4.410000e-12	1.024000e-04	0.000000e+00	-1.024000e-04
4.500000000000000e+00	4.500000e+00	3.200000e+00	-1.024000e-04	0.000000e+00	-4.510000e-12	1.024000e-04	0.000000e+00	-1.024000e-04
4.600000000000001e+00	4.600000e+00	3.200000e+00	-1.024000e-04	0.000000e+00	-4.610000e-12	1.024000e-04	0.000000e+00	-1.024000e-04
4.700000000000000e+00	4.700000e+00	3.200000e+00	-1.024000e-04	0.000000e+00	-4.710000e-12	1.024000e-04	0.000000e+00	-1.024000e-04
4.800000000000001e+00	4.800000e+00	3.200000e+00	-1.024000e-04	0.000000e+00	-4.810000e-12	1.024000e-04	0.000000e+00	-1.024000e-04
4.900000000000000e+00	4.900000e+00	3.200000e+00	-1.024000e-04	0.000000e+00	-4.910000e-12	1.024000e-04	0.000000e+00	-1.024000e-04
5.000000000000000e+00	5.000000e+00	3.200000e+00	-1.024000e-04	0.000000e+00	-5.010000e-12	1.024000e-04	0.000000e+00	-1.024000e-04
5.100000000000001e+00	5.100000e+00	3.200000e+00	-1.024000e-04	0.000000e+00	-5.110000e-12	1.024000e-04	0.000000e+00	-1.024000e-04
5.200000000000000e+00	5.200000e+00	3.200000e+00	-1.024000e-04	0.000000e+00	-5.210000e-12	1.024000e-04	0.000000e+00	-1.024000e-04
5.300000000000001e+00	5.300000e+00	3.200000e+00	-1.024000e-04	0.000000e+00	-5.310000e-12	1.024000e-04	0.000000e+00	-1.024000e-04
5.400000000000000e+00	5.400000e+00	3.200000e+00	-1.024000e-04	0.000000e+00	-5.410000e-12	1.024000e-04	0.000000e+00	-1.024000e-04
5.500000000000000e+00	5.500000e+00	3.200000e+00	-1.024000e-04	0.000000e+00	-5.510000e-12	1.024000e-04	0.000000e+00	-1.024000e-04
5.600000000000001e+00	5.600000e+00	3.200000e+00	-1.024000e-04	0.000000e+00	-5.610000e-12	1.024000e-04	0.000000e+00	-1.024000e-04
5.700000000000000e+00	5.700000e+00	3.200000e+00	-1.024000e-04	0.000000e+00	-5.710000e-12	1.024000e-04	0.000000e+00	-1.024000e-04
5.800000000000001e+00	5.800000e+00	3.200000e+00	-1.024000e-04	0.000000e+00	-5.810000e-12	1.024000e-04	0.000000e+00	-1.024000e-04
5.900000000000000e+00	5.900000e+00	3.200000e+00	-1.024000e-04	0.000000e+00	-5.910000e-12	1.024000e-04	0.000000e+00	-1.024000e-04
6.000000000000000e+00	6.000000e+00	3.200000e+00	-1.024000e-04	0.000000e+00	-6.010000e-12	1.024000e-04	0.000000e+00	-1.024000e-04
Step Information: Vin=3.3  (Step: 34/51)
0.000000000000000e+00	0.000000e+00	3.300000e+00	0.000000e+00	0.000000e+00	0.000000e+00	0.000000e+00	0.000000e+00	-0.000000e+00
1.000000000000000e-01	1.000000e-01	3.300000e+00	-6.500000e-06	0.000000e+00	-1.097906e-13	6.500000e-06	0.000000e+00	-6.500000e-06
2.000000000000000e-01	2.000000e-01	3.300000e+00	-1.280000e-05	0.000000e+00	-2.099956e-13	1.280000e-05	0.000000e+00	-1.280000e-05
3.000000000000000e-01	3.000000e-01	3.300000e+00	-1.890000e-05	0.000000e+00	-3.099999e-13	1.890000e-05	0.000000e+00	-1.890000e-05
4.000000000000000e-01	4.000000e-01	3.300000e+00	-2.480000e-05	0.000000e+00	-4.100000e-13	2.480000e-05	0.000000e+00	-2.480000e-05
5.000000000000000e-01	5.000000e-01	3.300000e+00	-3.050000e-05	0.000000e+00	-5.100000e-13	3.050000e-05	0.000000e+00	-3.050000e-05
6.000000000000001e-01	6.000000e-01	3.300000e+00	-3.600000e-05	0.000000e+00	-6.100000e-13	3.600000e-05	0.000000e+00	-3.600000e-05
7.000000000000001e-01	7.000000e-01	3.300000e+00	-4.130000e-05	0.000000e+00	-7.100000e-13	4.130000e-05	0.000000e+00	-4.130000e-05
8.000000000000000e-01	8.000000e-01	3.300000e+00	-4.640000e-05	0.000000e+00	-8.100000e-13	4.640000e-05	0.000000e+00	-4.640000e-05
9.000000000000000e-01	9.000000e-01	3.300000e+00	-5.130000e-05	0.000000e+00	-9.100000e-13	5.130000e-05	0.000000e+00	-5.130000e-05
1.000000000000000e+00	1.000000e+00	3.300000e+00	-5.600000e-05	0.000000e+00	-1.010000e-12	5.600000e-05	0.000000e+00	-5.600000e-05
1.100000000000000e+00	1.100000e+00	3.300000e+00	-6.050000e-05	0.000000e+00	-1.110000e-12	6.050000e-05	0.000000e+00	-6.050000e-05
1.200000000000000e+00	1.200000e+00	3.300000e+00	-6.480001e-05	0.000000e+00	-1.210000e-12	6.480001e-05	0.000000e+00	-6.480000e-05
1.300000000000000e+00	1.300000e+00	3.300000e+00	-6.890000e-05	0.000000e+00	-1.310000e-12	6.890000e-05	0.000000e+00	-6.890000e-05
1.400000000000000e+00	1.400000e+00	3.300000e+00	-7.280000e-05	0.000000e+00	-1.410000e-12	7.280000e-05	0.000000e+00	-7.280000e-05
1.500000000000000e+00	1.500000e+00	3.300000e+00	-7.650000e-05	0.000000e+00	-1.510000e-12	7.650000e-05	0.000000e+00	-7.650000e-05
1.600000000000000e+00	1.600000e+00	3.300000e+00	-8.000001e-05	0.000000e+00	-1.610000e-12	8.000001e-05	0.000000e+00	-8.000000e-05
1.700000000000000e+00	1.700000e+00	3.300000e+00	-8.330000e-05	0.000000e+00	-1.710000e-12	8.330000e-05	0.000000e+00	-8.330000e-05
1.800000000000000e+00	1.800000e+00	3.300000e+00	-8.640000e-05	0.000000e+00	-1.810000e-12	8.640000e-05	0.000000e+00	-8.640000e-05
1.900000000000000e+00	1.900000e+00	3.300000e+00	-8.930000e-05	0.000000e+00	-1.910000e-12	8.930000e-05	0.000000e+00	-8.930000e-05
2.000000000000000e+00	2.000000e+00	3.300000e+00	-9.200000e-05	0.000000e+00	-2.010000e-12	9.200000e-05	0.000000e+00	-9.200000e-05
2.100000000000000e+00	2.100000e+00	3.300000e+00	-9.450001e-05	0.000000e+00	-2.110000e-12	9.450001e-05	0.000000e+00	-9.450000e-05
2.200000000000000e+00	2.200000e+00	3.300000e+00	-9.680000e-05	0.000000e+00	-2.210000e-12	9.680000e-05	0.000000e+00	-9.680000e-05
2.300000000000000e+00	2.300000e+00	3.300000e+00	-9.890000e-05	0.000000e+00	-2.310000e-12	9.890000e-05	0.000000e+00	-9.890000e-05
2.400000000000000e+00	2.400000e+00	3.300000e+00	-1.008000e-04	0.000000e+00	-2.410000e-12	1.008000e-04	0.000000e+00	-1.008000e-04
2.500000000000000e+00	2.500000e+00	3.300000e+00	-1.025000e-04	0.000000e+00	-2.510000e-12	1.025000e-04	0.000000e+00	-1.025000e-04
2.600000000000000e+00	2.600000e+00	3.300000e+00	-1.040000e-04	0.000000e+00	-2.610000e-12	1.040000e-04	0.000000e+00	-1.040000e-04
2.700000000000000e+00	2.700000e+00	3.300000e+00	-1.053000e-04	0.000000e+00	-2.710000e-12	1.053000e-04	0.000000e+00	-1.053000e-04
2.800000000000000e+00	2.800000e+00	3.300000e+00	-1.064000e-04	0.000000e+00	-2.810000e-12	1.064000e-04	0.000000e+00	-1.064000e-04
2.900000000000000e+00	2.900000e+00	3.300000e+00	-1.073000e-04	0.000000e+00	-2.910000e-12	1.073000e-04	0.000000e+00	-1.073000e-04
3.000000000000000e+00	3.000000e+00	3.300000e+00	-1.080000e-04	0.000000e+00	-3.010000e-12	1.080000e-04	0.000000e+00	-1.080000e-04
3.100000000000000e+00	3.100000e+00	3.300000e+00	-1.085000e-04	0.000000e+00	-3.110000e-12	1.085000e-04	0.000000e+00	-1.085000e-04
3.200000000000000e+00	3.200000e+00	3.300000e+00	-1.088000e-04	0.000000e+00	-3.210000e-12	1.088000e-04	0.000000e+00	-1.088000e-04
3.300000000000000e+00	3.300000e+00	3.300000e+00	-1.089000e-04	0.000000e+00	-3.310000e-12	1.089000e-04	0.000000e+00	-1.089000e-04
3.400000000000000e+00	3.400000e+00	3.300000e+00	-1.089000e-04	0.000000e+00	-3.410000e-12	1.089000e-04	0.000000e+00	-1.089000e-04
3.500000000000000e+00	3.500000e+00	3.300000e+00	-1.089000e-04	0.000000e+00	-3.510000e-12	1.089000e-04	0.000000e+00	-1.089000e-04
3.600000000000000e+00	3.600000e+00	3.300000e+00	-1.089000e-04	0.000000e+00	-3.610000e-12	1.089000e-04	0.000000e+00	-1.089000e-04
3.700000000000000e+00	3.700000e+00	3.300000e+00	-1.089000e-04	0.000000e+00	-3.710000e-12	1.089000e-04	0.000000e+00	-1.089000e-04
3.800000000000000e+00	3.800000e+00	3.300000e+00	-1.089000e-04	0.000000e+00	-3.810000e-12	1.089000e-04	0.000000e+00	-1.089000e-04
3.900000000000000e+00	3.900000e+00	3.300000e+00	-1.089000e-04	0.000000e+00	-3.910000e-12	1.089000e-04	0.000000e+00	-1.089000e-04
4.000000000000000e+00	4.000000e+00	3.300000e+00	-1.089000e-04	0.000000e+00	-4.010000e-12	1.089000e-04	0.000000e+00	-1.089000e-04
4.100000000000001e+00	4.100000e+00	3.300000e+00	-1.089000e-04	0.000000e+00	-4.110000e-12	1.089000e-04	0.000000e+00	-1.089000e-04
4.200000000000000e+00	4.200000e+00	3.300000e+00	-1.089000e-04	0.000000e+00	-4.210000e-12	1.089000e-04	0.000000e+00	-1.089000e-04
4.300000000000000e+00	4.300000e+00	3.300000e+00	-1.089000e-04	0.000000e+00	-4.310000e-12	1.089000e-04	0.000000e+00	-1.089000e-04
4.400000000000000e+00	4.400000e+00	3.300000e+00	-1.089000e-04	0.000000e+00	-4.410000e-12	1.089000e-04	0.000000e+00	-1.089000e-04
4.500000000000000e+00	4.500000e+00	3.300000e+00	-1.089000e-04	0.000000e+00	-4.510000e-12	1.089000e-04	0.000000e+00	-1.089000e-04
4.600000000000001e+00	4.600000e+00	3.300000e+00	-1.089000e-04	0.000000e+00	-4.610000e-12	1.089000e-04	0.000000e+00	-1.089000e-04
4.700000000000000e+00	4.700000e+00	3.300000e+00	-1.089000e-04	0.000000e+00	-4.710000e-12	1.089000e-04	0.000000e+00	-1.089000e-04
4.800000000000001e+00	4.800000e+00	3.300000e+00	-1.089000e-04	0.000000e+00	-4.810000e-12	1.089000e-04	0.000000e+00	-1.089000e-04
4.900000000000000e+00	4.900000e+00	3.300000e+00	-1.089000e-04	0.000000e+00	-4.910000e-12	1.089000e-04	0.000000e+00	-1.089000e-04
5.000000000000000e+00	5.000000e+00	3.300000e+00	-1.089000e-04	0.000000e+00	-5.010000e-12	1.089000e-04	0.000000e+00	-1.089000e-04
5.100000000000001e+00	5.100000e+00	3.300000e+00	-1.089000e-04	0.000000e+00	-5.110000e-12	1.089000e-04	0.000000e+00	-1.089000e-04
5.200000000000000e+00	5.200000e+00	3.300000e+00	-1.089000e-04	0.000000e+00	-5.210000e-12	1.089000e-04	0.000000e+00	-1.089000e-04
5.300000000000001e+00	5.300000e+00	3.300000e+00	-1.089000e-04	0.000000e+00	-5.310000e-12	1.089000e-04	0.000000e+00	-1.089000e-04
5.400000000000000e+00	5.400000e+00	3.300000e+00	-1.089000e-04	0.000000e+00	-5.410000e-12	1.089000e-04	0.000000e+00	-1.089000e-04
5.500000000000000e+00	5.500000e+00	3.300000e+00	-1.089000e-04	0.000000e+00	-5.510000e-12	1.089000e-04	0.000000e+00	-1.089000e-04
5.600000000000001e+00	5.600000e+00	3.300000e+00	-1.089000e-04	0.000000e+00	-5.610000e-12	1.089000e-04	0.000000e+00	-1.089000e-04
5.700000000000000e+00	5.700000e+00	3.300000e+00	-1.089000e-04	0.000000e+00	-5.710000e-12	1.089000e-04	0.000000e+00	-1.089000e-04
5.800000000000001e+00	5.800000e+00	3.300000e+00	-1.089000e-04	0.000000e+00	-5.810000e-12	1.089000e-04	0.000000e+00	-1.089000e-04
5.900000000000000e+00	5.900000e+00	3.300000e+00	-1.089000e-04	0.000000e+00	-5.910000e-12	1.089000e-04	0.000000e+00	-1.089000e-04
6.000000000000000e+00	6.000000e+00	3.300000e+00	-1.089000e-04	0.000000e+00	-6.010000e-12	1.089000e-04	0.000000e+00	-1.089000e-04
Step Information: Vin=3.4  (Step: 35/51)
0.000000000000000e+00	0.000000e+00	3.400000e+00	0.000000e+00	0.000000e+00	0.000000e+00	0.000000e+00	0.000000e+00	-0.000000e+00
1.000000000000000e-01	1.000000e-01	3.400000e+00	-6.700000e-06	0.000000e+00	-1.097906e-13	6.700000e-06	0.000000e+00	-6.700000e-06
2.000000000000000e-01	2.000000e-01	3.400000e+00	-1.320000e-05	0.000000e+00	-2.099956e-13	1.320000e-05	0.000000e+00	-1.320000e-05
3.000000000000000e-01	3.000000e-01	3.400000e+00	-1.950000e-05	0.000000e+00	-3.099999e-13	1.950000e-05	0.000000e+00	-1.950000e-05
4.000000000000000e-01	4.000000e-01	3.400000e+00	-2.560000e-05	0.000000e+00	-4.100000e-13	2.560000e-05	0.000000e+00	-2.560000e-05
5.000000000000000e-01	5.000000e-01	3.400000e+00	-3.150000e-05	0.000000e+00	-5.100000e-13	3.150000e-05	0.000000e+00	-3.150000e-05
6.000000000000001e-01	6.000000e-01	3.400000e+00	-3.720000e-05	0.000000e+00	-6.100000e-13	3.720000e-05	0.000000e+00	-3.720000e-05
7.000000000000001e-01	7.000000e-01	3.400000e+00	-4.270000e-05	0.000000e+00	-7.100000e-13	4.270000e-05	0.000000e+00	-4.270000e-05
8.000000000000000e-01	8.000000e-01	3.400000e+00	-4.800000e-05	0.000000e+00	-8.100000e-13	4.800000e-05	0.000000e+00	-4.800000e-05
9.000000000000000e-01	9.000000e-01	3.400000e+00	-5.310000e-05	0.000000e+00	-9.100000e-13	5.310000e-05	0.000000e+00	-5.310000e-05
1.000000000000000e+00	1.000000e+00	3.400000e+00	-5.800000e-05	0.000000e+00	-1.010000e-12	5.800000e-05	0.000000e+00	-5.800000e-05
1.100000000000000e+00	1.100000e+00	3.400000e+00	-6.270000e-05	0.000000e+00	-1.110000e-12	6.270000e-05	0.000000e+00	-6.270000e-05
1.200000000000000e+00	1.200000e+00	3.400000e+00	-6.720000e-05	0.000000e+00	-1.210000e-12	6.720000e-05	0.000000e+00	-6.720000e-05
1.300000000000000e+00	1.300000e+00	3.400000e+00	-7.150001e-05	0.000000e+00	-1.310000e-12	7.150001e-05	0.000000e+00	-7.150000e-05
1.400000000000000e+00	1.400000e+00	3.400000e+00	-7.560000e-05	0.000000e+00	-1.410000e-12	7.560000e-05	0.000000e+00	-7.560000e-05
1.500000000000000e+00	1.500000e+00	3.400000e+00	-7.950000e-05	0.000000e+00	-1.510000e-12	7.950000e-05	0.000000e+00	-7.950000e-05
1.600000000000000e+00	1.600000e+00	3.400000e+00	-8.320000e-05	0.000000e+00	-1.610000e-12	8.320000e-05	0.000000e+00	-8.320000e-05
1.700000000000000e+00	1.700000e+00	3.400000e+00	-8.670001e-05	0.000000e+00	-1.710000e-12	8.670001e-05	0.000000e+00	-8.670000e-05
1.800000000000000e+00	1.800000e+00	3.400000e+00	-9.000000e-05	0.000000e+00	-1.810000e-12	9.000000e-05	0.000000e+00	-9.000000e-05
1.900000000000000e+00	1.900000e+00	3.400000e+00	-9.310000e-05	0.000000e+00	-1.910000e-12	9.310000e-05	0.000000e+00	-9.310000e-05
2.000000000000000e+00	2.000000e+00	3.400000e+00	-9.600000e-05	0.000000e+00	-2.010000e-12	9.600000e-05	0.000000e+00	-9.600000e-05
2.100000000000000e+00	2.100000e+00	3.400000e+00	-9.870000e-05	0.000000e+00	-2.110000e-12	9.870000e-05	0.000000e+00	-9.870000e-05
2.200000000000000e+00	2.200000e+00	3.400000e+00	-1.012000e-04	0.000000e+00	-2.210000e-12	1.012000e-04	0.000000e+00	-1.012000e-04
2.300000000000000e+00	2.300000e+00	3.400000e+00	-1.035000e-04	0.000000e+00	-2.310000e-12	1.035000e-04	0.000000e+00	-1.035000e-04
2.400000000000000e+00	2.400000e+00	3.400000e+00	-1.056000e-04	0.000000e+00	-2.410000e-12	1.056000e-04	0.000000e+00	-1.056000e-04
2.500000000000000e+00	2.500000e+00	3.400000e+00	-1.075000e-04	0.000000e+00	-2.510000e-12	1.075000e-04	0.000000e+00	-1.075000e-04
2.600000000000000e+00	2.600000e+00	3.400000e+00	-1.092000e-04	0.000000e+00	-2.610000e-12	1.092000e-04	0.000000e+00	-1.092000e-04
2.700000000000000e+00	2.700000e+00	3.400000e+00	-1.107000e-04	0.000000e+00	-2.710000e-12	1.107000e-04	0.000000e+00	-1.107000e-04
2.800000000000000e+00	2.800000e+00	3.400000e+00	-1.120000e-04	0.000000e+00	-2.810000e-12	1.120000e-04	0.000000e+00	-1.120000e-04
2.900000000000000e+00	2.900000e+00	3.400000e+00	-1.131000e-04	0.000000e+00	-2.910000e-12	1.131000e-04	0.000000e+00	-1.131000e-04
3.000000000000000e+00	3.000000e+00	3.400000e+00	-1.140000e-04	0.000000e+00	-3.010000e-12	1.140000e-04	0.000000e+00	-1.140000e-04
3.100000000000000e+00	3.100000e+00	3.400000e+00	-1.147000e-04	0.000000e+00	-3.110000e-12	1.147000e-04	0.000000e+00	-1.147000e-04
3.200000000000000e+00	3.200000e+00	3.400000e+00	-1.152000e-04	0.000000e+00	-3.210000e-12	1.152000e-04	0.000000e+00	-1.152000e-04
3.300000000000000e+00	3.300000e+00	3.400000e+00	-1.155000e-04	0.000000e+00	-3.310000e-12	1.155000e-04	0.000000e+00	-1.155000e-04
3.400000000000000e+00	3.400000e+00	3.400000e+00	-1.156000e-04	0.000000e+00	-3.410000e-12	1.156000e-04	0.000000e+00	-1.156000e-04
3.500000000000000e+00	3.500000e+00	3.400000e+00	-1.156000e-04	0.000000e+00	-3.510000e-12	1.156000e-04	0.000000e+00	-1.156000e-04
3.600000000000000e+00	3.600000e+00	3.400000e+00	-1.156000e-04	0.000000e+00	-3.610000e-12	1.156000e-04	0.000000e+00	-1.156000e-04
3.700000000000000e+00	3.700000e+00	3.400000e+00	-1.156000e-04	0.000000e+00	-3.710000e-12	1.156000e-04	0.000000e+00	-1.156000e-04
3.800000000000000e+00	3.800000e+00	3.400000e+00	-1.156000e-04	0.000000e+00	-3.810000e-12	1.156000e-04	0.000000e+00	-1.156000e-04
3.900000000000000e+00	3.900000e+00	3.400000e+00	-1.156000e-04	0.000000e+00	-3.910000e-12	1.156000e-04	0.000000e+00	-1.156000e-04
4.000000000000000e+00	4.000000e+00	3.400000e+00	-1.156000e-04	0.000000e+00	-4.010000e-12	1.156000e-04	0.000000e+00	-1.156000e-04
4.100000000000001e+00	4.100000e+00	3.400000e+00	-1.156000e-04	0.000000e+00	-4.110000e-12	1.156000e-04	0.000000e+00	-1.156000e-04
4.200000000000000e+00	4.200000e+00	3.400000e+00	-1.156000e-04	0.000000e+00	-4.210000e-12	1.156000e-04	0.000000e+00	-1.156000e-04
4.300000000000000e+00	4.300000e+00	3.400000e+00	-1.156000e-04	0.000000e+00	-4.310000e-12	1.156000e-04	0.000000e+00	-1.156000e-04
4.400000000000000e+00	4.400000e+00	3.400000e+00	-1.156000e-04	0.000000e+00	-4.410000e-12	1.156000e-04	0.000000e+00	-1.156000e-04
4.500000000000000e+00	4.500000e+00	3.400000e+00	-1.156000e-04	0.000000e+00	-4.510000e-12	1.156000e-04	0.000000e+00	-1.156000e-04
4.600000000000001e+00	4.600000e+00	3.400000e+00	-1.156000e-04	0.000000e+00	-4.610000e-12	1.156000e-04	0.000000e+00	-1.156000e-04
4.700000000000000e+00	4.700000e+00	3.400000e+00	-1.156000e-04	0.000000e+00	-4.710000e-12	1.156000e-04	0.000000e+00	-1.156000e-04
4.800000000000001e+00	4.800000e+00	3.400000e+00	-1.156000e-04	0.000000e+00	-4.810000e-12	1.156000e-04	0.000000e+00	-1.156000e-04
4.900000000000000e+00	4.900000e+00	3.400000e+00	-1.156000e-04	0.000000e+00	-4.910000e-12	1.156000e-04	0.000000e+00	-1.156000e-04
5.000000000000000e+00	5.000000e+00	3.400000e+00	-1.156000e-04	0.000000e+00	-5.010000e-12	1.156000e-04	0.000000e+00	-1.156000e-04
5.100000000000001e+00	5.100000e+00	3.400000e+00	-1.156000e-04	0.000000e+00	-5.110000e-12	1.156000e-04	0.000000e+00	-1.156000e-04
5.200000000000000e+00	5.200000e+00	3.400000e+00	-1.156000e-04	0.000000e+00	-5.210000e-12	1.156000e-04	0.000000e+00	-1.156000e-04
5.300000000000001e+00	5.300000e+00	3.400000e+00	-1.156000e-04	0.000000e+00	-5.310000e-12	1.156000e-04	0.000000e+00	-1.156000e-04
5.400000000000000e+00	5.400000e+00	3.400000e+00	-1.156000e-04	0.000000e+00	-5.410000e-12	1.156000e-04	0.000000e+00	-1.156000e-04
5.500000000000000e+00	5.500000e+00	3.400000e+00	-1.156000e-04	0.000000e+00	-5.510000e-12	1.156000e-04	0.000000e+00	-1.156000e-04
5.600000000000001e+00	5.600000e+00	3.400000e+00	-1.156000e-04	0.000000e+00	-5.610000e-12	1.156000e-04	0.000000e+00	-1.156000e-04
5.700000000000000e+00	5.700000e+00	3.400000e+00	-1.156000e-04	0.000000e+00	-5.710000e-12	1.156000e-04	0.000000e+00	-1.156000e-04
5.800000000000001e+00	5.800000e+00	3.400000e+00	-1.156000e-04	0.000000e+00	-5.810000e-12	1.156000e-04	0.000000e+00	-1.156000e-04
5.900000000000000e+00	5.900000e+00	3.400000e+00	-1.156000e-04	0.000000e+00	-5.910000e-12	1.156000e-04	0.000000e+00	-1.156000e-04
6.000000000000000e+00	6.000000e+00	3.400000e+00	-1.156000e-04	0.000000e+00	-6.010000e-12	1.156000e-04	0.000000e+00	-1.156000e-04
Step Information: Vin=3.5  (Step: 36/51)
0.000000000000000e+00	0.000000e+00	3.500000e+00	0.000000e+00	0.000000e+00	0.000000e+00	0.000000e+00	0.000000e+00	-0.000000e+00
1.000000000000000e-01	1.000000e-01	3.500000e+00	-6.900000e-06	0.000000e+00	-1.097906e-13	6.900000e-06	0.000000e+00	-6.900000e-06
2.000000000000000e-01	2.000000e-01	3.500000e+00	-1.360000e-05	0.000000e+00	-2.099956e-13	1.360000e-05	0.000000e+00	-1.360000e-05
3.000000000000000e-01	3.000000e-01	3.500000e+00	-2.010000e-05	0.000000e+00	-3.099999e-13	2.010000e-05	0.000000e+00	-2.010000e-05
4.000000000000000e-01	4.000000e-01	3.500000e+00	-2.640000e-05	0.000000e+00	-4.100000e-13	2.640000e-05	0.000000e+00	-2.640000e-05
5.000000000000000e-01	5.000000e-01	3.500000e+00	-3.250000e-05	0.000000e+00	-5.100000e-13	3.250000e-05	0.000000e+00	-3.250000e-05
6.000000000000001e-01	6.000000e-01	3.500000e+00	-3.840000e-05	0.000000e+00	-6.100000e-13	3.840000e-05	0.000000e+00	-3.840000e-05
7.000000000000001e-01	7.000000e-01	3.500000e+00	-4.410000e-05	0.000000e+00	-7.100000e-13	4.410000e-05	0.000000e+00	-4.410000e-05
8.000000000000000e-01	8.000000e-01	3.500000e+00	-4.960000e-05	0.000000e+00	-8.100000e-13	4.960000e-05	0.000000e+00	-4.960000e-05
9.000000000000000e-01	9.000000e-01	3.500000e+00	-5.490000e-05	0.000000e+00	-9.100000e-13	5.490000e-05	0.000000e+00	-5.490000e-05
1.000000000000000e+00	1.000000e+00	3.500000e+00	-6.000000e-05	0.000000e+00	-1.010000e-12	6.000000e-05	0.000000e+00	-6.000000e-05
1.100000000000000e+00	1.100000e+00	3.500000e+00	-6.490000e-05	0.000000e+00	-1.110000e-12	6.490000e-05	0.000000e+00	-6.490000e-05
1.200000000000000e+00	1.200000e+00	3.500000e+00	-6.960000e-05	0.000000e+00	-1.210000e-12	6.960000e-05	0.000000e+00	-6.960000e-05
1.300000000000000e+00	1.300000e+00	3.500000e+00	-7.410000e-05	0.000000e+00	-1.310000e-12	7.410000e-05	0.000000e+00	-7.410000e-05
1.400000000000000e+00	1.400000e+00	3.500000e+00	-7.840000e-05	0.000000e+00	-1.410000e-12	7.840000e-05	0.000000e+00	-7.840000e-05
1.500000000000000e+00	1.500000e+00	3.500000e+00	-8.250000e-05	0.000000e+00	-1.510000e-12	8.250000e-05	0.000000e+00	-8.250000e-05
1.600000000000000e+00	1.600000e+00	3.500000e+00	-8.640000e-05	0.000000e+00	-1.610000e-12	8.640000e-05	0.000000e+00	-8.640000e-05
1.700000000000000e+00	1.700000e+00	3.500000e+00	-9.010000e-05	0.000000e+00	-1.710000e-12	9.010000e-05	0.000000e+00	-9.010000e-05
1.800000000000000e+00	1.800000e+00	3.500000e+00	-9.360001e-05	0.000000e+00	-1.810000e-12	9.360001e-05	0.000000e+00	-9.360000e-05
1.900000000000000e+00	1.900000e+00	3.500000e+00	-9.690000e-05	0.000000e+00	-1.910000e-12	9.690000e-05	0.000000e+00	-9.690000e-05
2.000000000000000e+00	2.000000e+00	3.500000e+00	-1.000000e-04	0.000000e+00	-2.010000e-12	1.000000e-04	0.000000e+00	-1.000000e-04
2.100000000000000e+00	2.100000e+00	3.500000e+00	-1.029000e-04	0.000000e+00	-2.110000e-12	1.029000e-04	0.000000e+00	-1.029000e-04
2.200000000000000e+00	2.200000e+00	3.500000e+00	-1.056000e-04	0.000000e+00	-2.210000e-12	1.056000e-04	0.000000e+00	-1.056000e-04
2.300000000000000e+00	2.300000e+00	3.500000e+00	-1.081000e-04	0.000000e+00	-2.310000e-12	1.081000e-04	0.000000e+00	-1.081000e-04
2.400000000000000e+00	2.400000e+00	3.500000e+00	-1.104000e-04	0.000000e+00	-2.410000e-12	1.104000e-04	0.000000e+00	-1.104000e-04
2.500000000000000e+00	2.500000e+00	3.500000e+00	-1.125000e-04	0.000000e+00	-2.510000e-12	1.125000e-04	0.000000e+00	-1.125000e-04
2.600000000000000e+00	2.600000e+00	3.500000e+00	-1.144000e-04	0.000000e+00	-2.610000e-12	1.144000e-04	0.000000e+00	-1.144000e-04
2.700000000000000e+00	2.700000e+00	3.500000e+00	-1.161000e-04	0.000000e+00	-2.710000e-12	1.161000e-04	0.000000e+00	-1.161000e-04
2.800000000000000e+00	2.800000e+00	3.500000e+00	-1.176000e-04	0.000000e+00	-2.810000e-12	1.176000e-04	0.000000e+00	-1.176000e-04
2.900000000000000e+00	2.900000e+00	3.500000e+00	-1.189000e-04	0.000000e+00	-2.910000e-12	1.189000e-04	0.000000e+00	-1.189000e-04
3.000000000000000e+00	3.000000e+00	3.500000e+00	-1.200000e-04	0.000000e+00	-3.010000e-12	1.200000e-04	0.000000e+00	-1.200000e-04
3.100000000000000e+00	3.100000e+00	3.500000e+00	-1.209000e-04	0.000000e+00	-3.110000e-12	1.209000e-04	0.000000e+00	-1.209000e-04
3.200000000000000e+00	3.200000e+00	3.500000e+00	-1.216000e-04	0.000000e+00	-3.210000e-12	1.216000e-04	0.000000e+00	-1.216000e-04
3.300000000000000e+00	3.300000e+00	3.500000e+00	-1.221000e-04	0.000000e+00	-3.310000e-12	1.221000e-04	0.000000e+00	-1.221000e-04
3.400000000000000e+00	3.400000e+00	3.500000e+00	-1.224000e-04	0.000000e+00	-3.410000e-12	1.224000e-04	0.000000e+00	-1.224000e-04
3.500000000000000e+00	3.500000e+00	3.500000e+00	-1.225000e-04	0.000000e+00	-3.510000e-12	1.225000e-04	0.000000e+00	-1.225000e-04
3.600000000000000e+00	3.600000e+00	3.500000e+00	-1.225000e-04	0.000000e+00	-3.610000e-12	1.225000e-04	0.000000e+00	-1.225000e-04
3.700000000000000e+00	3.700000e+00	3.500000e+00	-1.225000e-04	0.000000e+00	-3.710000e-12	1.225000e-04	0.000000e+00	-1.225000e-04
3.800000000000000e+00	3.800000e+00	3.500000e+00	-1.225000e-04	0.000000e+00	-3.810000e-12	1.225000e-04	0.000000e+00	-1.225000e-04
3.900000000000000e+00	3.900000e+00	3.500000e+00	-1.225000e-04	0.000000e+00	-3.910000e-12	1.225000e-04	0.000000e+00	-1.225000e-04
4.000000000000000e+00	4.000000e+00	3.500000e+00	-1.225000e-04	0.000000e+00	-4.010000e-12	1.225000e-04	0.000000e+00	-1.225000e-04
4.100000000000001e+00	4.100000e+00	3.500000e+00	-1.225000e-04	0.000000e+00	-4.110000e-12	1.225000e-04	0.000000e+00	-1.225000e-04
4.200000000000000e+00	4.200000e+00	3.500000e+00	-1.225000e-04	0.000000e+00	-4.210000e-12	1.225000e-04	0.000000e+00	-1.225000e-04
4.300000000000000e+00	4.300000e+00	3.500000e+00	-1.225000e-04	0.000000e+00	-4.310000e-12	1.225000e-04	0.000000e+00	-1.225000e-04
4.400000000000000e+00	4.400000e+00	3.500000e+00	-1.225000e-04	0.000000e+00	-4.410000e-12	1.225000e-04	0.000000e+00	-1.225000e-04
4.500000000000000e+00	4.500000e+00	3.500000e+00	-1.225000e-04	0.000000e+00	-4.510000e-12	1.225000e-04	0.000000e+00	-1.225000e-04
4.600000000000001e+00	4.600000e+00	3.500000e+00	-1.225000e-04	0.000000e+00	-4.610000e-12	1.225000e-04	0.000000e+00	-1.225000e-04
4.700000000000000e+00	4.700000e+00	3.500000e+00	-1.225000e-04	0.000000e+00	-4.710000e-12	1.225000e-04	0.000000e+00	-1.225000e-04
4.800000000000001e+00	4.800000e+00	3.500000e+00	-1.225000e-04	0.000000e+00	-4.810000e-12	1.225000e-04	0.000000e+00	-1.225000e-04
4.900000000000000e+00	4.900000e+00	3.500000e+00	-1.225000e-04	0.000000e+00	-4.910000e-12	1.225000e-04	0.000000e+00	-1.225000e-04
5.000000000000000e+00	5.000000e+00	3.500000e+00	-1.225000e-04	0.000000e+00	-5.010000e-12	1.225000e-04	0.000000e+00	-1.225000e-04
5.100000000000001e+00	5.100000e+00	3.500000e+00	-1.225000e-04	0.000000e+00	-5.110000e-12	1.225000e-04	0.000000e+00	-1.225000e-04
5.200000000000000e+00	5.200000e+00	3.500000e+00	-1.225000e-04	0.000000e+00	-5.210000e-12	1.225000e-04	0.000000e+00	-1.225000e-04
5.300000000000001e+00	5.300000e+00	3.500000e+00	-1.225000e-04	0.000000e+00	-5.310000e-12	1.225000e-04	0.000000e+00	-1.225000e-04
5.400000000000000e+00	5.400000e+00	3.500000e+00	-1.225000e-04	0.000000e+00	-5.410000e-12	1.225000e-04	0.000000e+00	-1.225000e-04
5.500000000000000e+00	5.500000e+00	3.500000e+00	-1.225000e-04	0.000000e+00	-5.510000e-12	1.225000e-04	0.000000e+00	-1.225000e-04
5.600000000000001e+00	5.600000e+00	3.500000e+00	-1.225000e-04	0.000000e+00	-5.610000e-12	1.225000e-04	0.000000e+00	-1.225000e-04
5.700000000000000e+00	5.700000e+00	3.500000e+00	-1.225000e-04	0.000000e+00	-5.710000e-12	1.225000e-04	0.000000e+00	-1.225000e-04
5.800000000000001e+00	5.800000e+00	3.500000e+00	-1.225000e-04	0.000000e+00	-5.810000e-12	1.225000e-04	0.000000e+00	-1.225000e-04
5.900000000000000e+00	5.900000e+00	3.500000e+00	-1.225000e-04	0.000000e+00	-5.910000e-12	1.225000e-04	0.000000e+00	-1.225000e-04
6.000000000000000e+00	6.000000e+00	3.500000e+00	-1.225000e-04	0.000000e+00	-6.010000e-12	1.225000e-04	0.000000e+00	-1.225000e-04
Step Information: Vin=3.6  (Step: 37/51)
0.000000000000000e+00	0.000000e+00	3.600000e+00	0.000000e+00	0.000000e+00	0.000000e+00	0.000000e+00	0.000000e+00	-0.000000e+00
1.000000000000000e-01	1.000000e-01	3.600000e+00	-7.100000e-06	0.000000e+00	-1.097906e-13	7.100000e-06	0.000000e+00	-7.100000e-06
2.000000000000000e-01	2.000000e-01	3.600000e+00	-1.400000e-05	0.000000e+00	-2.099956e-13	1.400000e-05	0.000000e+00	-1.400000e-05
3.000000000000000e-01	3.000000e-01	3.600000e+00	-2.070000e-05	0.000000e+00	-3.099999e-13	2.070000e-05	0.000000e+00	-2.070000e-05
4.000000000000000e-01	4.000000e-01	3.600000e+00	-2.720000e-05	0.000000e+00	-4.100000e-13	2.720000e-05	0.000000e+00	-2.720000e-05
5.000000000000000e-01	5.000000e-01	3.600000e+00	-3.350000e-05	0.000000e+00	-5.100000e-13	3.350000e-05	0.000000e+00	-3.350000e-05
6.000000000000001e-01	6.000000e-01	3.600000e+00	-3.960000e-05	0.000000e+00	-6.100000e-13	3.960000e-05	0.000000e+00	-3.960000e-05
7.000000000000001e-01	7.000000e-01	3.600000e+00	-4.550000e-05	0.000000e+00	-7.100000e-13	4.550000e-05	0.000000e+00	-4.550000e-05
8.000000000000000e-01	8.000000e-01	3.600000e+00	-5.120000e-05	0.000000e+00	-8.100000e-13	5.120000e-05	0.000000e+00	-5.120000e-05
9.000000000000000e-01	9.000000e-01	3.600000e+00	-5.670000e-05	0.000000e+00	-9.100000e-13	5.670000e-05	0.000000e+00	-5.670000e-05
1.000000000000000e+00	1.000000e+00	3.600000e+00	-6.200000e-05	0.000000e+00	-1.010000e-12	6.200000e-05	0.000000e+00	-6.200000e-05
1.100000000000000e+00	1.100000e+00	3.600000e+00	-6.710000e-05	0.000000e+00	-1.110000e-12	6.710000e-05	0.000000e+00	-6.710000e-05
1.200000000000000e+00	1.200000e+00	3.600000e+00	-7.200000e-05	0.000000e+00	-1.210000e-12	7.200000e-05	0.000000e+00	-7.200000e-05
1.300000000000000e+00	1.300000e+00	3.600000e+00	-7.670000e-05	0.000000e+00	-1.310000e-12	7.670000e-05	0.000000e+00	-7.670000e-05
1.400000000000000e+00	1.400000e+00	3.600000e+00	-8.120000e-05	0.000000e+00	-1.410000e-12	8.120000e-05	0.000000e+00	-8.120000e-05
1.500000000000000e+00	1.500000e+00	3.600000e+00	-8.550000e-05	0.000000e+00	-1.510000e-12	8.550000e-05	0.000000e+00	-8.550000e-05
1.600000000000000e+00	1.600000e+00	3.600000e+00	-8.960001e-05	0.000000e+00	-1.610000e-12	8.960001e-05	0.000000e+00	-8.960000e-05
1.700000000000000e+00	1.700000e+00	3.600000e+00	-9.350001e-05	0.000000e+00	-1.710000e-12	9.350001e-05	0.000000e+00	-9.350000e-05
1.800000000000000e+00	1.800000e+00	3.600000e+00	-9.720001e-05	0.000000e+00	-1.810000e-12	9.720001e-05	0.000000e+00	-9.720001e-05
1.900000000000000e+00	1.900000e+00	3.600000e+00	-1.007000e-04	0.000000e+00	-1.910000e-12	1.007000e-04	0.000000e+00	-1.007000e-04
2.000000000000000e+00	2.000000e+00	3.600000e+00	-1.040000e-04	0.000000e+00	-2.010000e-12	1.040000e-04	0.000000e+00	-1.040000e-04
2.100000000000000e+00	2.100000e+00	3.600000e+00	-1.071000e-04	0.000000e+00	-2.110000e-12	1.071000e-04	0.000000e+00	-1.071000e-04
2.200000000000000e+00	2.200000e+00	3.600000e+00	-1.100000e-04	0.000000e+00	-2.210000e-12	1.100000e-04	0.000000e+00	-1.100000e-04
2.300000000000000e+00	2.300000e+00	3.600000e+00	-1.127000e-04	0.000000e+00	-2.310000e-12	1.127000e-04	0.000000e+00	-1.127000e-04
2.400000000000000e+00	2.400000e+00	3.600000e+00	-1.152000e-04	0.000000e+00	-2.410000e-12	1.152000e-04	0.000000e+00	-1.152000e-04
2.500000000000000e+00	2.500000e+00	3.600000e+00	-1.175000e-04	0.000000e+00	-2.510000e-12	1.175000e-04	0.000000e+00	-1.175000e-04
2.600000000000000e+00	2.600000e+00	3.600000e+00	-1.196000e-04	0.000000e+00	-2.610000e-12	1.196000e-04	0.000000e+00	-1.196000e-04
2.700000000000000e+00	2.700000e+00	3.600000e+00	-1.215000e-04	0.000000e+00	-2.710000e-12	1.215000e-04	0.000000e+00	-1.215000e-04
2.800000000000000e+00	2.800000e+00	3.600000e+00	-1.232000e-04	0.000000e+00	-2.810000e-12	1.232000e-04	0.000000e+00	-1.232000e-04
2.900000000000000e+00	2.900000e+00	3.600000e+00	-1.247000e-04	0.000000e+00	-2.910000e-12	1.247000e-04	0.000000e+00	-1.247000e-04
3.000000000000000e+00	3.000000e+00	3.600000e+00	-1.260000e-04	0.000000e+00	-3.010000e-12	1.260000e-04	0.000000e+00	-1.260000e-04
3.100000000000000e+00	3.100000e+00	3.600000e+00	-1.271000e-04	0.000000e+00	-3.110000e-12	1.271000e-04	0.000000e+00	-1.271000e-04
3.200000000000000e+00	3.200000e+00	3.600000e+00	-1.280000e-04	0.000000e+00	-3.210000e-12	1.280000e-04	0.000000e+00	-1.280000e-04
3.300000000000000e+00	3.300000e+00	3.600000e+00	-1.287000e-04	0.000000e+00	-3.310000e-12	1.287000e-04	0.000000e+00	-1.287000e-04
3.400000000000000e+00	3.400000e+00	3.600000e+00	-1.292000e-04	0.000000e+00	-3.410000e-12	1.292000e-04	0.000000e+00	-1.292000e-04
3.500000000000000e+00	3.500000e+00	3.600000e+00	-1.295000e-04	0.000000e+00	-3.510000e-12	1.295000e-04	0.000000e+00	-1.295000e-04
3.600000000000000e+00	3.600000e+00	3.600000e+00	-1.296000e-04	0.000000e+00	-3.610000e-12	1.296000e-04	0.000000e+00	-1.296000e-04
3.700000000000000e+00	3.700000e+00	3.600000e+00	-1.296000e-04	0.000000e+00	-3.710000e-12	1.296000e-04	0.000000e+00	-1.296000e-04
3.800000000000000e+00	3.800000e+00	3.600000e+00	-1.296000e-04	0.000000e+00	-3.810000e-12	1.296000e-04	0.000000e+00	-1.296000e-04
3.900000000000000e+00	3.900000e+00	3.600000e+00	-1.296000e-04	0.000000e+00	-3.910000e-12	1.296000e-04	0.000000e+00	-1.296000e-04
4.000000000000000e+00	4.000000e+00	3.600000e+00	-1.296000e-04	0.000000e+00	-4.010000e-12	1.296000e-04	0.000000e+00	-1.296000e-04
4.100000000000001e+00	4.100000e+00	3.600000e+00	-1.296000e-04	0.000000e+00	-4.110000e-12	1.296000e-04	0.000000e+00	-1.296000e-04
4.200000000000000e+00	4.200000e+00	3.600000e+00	-1.296000e-04	0.000000e+00	-4.210000e-12	1.296000e-04	0.000000e+00	-1.296000e-04
4.300000000000000e+00	4.300000e+00	3.600000e+00	-1.296000e-04	0.000000e+00	-4.310000e-12	1.296000e-04	0.000000e+00	-1.296000e-04
4.400000000000000e+00	4.400000e+00	3.600000e+00	-1.296000e-04	0.000000e+00	-4.410000e-12	1.296000e-04	0.000000e+00	-1.296000e-04
4.500000000000000e+00	4.500000e+00	3.600000e+00	-1.296000e-04	0.000000e+00	-4.510000e-12	1.296000e-04	0.000000e+00	-1.296000e-04
4.600000000000001e+00	4.600000e+00	3.600000e+00	-1.296000e-04	0.000000e+00	-4.610000e-12	1.296000e-04	0.000000e+00	-1.296000e-04
4.700000000000000e+00	4.700000e+00	3.600000e+00	-1.296000e-04	0.000000e+00	-4.710000e-12	1.296000e-04	0.000000e+00	-1.296000e-04
4.800000000000001e+00	4.800000e+00	3.600000e+00	-1.296000e-04	0.000000e+00	-4.810000e-12	1.296000e-04	0.000000e+00	-1.296000e-04
4.900000000000000e+00	4.900000e+00	3.600000e+00	-1.296000e-04	0.000000e+00	-4.910000e-12	1.296000e-04	0.000000e+00	-1.296000e-04
5.000000000000000e+00	5.000000e+00	3.600000e+00	-1.296000e-04	0.000000e+00	-5.010000e-12	1.296000e-04	0.000000e+00	-1.296000e-04
5.100000000000001e+00	5.100000e+00	3.600000e+00	-1.296000e-04	0.000000e+00	-5.110000e-12	1.296000e-04	0.000000e+00	-1.296000e-04
5.200000000000000e+00	5.200000e+00	3.600000e+00	-1.296000e-04	0.000000e+00	-5.210000e-12	1.296000e-04	0.000000e+00	-1.296000e-04
5.300000000000001e+00	5.300000e+00	3.600000e+00	-1.296000e-04	0.000000e+00	-5.310000e-12	1.296000e-04	0.000000e+00	-1.296000e-04
5.400000000000000e+00	5.400000e+00	3.600000e+00	-1.296000e-04	0.000000e+00	-5.410000e-12	1.296000e-04	0.000000e+00	-1.296000e-04
5.500000000000000e+00	5.500000e+00	3.600000e+00	-1.296000e-04	0.000000e+00	-5.510000e-12	1.296000e-04	0.000000e+00	-1.296000e-04
5.600000000000001e+00	5.600000e+00	3.600000e+00	-1.296000e-04	0.000000e+00	-5.610000e-12	1.296000e-04	0.000000e+00	-1.296000e-04
5.700000000000000e+00	5.700000e+00	3.600000e+00	-1.296000e-04	0.000000e+00	-5.710000e-12	1.296000e-04	0.000000e+00	-1.296000e-04
5.800000000000001e+00	5.800000e+00	3.600000e+00	-1.296000e-04	0.000000e+00	-5.810000e-12	1.296000e-04	0.000000e+00	-1.296000e-04
5.900000000000000e+00	5.900000e+00	3.600000e+00	-1.296000e-04	0.000000e+00	-5.910000e-12	1.296000e-04	0.000000e+00	-1.296000e-04
6.000000000000000e+00	6.000000e+00	3.600000e+00	-1.296000e-04	0.000000e+00	-6.010000e-12	1.296000e-04	0.000000e+00	-1.296000e-04
Step Information: Vin=3.7  (Step: 38/51)
0.000000000000000e+00	0.000000e+00	3.700000e+00	0.000000e+00	0.000000e+00	0.000000e+00	0.000000e+00	0.000000e+00	-0.000000e+00
1.000000000000000e-01	1.000000e-01	3.700000e+00	-7.300000e-06	0.000000e+00	-1.097906e-13	7.300000e-06	0.000000e+00	-7.300000e-06
2.000000000000000e-01	2.000000e-01	3.700000e+00	-1.440000e-05	0.000000e+00	-2.099956e-13	1.440000e-05	0.000000e+00	-1.440000e-05
3.000000000000000e-01	3.000000e-01	3.700000e+00	-2.130000e-05	0.000000e+00	-3.099999e-13	2.130000e-05	0.000000e+00	-2.130000e-05
4.000000000000000e-01	4.000000e-01	3.700000e+00	-2.800000e-05	0.000000e+00	-4.100000e-13	2.800000e-05	0.000000e+00	-2.800000e-05
5.000000000000000e-01	5.000000e-01	3.700000e+00	-3.450000e-05	0.000000e+00	-5.100000e-13	3.450000e-05	0.000000e+00	-3.450000e-05
6.000000000000001e-01	6.000000e-01	3.700000e+00	-4.080000e-05	0.000000e+00	-6.100000e-13	4.080000e-05	0.000000e+00	-4.080000e-05
7.000000000000001e-01	7.000000e-01	3.700000e+00	-4.690000e-05	0.000000e+00	-7.100000e-13	4.690000e-05	0.000000e+00	-4.690000e-05
8.000000000000000e-01	8.000000e-01	3.700000e+00	-5.280000e-05	0.000000e+00	-8.100000e-13	5.280000e-05	0.000000e+00	-5.280000e-05
9.000000000000000e-01	9.000000e-01	3.700000e+00	-5.850000e-05	0.000000e+00	-9.100000e-13	5.850000e-05	0.000000e+00	-5.850000e-05
1.000000000000000e+00	1.000000e+00	3.700000e+00	-6.400000e-05	0.000000e+00	-1.010000e-12	6.400000e-05	0.000000e+00	-6.400000e-05
1.100000000000000e+00	1.100000e+00	3.700000e+00	-6.930000e-05	0.000000e+00	-1.110000e-12	6.930000e-05	0.000000e+00	-6.930000e-05
1.200000000000000e+00	1.200000e+00	3.700000e+00	-7.440000e-05	0.000000e+00	-1.210000e-12	7.440000e-05	0.000000e+00	-7.440000e-05
1.300000000000000e+00	1.300000e+00	3.700000e+00	-7.930000e-05	0.000000e+00	-1.310000e-12	7.930000e-05	0.000000e+00	-7.930000e-05
1.400000000000000e+00	1.400000e+00	3.700000e+00	-8.400000e-05	0.000000e+00	-1.410000e-12	8.400000e-05	0.000000e+00	-8.400000e-05
1.500000000000000e+00	1.500000e+00	3.700000e+00	-8.850000e-05	0.000000e+00	-1.510000e-12	8.850000e-05	0.000000e+00	-8.850000e-05
1.600000000000000e+00	1.600000e+00	3.700000e+00	-9.280000e-05	0.000000e+00	-1.610000e-12	9.280000e-05	0.000000e+00	-9.280000e-05
1.700000000000000e+00	1.700000e+00	3.700000e+00	-9.690000e-05	0.000000e+00	-1.710000e-12	9.690000e-05	0.000000e+00	-9.690000e-05
1.800000000000000e+00	1.800000e+00	3.700000e+00	-1.008000e-04	0.000000e+00	-1.810000e-12	1.008000e-04	0.000000e+00	-1.008000e-04
1.900000000000000e+00	1.900000e+00	3.700000e+00	-1.045000e-04	0.000000e+00	-1.910000e-12	1.045000e-04	0.000000e+00	-1.045000e-04
2.000000000000000e+00	2.000000e+00	3.700000e+00	-1.080000e-04	0.000000e+00	-2.010000e-12	1.080000e-04	0.000000e+00	-1.080000e-04
2.100000000000000e+00	2.100000e+00	3.700000e+00	-1.113000e-04	0.000000e+00	-2.110000e-12	1.113000e-04	0.000000e+00	-1.113000e-04
2.200000000000000e+00	2.200000e+00	3.700000e+00	-1.144000e-04	0.000000e+00	-2.210000e-12	1.144000e-04	0.000000e+00	-1.144000e-04
2.300000000000000e+00	2.300000e+00	3.700000e+00	-1.173000e-04	0.000000e+00	-2.310000e-12	1.173000e-04	0.000000e+00	-1.173000e-04
2.400000000000000e+00	2.400000e+00	3.700000e+00	-1.200000e-04	0.000000e+00	-2.410000e-12	1.200000e-04	0.000000e+00	-1.200000e-04
2.500000000000000e+00	2.500000e+00	3.700000e+00	-1.225000e-04	0.000000e+00	-2.510000e-12	1.225000e-04	0.000000e+00	-1.225000e-04
2.600000000000000e+00	2.600000e+00	3.700000e+00	-1.248000e-04	0.000000e+00	-2.610000e-12	1.248000e-04	0.000000e+00	-1.248000e-04
2.700000000000000e+00	2.700000e+00	3.700000e+00	-1.269000e-04	0.000000e+00	-2.710000e-12	1.269000e-04	0.000000e+00	-1.269000e-04
2.800000000000000e+00	2.800000e+00	3.700000e+00	-1.288000e-04	0.000000e+00	-2.810000e-12	1.288000e-04	0.000000e+00	-1.288000e-04
2.900000000000000e+00	2.900000e+00	3.700000e+00	-1.305000e-04	0.000000e+00	-2.910000e-12	1.305000e-04	0.000000e+00	-1.305000e-04
3.000000000000000e+00	3.000000e+00	3.700000e+00	-1.320000e-04	0.000000e+00	-3.010000e-12	1.320000e-04	0.000000e+00	-1.320000e-04
3.100000000000000e+00	3.100000e+00	3.700000e+00	-1.333000e-04	0.000000e+00	-3.110000e-12	1.333000e-04	0.000000e+00	-1.333000e-04
3.200000000000000e+00	3.200000e+00	3.700000e+00	-1.344000e-04	0.000000e+00	-3.210000e-12	1.344000e-04	0.000000e+00	-1.344000e-04
3.300000000000000e+00	3.300000e+00	3.700000e+00	-1.353000e-04	0.000000e+00	-3.310000e-12	1.353000e-04	0.000000e+00	-1.353000e-04
3.400000000000000e+00	3.400000e+00	3.700000e+00	-1.360000e-04	0.000000e+00	-3.410000e-12	1.360000e-04	0.000000e+00	-1.360000e-04
3.500000000000000e+00	3.500000e+00	3.700000e+00	-1.365000e-04	0.000000e+00	-3.510000e-12	1.365000e-04	0.000000e+00	-1.365000e-04
3.600000000000000e+00	3.600000e+00	3.700000e+00	-1.368000e-04	0.000000e+00	-3.610000e-12	1.368000e-04	0.000000e+00	-1.368000e-04
3.700000000000000e+00	3.700000e+00	3.700000e+00	-1.369000e-04	0.000000e+00	-3.710000e-12	1.369000e-04	0.000000e+00	-1.369000e-04
3.800000000000000e+00	3.800000e+00	3.700000e+00	-1.369000e-04	0.000000e+00	-3.810000e-12	1.369000e-04	0.000000e+00	-1.369000e-04
3.900000000000000e+00	3.900000e+00	3.700000e+00	-1.369000e-04	0.000000e+00	-3.910000e-12	1.369000e-04	0.000000e+00	-1.369000e-04
4.000000000000000e+00	4.000000e+00	3.700000e+00	-1.369000e-04	0.000000e+00	-4.010000e-12	1.369000e-04	0.000000e+00	-1.369000e-04
4.100000000000001e+00	4.100000e+00	3.700000e+00	-1.369000e-04	0.000000e+00	-4.110000e-12	1.369000e-04	0.000000e+00	-1.369000e-04
4.200000000000000e+00	4.200000e+00	3.700000e+00	-1.369000e-04	0.000000e+00	-4.210000e-12	1.369000e-04	0.000000e+00	-1.369000e-04
4.300000000000000e+00	4.300000e+00	3.700000e+00	-1.369000e-04	0.000000e+00	-4.310000e-12	1.369000e-04	0.000000e+00	-1.369000e-04
4.400000000000000e+00	4.400000e+00	3.700000e+00	-1.369000e-04	0.000000e+00	-4.410000e-12	1.369000e-04	0.000000e+00	-1.369000e-04
4.500000000000000e+00	4.500000e+00	3.700000e+00	-1.369000e-04	0.000000e+00	-4.510000e-12	1.369000e-04	0.000000e+00	-1.369000e-04
4.600000000000001e+00	4.600000e+00	3.700000e+00	-1.369000e-04	0.000000e+00	-4.610000e-12	1.369000e-04	0.000000e+00	-1.369000e-04
4.700000000000000e+00	4.700000e+00	3.700000e+00	-1.369000e-04	0.000000e+00	-4.710000e-12	1.369000e-04	0.000000e+00	-1.369000e-04
4.800000000000001e+00	4.800000e+00	3.700000e+00	-1.369000e-04	0.000000e+00	-4.810000e-12	1.369000e-04	0.000000e+00	-1.369000e-04
4.900000000000000e+00	4.900000e+00	3.700000e+00	-1.369000e-04	0.000000e+00	-4.910000e-12	1.369000e-04	0.000000e+00	-1.369000e-04
5.000000000000000e+00	5.000000e+00	3.700000e+00	-1.369000e-04	0.000000e+00	-5.010000e-12	1.369000e-04	0.000000e+00	-1.369000e-04
5.100000000000001e+00	5.100000e+00	3.700000e+00	-1.369000e-04	0.000000e+00	-5.110000e-12	1.369000e-04	0.000000e+00	-1.369000e-04
5.200000000000000e+00	5.200000e+00	3.700000e+00	-1.369000e-04	0.000000e+00	-5.210000e-12	1.369000e-04	0.000000e+00	-1.369000e-04
5.300000000000001e+00	5.300000e+00	3.700000e+00	-1.369000e-04	0.000000e+00	-5.310000e-12	1.369000e-04	0.000000e+00	-1.369000e-04
5.400000000000000e+00	5.400000e+00	3.700000e+00	-1.369000e-04	0.000000e+00	-5.410000e-12	1.369000e-04	0.000000e+00	-1.369000e-04
5.500000000000000e+00	5.500000e+00	3.700000e+00	-1.369000e-04	0.000000e+00	-5.510000e-12	1.369000e-04	0.000000e+00	-1.369000e-04
5.600000000000001e+00	5.600000e+00	3.700000e+00	-1.369000e-04	0.000000e+00	-5.610000e-12	1.369000e-04	0.000000e+00	-1.369000e-04
5.700000000000000e+00	5.700000e+00	3.700000e+00	-1.369000e-04	0.000000e+00	-5.710000e-12	1.369000e-04	0.000000e+00	-1.369000e-04
5.800000000000001e+00	5.800000e+00	3.700000e+00	-1.369000e-04	0.000000e+00	-5.810000e-12	1.369000e-04	0.000000e+00	-1.369000e-04
5.900000000000000e+00	5.900000e+00	3.700000e+00	-1.369000e-04	0.000000e+00	-5.910000e-12	1.369000e-04	0.000000e+00	-1.369000e-04
6.000000000000000e+00	6.000000e+00	3.700000e+00	-1.369000e-04	0.000000e+00	-6.010000e-12	1.369000e-04	0.000000e+00	-1.369000e-04
Step Information: Vin=3.8  (Step: 39/51)
0.000000000000000e+00	0.000000e+00	3.800000e+00	0.000000e+00	0.000000e+00	0.000000e+00	0.000000e+00	0.000000e+00	-0.000000e+00
1.000000000000000e-01	1.000000e-01	3.800000e+00	-7.500000e-06	0.000000e+00	-1.097906e-13	7.500000e-06	0.000000e+00	-7.500000e-06
2.000000000000000e-01	2.000000e-01	3.800000e+00	-1.480000e-05	0.000000e+00	-2.099956e-13	1.480000e-05	0.000000e+00	-1.480000e-05
3.000000000000000e-01	3.000000e-01	3.800000e+00	-2.190000e-05	0.000000e+00	-3.099999e-13	2.190000e-05	0.000000e+00	-2.190000e-05
4.000000000000000e-01	4.000000e-01	3.800000e+00	-2.880000e-05	0.000000e+00	-4.100000e-13	2.880000e-05	0.000000e+00	-2.880000e-05
5.000000000000000e-01	5.000000e-01	3.800000e+00	-3.550000e-05	0.000000e+00	-5.100000e-13	3.550000e-05	0.000000e+00	-3.550000e-05
6.000000000000001e-01	6.000000e-01	3.800000e+00	-4.200000e-05	0.000000e+00	-6.100000e-13	4.200000e-05	0.000000e+00	-4.200000e-05
7.000000000000001e-01	7.000000e-01	3.800000e+00	-4.830000e-05	0.000000e+00	-7.100000e-13	4.830000e-05	0.000000e+00	-4.830000e-05
8.000000000000000e-01	8.000000e-01	3.800000e+00	-5.440000e-05	0.000000e+00	-8.100000e-13	5.440000e-05	0.000000e+00	-5.440000e-05
9.000000000000000e-01	9.000000e-01	3.800000e+00	-6.030000e-05	0.000000e+00	-9.100000e-13	6.030000e-05	0.000000e+00	-6.030000e-05
1.000000000000000e+00	1.000000e+00	3.800000e+00	-6.600000e-05	0.000000e+00	-1.010000e-12	6.600000e-05	0.000000e+00	-6.600000e-05
1.100000000000000e+00	1.100000e+00	3.800000e+00	-7.150000e-05	0.000000e+00	-1.110000e-12	7.150000e-05	0.000000e+00	-7.150000e-05
1.200000000000000e+00	1.200000e+00	3.800000e+00	-7.680000e-05	0.000000e+00	-1.210000e-12	7.680000e-05	0.000000e+00	-7.680000e-05
1.300000000000000e+00	1.300000e+00	3.800000e+00	-8.190001e-05	0.000000e+00	-1.310000e-12	8.190001e-05	0.000000e+00	-8.190000e-05
1.400000000000000e+00	1.400000e+00	3.800000e+00	-8.680001e-05	0.000000e+00	-1.410000e-12	8.680001e-05	0.000000e+00	-8.680000e-05
1.500000000000000e+00	1.500000e+00	3.800000e+00	-9.150001e-05	0.000000e+00	-1.510000e-12	9.150001e-05	0.000000e+00	-9.150000e-05
1.600000000000000e+00	1.600000e+00	3.800000e+00	-9.600000e-05	0.000000e+00	-1.610000e-12	9.600000e-05	0.000000e+00	-9.600000e-05
1.700000000000000e+00	1.700000e+00	3.800000e+00	-1.003000e-04	0.000000e+00	-1.710000e-12	1.003000e-04	0.000000e+00	-1.003000e-04
1.800000000000000e+00	1.800000e+00	3.800000e+00	-1.044000e-04	0.000000e+00	-1.810000e-12	1.044000e-04	0.000000e+00	-1.044000e-04
1.900000000000000e+00	1.900000e+00	3.800000e+00	-1.083000e-04	0.000000e+00	-1.910000e-12	1.083000e-04	0.000000e+00	-1.083000e-04
2.000000000000000e+00	2.000000e+00	3.800000e+00	-1.120000e-04	0.000000e+00	-2.010000e-12	1.120000e-04	0.000000e+00	-1.120000e-04
2.100000000000000e+00	2.100000e+00	3.800000e+00	-1.155000e-04	0.000000e+00	-2.110000e-12	1.155000e-04	0.000000e+00	-1.155000e-04
2.200000000000000e+00	2.200000e+00	3.800000e+00	-1.188000e-04	0.000000e+00	-2.210000e-12	1.188000e-04	0.000000e+00	-1.188000e-04
2.300000000000000e+00	2.300000e+00	3.800000e+00	-1.219000e-04	0.000000e+00	-2.310000e-12	1.219000e-04	0.000000e+00	-1.219000e-04
2.400000000000000e+00	2.400000e+00	3.800000e+00	-1.248000e-04	0.000000e+00	-2.410000e-12	1.248000e-04	0.000000e+00	-1.248000e-04
2.500000000000000e+00	2.500000e+00	3.800000e+00	-1.275000e-04	0.000000e+00	-2.510000e-12	1.275000e-04	0.000000e+00	-1.275000e-04
2.600000000000000e+00	2.600000e+00	3.800000e+00	-1.300000e-04	0.000000e+00	-2.610000e-12	1.300000e-04	0.000000e+00	-1.300000e-04
2.700000000000000e+00	2.700000e+00	3.800000e+00	-1.323000e-04	0.000000e+00	-2.710000e-12	1.323000e-04	0.000000e+00	-1.323000e-04
2.800000000000000e+00	2.800000e+00	3.800000e+00	-1.344000e-04	0.000000e+00	-2.810000e-12	1.344000e-04	0.000000e+00	-1.344000e-04
2.900000000000000e+00	2.900000e+00	3.800000e+00	-1.363000e-04	0.000000e+00	-2.910000e-12	1.363000e-04	0.000000e+00	-1.363000e-04
3.000000000000000e+00	3.000000e+00	3.800000e+00	-1.380000e-04	0.000000e+00	-3.010000e-12	1.380000e-04	0.000000e+00	-1.380000e-04
3.100000000000000e+00	3.100000e+00	3.800000e+00	-1.395000e-04	0.000000e+00	-3.110000e-12	1.395000e-04	0.000000e+00	-1.395000e-04
3.200000000000000e+00	3.200000e+00	3.800000e+00	-1.408000e-04	0.000000e+00	-3.210000e-12	1.408000e-04	0.000000e+00	-1.408000e-04
3.300000000000000e+00	3.300000e+00	3.800000e+00	-1.419000e-04	0.000000e+00	-3.310000e-12	1.419000e-04	0.000000e+00	-1.419000e-04
3.400000000000000e+00	3.400000e+00	3.800000e+00	-1.428000e-04	0.000000e+00	-3.410000e-12	1.428000e-04	0.000000e+00	-1.428000e-04
3.500000000000000e+00	3.500000e+00	3.800000e+00	-1.435000e-04	0.000000e+00	-3.510000e-12	1.435000e-04	0.000000e+00	-1.435000e-04
3.600000000000000e+00	3.600000e+00	3.800000e+00	-1.440000e-04	0.000000e+00	-3.610000e-12	1.440000e-04	0.000000e+00	-1.440000e-04
3.700000000000000e+00	3.700000e+00	3.800000e+00	-1.443000e-04	0.000000e+00	-3.710000e-12	1.443000e-04	0.000000e+00	-1.443000e-04
3.800000000000000e+00	3.800000e+00	3.800000e+00	-1.444000e-04	0.000000e+00	-3.810000e-12	1.444000e-04	0.000000e+00	-1.444000e-04
3.900000000000000e+00	3.900000e+00	3.800000e+00	-1.444000e-04	0.000000e+00	-3.910000e-12	1.444000e-04	0.000000e+00	-1.444000e-04
4.000000000000000e+00	4.000000e+00	3.800000e+00	-1.444000e-04	0.000000e+00	-4.010000e-12	1.444000e-04	0.000000e+00	-1.444000e-04
4.100000000000001e+00	4.100000e+00	3.800000e+00	-1.444000e-04	0.000000e+00	-4.110000e-12	1.444000e-04	0.000000e+00	-1.444000e-04
4.200000000000000e+00	4.200000e+00	3.800000e+00	-1.444000e-04	0.000000e+00	-4.210000e-12	1.444000e-04	0.000000e+00	-1.444000e-04
4.300000000000000e+00	4.300000e+00	3.800000e+00	-1.444000e-04	0.000000e+00	-4.310000e-12	1.444000e-04	0.000000e+00	-1.444000e-04
4.400000000000000e+00	4.400000e+00	3.800000e+00	-1.444000e-04	0.000000e+00	-4.410000e-12	1.444000e-04	0.000000e+00	-1.444000e-04
4.500000000000000e+00	4.500000e+00	3.800000e+00	-1.444000e-04	0.000000e+00	-4.510000e-12	1.444000e-04	0.000000e+00	-1.444000e-04
4.600000000000001e+00	4.600000e+00	3.800000e+00	-1.444000e-04	0.000000e+00	-4.610000e-12	1.444000e-04	0.000000e+00	-1.444000e-04
4.700000000000000e+00	4.700000e+00	3.800000e+00	-1.444000e-04	0.000000e+00	-4.710000e-12	1.444000e-04	0.000000e+00	-1.444000e-04
4.800000000000001e+00	4.800000e+00	3.800000e+00	-1.444000e-04	0.000000e+00	-4.810000e-12	1.444000e-04	0.000000e+00	-1.444000e-04
4.900000000000000e+00	4.900000e+00	3.800000e+00	-1.444000e-04	0.000000e+00	-4.910000e-12	1.444000e-04	0.000000e+00	-1.444000e-04
5.000000000000000e+00	5.000000e+00	3.800000e+00	-1.444000e-04	0.000000e+00	-5.010000e-12	1.444000e-04	0.000000e+00	-1.444000e-04
5.100000000000001e+00	5.100000e+00	3.800000e+00	-1.444000e-04	0.000000e+00	-5.110000e-12	1.444000e-04	0.000000e+00	-1.444000e-04
5.200000000000000e+00	5.200000e+00	3.800000e+00	-1.444000e-04	0.000000e+00	-5.210000e-12	1.444000e-04	0.000000e+00	-1.444000e-04
5.300000000000001e+00	5.300000e+00	3.800000e+00	-1.444000e-04	0.000000e+00	-5.310000e-12	1.444000e-04	0.000000e+00	-1.444000e-04
5.400000000000000e+00	5.400000e+00	3.800000e+00	-1.444000e-04	0.000000e+00	-5.410000e-12	1.444000e-04	0.000000e+00	-1.444000e-04
5.500000000000000e+00	5.500000e+00	3.800000e+00	-1.444000e-04	0.000000e+00	-5.510000e-12	1.444000e-04	0.000000e+00	-1.444000e-04
5.600000000000001e+00	5.600000e+00	3.800000e+00	-1.444000e-04	0.000000e+00	-5.610000e-12	1.444000e-04	0.000000e+00	-1.444000e-04
5.700000000000000e+00	5.700000e+00	3.800000e+00	-1.444000e-04	0.000000e+00	-5.710000e-12	1.444000e-04	0.000000e+00	-1.444000e-04
5.800000000000001e+00	5.800000e+00	3.800000e+00	-1.444000e-04	0.000000e+00	-5.810000e-12	1.444000e-04	0.000000e+00	-1.444000e-04
5.900000000000000e+00	5.900000e+00	3.800000e+00	-1.444000e-04	0.000000e+00	-5.910000e-12	1.444000e-04	0.000000e+00	-1.444000e-04
6.000000000000000e+00	6.000000e+00	3.800000e+00	-1.444000e-04	0.000000e+00	-6.010000e-12	1.444000e-04	0.000000e+00	-1.444000e-04
Step Information: Vin=3.9  (Step: 40/51)
0.000000000000000e+00	0.000000e+00	3.900000e+00	0.000000e+00	0.000000e+00	0.000000e+00	0.000000e+00	0.000000e+00	-0.000000e+00
1.000000000000000e-01	1.000000e-01	3.900000e+00	-7.700000e-06	0.000000e+00	-1.097906e-13	7.700000e-06	0.000000e+00	-7.700000e-06
2.000000000000000e-01	2.000000e-01	3.900000e+00	-1.520000e-05	0.000000e+00	-2.099956e-13	1.520000e-05	0.000000e+00	-1.520000e-05
3.000000000000000e-01	3.000000e-01	3.900000e+00	-2.250000e-05	0.000000e+00	-3.099999e-13	2.250000e-05	0.000000e+00	-2.250000e-05
4.000000000000000e-01	4.000000e-01	3.900000e+00	-2.960000e-05	0.000000e+00	-4.100000e-13	2.960000e-05	0.000000e+00	-2.960000e-05
5.000000000000000e-01	5.000000e-01	3.900000e+00	-3.650000e-05	0.000000e+00	-5.100000e-13	3.650000e-05	0.000000e+00	-3.650000e-05
6.000000000000001e-01	6.000000e-01	3.900000e+00	-4.320000e-05	0.000000e+00	-6.100000e-13	4.320000e-05	0.000000e+00	-4.320000e-05
7.000000000000001e-01	7.000000e-01	3.900000e+00	-4.970000e-05	0.000000e+00	-7.100000e-13	4.970000e-05	0.000000e+00	-4.970000e-05
8.000000000000000e-01	8.000000e-01	3.900000e+00	-5.600000e-05	0.000000e+00	-8.100000e-13	5.600000e-05	0.000000e+00	-5.600000e-05
9.000000000000000e-01	9.000000e-01	3.900000e+00	-6.210000e-05	0.000000e+00	-9.100000e-13	6.210000e-05	0.000000e+00	-6.210000e-05
1.000000000000000e+00	1.000000e+00	3.900000e+00	-6.800000e-05	0.000000e+00	-1.010000e-12	6.800000e-05	0.000000e+00	-6.800000e-05
1.100000000000000e+00	1.100000e+00	3.900000e+00	-7.370000e-05	0.000000e+00	-1.110000e-12	7.370000e-05	0.000000e+00	-7.370000e-05
1.200000000000000e+00	1.200000e+00	3.900000e+00	-7.920000e-05	0.000000e+00	-1.210000e-12	7.920000e-05	0.000000e+00	-7.920000e-05
1.300000000000000e+00	1.300000e+00	3.900000e+00	-8.450000e-05	0.000000e+00	-1.310000e-12	8.450000e-05	0.000000e+00	-8.450000e-05
1.400000000000000e+00	1.400000e+00	3.900000e+00	-8.960001e-05	0.000000e+00	-1.410000e-12	8.960001e-05	0.000000e+00	-8.960000e-05
1.500000000000000e+00	1.500000e+00	3.900000e+00	-9.450001e-05	0.000000e+00	-1.510000e-12	9.450001e-05	0.000000e+00	-9.450000e-05
1.600000000000000e+00	1.600000e+00	3.900000e+00	-9.920001e-05	0.000000e+00	-1.610000e-12	9.920001e-05	0.000000e+00	-9.920000e-05
1.700000000000000e+00	1.700000e+00	3.900000e+00	-1.037000e-04	0.000000e+00	-1.710000e-12	1.037000e-04	0.000000e+00	-1.037000e-04
1.800000000000000e+00	1.800000e+00	3.900000e+00	-1.080000e-04	0.000000e+00	-1.810000e-12	1.080000e-04	0.000000e+00	-1.080000e-04
1.900000000000000e+00	1.900000e+00	3.900000e+00	-1.121000e-04	0.000000e+00	-1.910000e-12	1.121000e-04	0.000000e+00	-1.121000e-04
2.000000000000000e+00	2.000000e+00	3.900000e+00	-1.160000e-04	0.000000e+00	-2.010000e-12	1.160000e-04	0.000000e+00	-1.160000e-04
2.100000000000000e+00	2.100000e+00	3.900000e+00	-1.197000e-04	0.000000e+00	-2.110000e-12	1.197000e-04	0.000000e+00	-1.197000e-04
2.200000000000000e+00	2.200000e+00	3.900000e+00	-1.232000e-04	0.000000e+00	-2.210000e-12	1.232000e-04	0.000000e+00	-1.232000e-04
2.300000000000000e+00	2.300000e+00	3.900000e+00	-1.265000e-04	0.000000e+00	-2.310000e-12	1.265000e-04	0.000000e+00	-1.265000e-04
2.400000000000000e+00	2.400000e+00	3.900000e+00	-1.296000e-04	0.000000e+00	-2.410000e-12	1.296000e-04	0.000000e+00	-1.296000e-04
2.500000000000000e+00	2.500000e+00	3.900000e+00	-1.325000e-04	0.000000e+00	-2.510000e-12	1.325000e-04	0.000000e+00	-1.325000e-04
2.600000000000000e+00	2.600000e+00	3.900000e+00	-1.352000e-04	0.000000e+00	-2.610000e-12	1.352000e-04	0.000000e+00	-1.352000e-04
2.700000000000000e+00	2.700000e+00	3.900000e+00	-1.377000e-04	0.000000e+00	-2.710000e-12	1.377000e-04	0.000000e+00	-1.377000e-04
2.800000000000000e+00	2.800000e+00	3.900000e+00	-1.400000e-04	0.000000e+00	-2.810000e-12	1.400000e-04	0.000000e+00	-1.400000e-04
2.900000000000000e+00	2.900000e+00	3.900000e+00	-1.421000e-04	0.000000e+00	-2.910000e-12	1.421000e-04	0.000000e+00	-1.421000e-04
3.000000000000000e+00	3.000000e+00	3.900000e+00	-1.440000e-04	0.000000e+00	-3.010000e-12	1.440000e-04	0.000000e+00	-1.440000e-04
3.100000000000000e+00	3.100000e+00	3.900000e+00	-1.457000e-04	0.000000e+00	-3.110000e-12	1.457000e-04	0.000000e+00	-1.457000e-04
3.200000000000000e+00	3.200000e+00	3.900000e+00	-1.472000e-04	0.000000e+00	-3.210000e-12	1.472000e-04	0.000000e+00	-1.472000e-04
3.300000000000000e+00	3.300000e+00	3.900000e+00	-1.485000e-04	0.000000e+00	-3.310000e-12	1.485000e-04	0.000000e+00	-1.485000e-04
3.400000000000000e+00	3.400000e+00	3.900000e+00	-1.496000e-04	0.000000e+00	-3.410000e-12	1.496000e-04	0.000000e+00	-1.496000e-04
3.500000000000000e+00	3.500000e+00	3.900000e+00	-1.505000e-04	0.000000e+00	-3.510000e-12	1.505000e-04	0.000000e+00	-1.505000e-04
3.600000000000000e+00	3.600000e+00	3.900000e+00	-1.512000e-04	0.000000e+00	-3.610000e-12	1.512000e-04	0.000000e+00	-1.512000e-04
3.700000000000000e+00	3.700000e+00	3.900000e+00	-1.517000e-04	0.000000e+00	-3.710000e-12	1.517000e-04	0.000000e+00	-1.517000e-04
3.800000000000000e+00	3.800000e+00	3.900000e+00	-1.520000e-04	0.000000e+00	-3.810000e-12	1.520000e-04	0.000000e+00	-1.520000e-04
3.900000000000000e+00	3.900000e+00	3.900000e+00	-1.521000e-04	0.000000e+00	-3.910000e-12	1.521000e-04	0.000000e+00	-1.521000e-04
4.000000000000000e+00	4.000000e+00	3.900000e+00	-1.521000e-04	0.000000e+00	-4.010000e-12	1.521000e-04	0.000000e+00	-1.521000e-04
4.100000000000001e+00	4.100000e+00	3.900000e+00	-1.521000e-04	0.000000e+00	-4.110000e-12	1.521000e-04	0.000000e+00	-1.521000e-04
4.200000000000000e+00	4.200000e+00	3.900000e+00	-1.521000e-04	0.000000e+00	-4.210000e-12	1.521000e-04	0.000000e+00	-1.521000e-04
4.300000000000000e+00	4.300000e+00	3.900000e+00	-1.521000e-04	0.000000e+00	-4.310000e-12	1.521000e-04	0.000000e+00	-1.521000e-04
4.400000000000000e+00	4.400000e+00	3.900000e+00	-1.521000e-04	0.000000e+00	-4.410000e-12	1.521000e-04	0.000000e+00	-1.521000e-04
4.500000000000000e+00	4.500000e+00	3.900000e+00	-1.521000e-04	0.000000e+00	-4.510000e-12	1.521000e-04	0.000000e+00	-1.521000e-04
4.600000000000001e+00	4.600000e+00	3.900000e+00	-1.521000e-04	0.000000e+00	-4.610000e-12	1.521000e-04	0.000000e+00	-1.521000e-04
4.700000000000000e+00	4.700000e+00	3.900000e+00	-1.521000e-04	0.000000e+00	-4.710000e-12	1.521000e-04	0.000000e+00	-1.521000e-04
4.800000000000001e+00	4.800000e+00	3.900000e+00	-1.521000e-04	0.000000e+00	-4.810000e-12	1.521000e-04	0.000000e+00	-1.521000e-04
4.900000000000000e+00	4.900000e+00	3.900000e+00	-1.521000e-04	0.000000e+00	-4.910000e-12	1.521000e-04	0.000000e+00	-1.521000e-04
5.000000000000000e+00	5.000000e+00	3.900000e+00	-1.521000e-04	0.000000e+00	-5.010000e-12	1.521000e-04	0.000000e+00	-1.521000e-04
5.100000000000001e+00	5.100000e+00	3.900000e+00	-1.521000e-04	0.000000e+00	-5.110000e-12	1.521000e-04	0.000000e+00	-1.521000e-04
5.200000000000000e+00	5.200000e+00	3.900000e+00	-1.521000e-04	0.000000e+00	-5.210000e-12	1.521000e-04	0.000000e+00	-1.521000e-04
5.300000000000001e+00	5.300000e+00	3.900000e+00	-1.521000e-04	0.000000e+00	-5.310000e-12	1.521000e-04	0.000000e+00	-1.521000e-04
5.400000000000000e+00	5.400000e+00	3.900000e+00	-1.521000e-04	0.000000e+00	-5.410000e-12	1.521000e-04	0.000000e+00	-1.521000e-04
5.500000000000000e+00	5.500000e+00	3.900000e+00	-1.521000e-04	0.000000e+00	-5.510000e-12	1.521000e-04	0.000000e+00	-1.521000e-04
5.600000000000001e+00	5.600000e+00	3.900000e+00	-1.521000e-04	0.000000e+00	-5.610000e-12	1.521000e-04	0.000000e+00	-1.521000e-04
5.700000000000000e+00	5.700000e+00	3.900000e+00	-1.521000e-04	0.000000e+00	-5.710000e-12	1.521000e-04	0.000000e+00	-1.521000e-04
5.800000000000001e+00	5.800000e+00	3.900000e+00	-1.521000e-04	0.000000e+00	-5.810000e-12	1.521000e-04	0.000000e+00	-1.521000e-04
5.900000000000000e+00	5.900000e+00	3.900000e+00	-1.521000e-04	0.000000e+00	-5.910000e-12	1.521000e-04	0.000000e+00	-1.521000e-04
6.000000000000000e+00	6.000000e+00	3.900000e+00	-1.521000e-04	0.000000e+00	-6.010000e-12	1.521000e-04	0.000000e+00	-1.521000e-04
Step Information: Vin=4  (Step: 41/51)
0.000000000000000e+00	0.000000e+00	4.000000e+00	0.000000e+00	0.000000e+00	0.000000e+00	0.000000e+00	0.000000e+00	-0.000000e+00
1.000000000000000e-01	1.000000e-01	4.000000e+00	-7.900000e-06	0.000000e+00	-1.097906e-13	7.900000e-06	0.000000e+00	-7.900000e-06
2.000000000000000e-01	2.000000e-01	4.000000e+00	-1.560000e-05	0.000000e+00	-2.099956e-13	1.560000e-05	0.000000e+00	-1.560000e-05
3.000000000000000e-01	3.000000e-01	4.000000e+00	-2.310000e-05	0.000000e+00	-3.099999e-13	2.310000e-05	0.000000e+00	-2.310000e-05
4.000000000000000e-01	4.000000e-01	4.000000e+00	-3.040000e-05	0.000000e+00	-4.100000e-13	3.040000e-05	0.000000e+00	-3.040000e-05
5.000000000000000e-01	5.000000e-01	4.000000e+00	-3.750000e-05	0.000000e+00	-5.100000e-13	3.750000e-05	0.000000e+00	-3.750000e-05
6.000000000000001e-01	6.000000e-01	4.000000e+00	-4.440000e-05	0.000000e+00	-6.100000e-13	4.440000e-05	0.000000e+00	-4.440000e-05
7.000000000000001e-01	7.000000e-01	4.000000e+00	-5.110000e-05	0.000000e+00	-7.100000e-13	5.110000e-05	0.000000e+00	-5.110000e-05
8.000000000000000e-01	8.000000e-01	4.000000e+00	-5.760000e-05	0.000000e+00	-8.100000e-13	5.760000e-05	0.000000e+00	-5.760000e-05
9.000000000000000e-01	9.000000e-01	4.000000e+00	-6.390000e-05	0.000000e+00	-9.100000e-13	6.390000e-05	0.000000e+00	-6.390000e-05
1.000000000000000e+00	1.000000e+00	4.000000e+00	-7.000000e-05	0.000000e+00	-1.010000e-12	7.000000e-05	0.000000e+00	-7.000000e-05
1.100000000000000e+00	1.100000e+00	4.000000e+00	-7.590000e-05	0.000000e+00	-1.110000e-12	7.590000e-05	0.000000e+00	-7.590000e-05
1.200000000000000e+00	1.200000e+00	4.000000e+00	-8.160000e-05	0.000000e+00	-1.210000e-12	8.160000e-05	0.000000e+00	-8.160000e-05
1.300000000000000e+00	1.300000e+00	4.000000e+00	-8.710000e-05	0.000000e+00	-1.310000e-12	8.710000e-05	0.000000e+00	-8.710000e-05
1.400000000000000e+00	1.400000e+00	4.000000e+00	-9.240001e-05	0.000000e+00	-1.410000e-12	9.240001e-05	0.000000e+00	-9.240000e-05
1.500000000000000e+00	1.500000e+00	4.000000e+00	-9.750000e-05	0.000000e+00	-1.510000e-12	9.750000e-05	0.000000e+00	-9.750000e-05
1.600000000000000e+00	1.600000e+00	4.000000e+00	-1.024000e-04	0.000000e+00	-1.610000e-12	1.024000e-04	0.000000e+00	-1.024000e-04
1.700000000000000e+00	1.700000e+00	4.000000e+00	-1.071000e-04	0.000000e+00	-1.710000e-12	1.071000e-04	0.000000e+00	-1.071000e-04
1.800000000000000e+00	1.800000e+00	4.000000e+00	-1.116000e-04	0.000000e+00	-1.810000e-12	1.116000e-04	0.000000e+00	-1.116000e-04
1.900000000000000e+00	1.900000e+00	4.000000e+00	-1.159000e-04	0.000000e+00	-1.910000e-12	1.159000e-04	0.000000e+00	-1.159000e-04
2.000000000000000e+00	2.000000e+00	4.000000e+00	-1.200000e-04	0.000000e+00	-2.010000e-12	1.200000e-04	0.000000e+00	-1.200000e-04
2.100000000000000e+00	2.100000e+00	4.000000e+00	-1.239000e-04	0.000000e+00	-2.110000e-12	1.239000e-04	0.000000e+00	-1.239000e-04
2.200000000000000e+00	2.200000e+00	4.000000e+00	-1.276000e-04	0.000000e+00	-2.210000e-12	1.276000e-04	0.000000e+00	-1.276000e-04
2.300000000000000e+00	2.300000e+00	4.000000e+00	-1.311000e-04	0.000000e+00	-2.310000e-12	1.311000e-04	0.000000e+00	-1.311000e-04
2.400000000000000e+00	2.400000e+00	4.000000e+00	-1.344000e-04	0.000000e+00	-2.410000e-12	1.344000e-04	0.000000e+00	-1.344000e-04
2.500000000000000e+00	2.500000e+00	4.000000e+00	-1.375000e-04	0.000000e+00	-2.510000e-12	1.375000e-04	0.000000e+00	-1.375000e-04
2.600000000000000e+00	2.600000e+00	4.000000e+00	-1.404000e-04	0.000000e+00	-2.610000e-12	1.404000e-04	0.000000e+00	-1.404000e-04
2.700000000000000e+00	2.700000e+00	4.000000e+00	-1.431000e-04	0.000000e+00	-2.710000e-12	1.431000e-04	0.000000e+00	-1.431000e-04
2.800000000000000e+00	2.800000e+00	4.000000e+00	-1.456000e-04	0.000000e+00	-2.810000e-12	1.456000e-04	0.000000e+00	-1.456000e-04
2.900000000000000e+00	2.900000e+00	4.000000e+00	-1.479000e-04	0.000000e+00	-2.910000e-12	1.479000e-04	0.000000e+00	-1.479000e-04
3.000000000000000e+00	3.000000e+00	4.000000e+00	-1.500000e-04	0.000000e+00	-3.010000e-12	1.500000e-04	0.000000e+00	-1.500000e-04
3.100000000000000e+00	3.100000e+00	4.000000e+00	-1.519000e-04	0.000000e+00	-3.110000e-12	1.519000e-04	0.000000e+00	-1.519000e-04
3.200000000000000e+00	3.200000e+00	4.000000e+00	-1.536000e-04	0.000000e+00	-3.210000e-12	1.536000e-04	0.000000e+00	-1.536000e-04
3.300000000000000e+00	3.300000e+00	4.000000e+00	-1.551000e-04	0.000000e+00	-3.310000e-12	1.551000e-04	0.000000e+00	-1.551000e-04
3.400000000000000e+00	3.400000e+00	4.000000e+00	-1.564000e-04	0.000000e+00	-3.410000e-12	1.564000e-04	0.000000e+00	-1.564000e-04
3.500000000000000e+00	3.500000e+00	4.000000e+00	-1.575000e-04	0.000000e+00	-3.510000e-12	1.575000e-04	0.000000e+00	-1.575000e-04
3.600000000000000e+00	3.600000e+00	4.000000e+00	-1.584000e-04	0.000000e+00	-3.610000e-12	1.584000e-04	0.000000e+00	-1.584000e-04
3.700000000000000e+00	3.700000e+00	4.000000e+00	-1.591000e-04	0.000000e+00	-3.710000e-12	1.591000e-04	0.000000e+00	-1.591000e-04
3.800000000000000e+00	3.800000e+00	4.000000e+00	-1.596000e-04	0.000000e+00	-3.810000e-12	1.596000e-04	0.000000e+00	-1.596000e-04
3.900000000000000e+00	3.900000e+00	4.000000e+00	-1.599000e-04	0.000000e+00	-3.910000e-12	1.599000e-04	0.000000e+00	-1.599000e-04
4.000000000000000e+00	4.000000e+00	4.000000e+00	-1.600000e-04	0.000000e+00	-4.010000e-12	1.600000e-04	0.000000e+00	-1.600000e-04
4.100000000000001e+00	4.100000e+00	4.000000e+00	-1.600000e-04	0.000000e+00	-4.110000e-12	1.600000e-04	0.000000e+00	-1.600000e-04
4.200000000000000e+00	4.200000e+00	4.000000e+00	-1.600000e-04	0.000000e+00	-4.210000e-12	1.600000e-04	0.000000e+00	-1.600000e-04
4.300000000000000e+00	4.300000e+00	4.000000e+00	-1.600000e-04	0.000000e+00	-4.310000e-12	1.600000e-04	0.000000e+00	-1.600000e-04
4.400000000000000e+00	4.400000e+00	4.000000e+00	-1.600000e-04	0.000000e+00	-4.410000e-12	1.600000e-04	0.000000e+00	-1.600000e-04
4.500000000000000e+00	4.500000e+00	4.000000e+00	-1.600000e-04	0.000000e+00	-4.510000e-12	1.600000e-04	0.000000e+00	-1.600000e-04
4.600000000000001e+00	4.600000e+00	4.000000e+00	-1.600000e-04	0.000000e+00	-4.610000e-12	1.600000e-04	0.000000e+00	-1.600000e-04
4.700000000000000e+00	4.700000e+00	4.000000e+00	-1.600000e-04	0.000000e+00	-4.710000e-12	1.600000e-04	0.000000e+00	-1.600000e-04
4.800000000000001e+00	4.800000e+00	4.000000e+00	-1.600000e-04	0.000000e+00	-4.810000e-12	1.600000e-04	0.000000e+00	-1.600000e-04
4.900000000000000e+00	4.900000e+00	4.000000e+00	-1.600000e-04	0.000000e+00	-4.910000e-12	1.600000e-04	0.000000e+00	-1.600000e-04
5.000000000000000e+00	5.000000e+00	4.000000e+00	-1.600000e-04	0.000000e+00	-5.010000e-12	1.600000e-04	0.000000e+00	-1.600000e-04
5.100000000000001e+00	5.100000e+00	4.000000e+00	-1.600000e-04	0.000000e+00	-5.110000e-12	1.600000e-04	0.000000e+00	-1.600000e-04
5.200000000000000e+00	5.200000e+00	4.000000e+00	-1.600000e-04	0.000000e+00	-5.210000e-12	1.600000e-04	0.000000e+00	-1.600000e-04
5.300000000000001e+00	5.300000e+00	4.000000e+00	-1.600000e-04	0.000000e+00	-5.310000e-12	1.600000e-04	0.000000e+00	-1.600000e-04
5.400000000000000e+00	5.400000e+00	4.000000e+00	-1.600000e-04	0.000000e+00	-5.410000e-12	1.600000e-04	0.000000e+00	-1.600000e-04
5.500000000000000e+00	5.500000e+00	4.000000e+00	-1.600000e-04	0.000000e+00	-5.510000e-12	1.600000e-04	0.000000e+00	-1.600000e-04
5.600000000000001e+00	5.600000e+00	4.000000e+00	-1.600000e-04	0.000000e+00	-5.610000e-12	1.600000e-04	0.000000e+00	-1.600000e-04
5.700000000000000e+00	5.700000e+00	4.000000e+00	-1.600000e-04	0.000000e+00	-5.710000e-12	1.600000e-04	0.000000e+00	-1.600000e-04
5.800000000000001e+00	5.800000e+00	4.000000e+00	-1.600000e-04	0.000000e+00	-5.810000e-12	1.600000e-04	0.000000e+00	-1.600000e-04
5.900000000000000e+00	5.900000e+00	4.000000e+00	-1.600000e-04	0.000000e+00	-5.910000e-12	1.600000e-04	0.000000e+00	-1.600000e-04
6.000000000000000e+00	6.000000e+00	4.000000e+00	-1.600000e-04	0.000000e+00	-6.010000e-12	1.600000e-04	0.000000e+00	-1.600000e-04
Step Information: Vin=4.1  (Step: 42/51)
0.000000000000000e+00	0.000000e+00	4.100000e+00	0.000000e+00	0.000000e+00	0.000000e+00	0.000000e+00	0.000000e+00	-0.000000e+00
1.000000000000000e-01	1.000000e-01	4.100000e+00	-8.100000e-06	0.000000e+00	-1.097906e-13	8.100000e-06	0.000000e+00	-8.100000e-06
2.000000000000000e-01	2.000000e-01	4.100000e+00	-1.600000e-05	0.000000e+00	-2.099956e-13	1.600000e-05	0.000000e+00	-1.600000e-05
3.000000000000000e-01	3.000000e-01	4.100000e+00	-2.370000e-05	0.000000e+00	-3.099999e-13	2.370000e-05	0.000000e+00	-2.370000e-05
4.000000000000000e-01	4.000000e-01	4.100000e+00	-3.120000e-05	0.000000e+00	-4.100000e-13	3.120000e-05	0.000000e+00	-3.120000e-05
5.000000000000000e-01	5.000000e-01	4.100000e+00	-3.850000e-05	0.000000e+00	-5.100000e-13	3.850000e-05	0.000000e+00	-3.850000e-05
6.000000000000001e-01	6.000000e-01	4.100000e+00	-4.560000e-05	0.000000e+00	-6.100000e-13	4.560000e-05	0.000000e+00	-4.560000e-05
7.000000000000001e-01	7.000000e-01	4.100000e+00	-5.250000e-05	0.000000e+00	-7.100000e-13	5.250000e-05	0.000000e+00	-5.250000e-05
8.000000000000000e-01	8.000000e-01	4.100000e+00	-5.920000e-05	0.000000e+00	-8.100000e-13	5.920000e-05	0.000000e+00	-5.920000e-05
9.000000000000000e-01	9.000000e-01	4.100000e+00	-6.570000e-05	0.000000e+00	-9.100000e-13	6.570000e-05	0.000000e+00	-6.570000e-05
1.000000000000000e+00	1.000000e+00	4.100000e+00	-7.200000e-05	0.000000e+00	-1.010000e-12	7.200000e-05	0.000000e+00	-7.200000e-05
1.100000000000000e+00	1.100000e+00	4.100000e+00	-7.810001e-05	0.000000e+00	-1.110000e-12	7.810001e-05	0.000000e+00	-7.810000e-05
1.200000000000000e+00	1.200000e+00	4.100000e+00	-8.400000e-05	0.000000e+00	-1.210000e-12	8.400000e-05	0.000000e+00	-8.400000e-05
1.300000000000000e+00	1.300000e+00	4.100000e+00	-8.970000e-05	0.000000e+00	-1.310000e-12	8.970000e-05	0.000000e+00	-8.970000e-05
1.400000000000000e+00	1.400000e+00	4.100000e+00	-9.520000e-05	0.000000e+00	-1.410000e-12	9.520000e-05	0.000000e+00	-9.520000e-05
1.500000000000000e+00	1.500000e+00	4.100000e+00	-1.005000e-04	0.000000e+00	-1.510000e-12	1.005000e-04	0.000000e+00	-1.005000e-04
1.600000000000000e+00	1.600000e+00	4.100000e+00	-1.056000e-04	0.000000e+00	-1.610000e-12	1.056000e-04	0.000000e+00	-1.056000e-04
1.700000000000000e+00	1.700000e+00	4.100000e+00	-1.105000e-04	0.000000e+00	-1.710000e-12	1.105000e-04	0.000000e+00	-1.105000e-04
1.800000000000000e+00	1.800000e+00	4.100000e+00	-1.152000e-04	0.000000e+00	-1.810000e-12	1.152000e-04	0.000000e+00	-1.152000e-04
1.900000000000000e+00	1.900000e+00	4.100000e+00	-1.197000e-04	0.000000e+00	-1.910000e-12	1.197000e-04	0.000000e+00	-1.197000e-04
2.000000000000000e+00	2.000000e+00	4.100000e+00	-1.240000e-04	0.000000e+00	-2.010000e-12	1.240000e-04	0.000000e+00	-1.240000e-04
2.100000000000000e+00	2.100000e+00	4.100000e+00	-1.281000e-04	0.000000e+00	-2.110000e-12	1.281000e-04	0.000000e+00	-1.281000e-04
2.200000000000000e+00	2.200000e+00	4.100000e+00	-1.320000e-04	0.000000e+00	-2.210000e-12	1.320000e-04	0.000000e+00	-1.320000e-04
2.300000000000000e+00	2.300000e+00	4.100000e+00	-1.357000e-04	0.000000e+00	-2.310000e-12	1.357000e-04	0.000000e+00	-1.357000e-04
2.400000000000000e+00	2.400000e+00	4.100000e+00	-1.392000e-04	0.000000e+00	-2.410000e-12	1.392000e-04	0.000000e+00	-1.392000e-04
2.500000000000000e+00	2.500000e+00	4.100000e+00	-1.425000e-04	0.000000e+00	-2.510000e-12	1.425000e-04	0.000000e+00	-1.425000e-04
2.600000000000000e+00	2.600000e+00	4.100000e+00	-1.456000e-04	0.000000e+00	-2.610000e-12	1.456000e-04	0.000000e+00	-1.456000e-04
2.700000000000000e+00	2.700000e+00	4.100000e+00	-1.485000e-04	0.000000e+00	-2.710000e-12	1.485000e-04	0.000000e+00	-1.485000e-04
2.800000000000000e+00	2.800000e+00	4.100000e+00	-1.512000e-04	0.000000e+00	-2.810000e-12	1.512000e-04	0.000000e+00	-1.512000e-04
2.900000000000000e+00	2.900000e+00	4.100000e+00	-1.537000e-04	0.000000e+00	-2.910000e-12	1.537000e-04	0.000000e+00	-1.537000e-04
3.000000000000000e+00	3.000000e+00	4.100000e+00	-1.560000e-04	0.000000e+00	-3.010000e-12	1.560000e-04	0.000000e+00	-1.560000e-04
3.100000000000000e+00	3.100000e+00	4.100000e+00	-1.581000e-04	0.000000e+00	-3.110000e-12	1.581000e-04	0.000000e+00	-1.581000e-04
3.200000000000000e+00	3.200000e+00	4.100000e+00	-1.600000e-04	0.000000e+00	-3.210000e-12	1.600000e-04	0.000000e+00	-1.600000e-04
3.300000000000000e+00	3.300000e+00	4.100000e+00	-1.617000e-04	0.000000e+00	-3.310000e-12	1.617000e-04	0.000000e+00	-1.617000e-04
3.400000000000000e+00	3.400000e+00	4.100000e+00	-1.632000e-04	0.000000e+00	-3.410000e-12	1.632000e-04	0.000000e+00	-1.632000e-04
3.500000000000000e+00	3.500000e+00	4.100000e+00	-1.645000e-04	0.000000e+00	-3.510000e-12	1.645000e-04	0.000000e+00	-1.645000e-04
3.600000000000000e+00	3.600000e+00	4.100000e+00	-1.656000e-04	0.000000e+00	-3.610000e-12	1.656000e-04	0.000000e+00	-1.656000e-04
3.700000000000000e+00	3.700000e+00	4.100000e+00	-1.665000e-04	0.000000e+00	-3.710000e-12	1.665000e-04	0.000000e+00	-1.665000e-04
3.800000000000000e+00	3.800000e+00	4.100000e+00	-1.672000e-04	0.000000e+00	-3.810000e-12	1.672000e-04	0.000000e+00	-1.672000e-04
3.900000000000000e+00	3.900000e+00	4.100000e+00	-1.677000e-04	0.000000e+00	-3.910000e-12	1.677000e-04	0.000000e+00	-1.677000e-04
4.000000000000000e+00	4.000000e+00	4.100000e+00	-1.680000e-04	0.000000e+00	-4.010000e-12	1.680000e-04	0.000000e+00	-1.680000e-04
4.100000000000001e+00	4.100000e+00	4.100000e+00	-1.681000e-04	0.000000e+00	-4.110000e-12	1.681000e-04	0.000000e+00	-1.681000e-04
4.200000000000000e+00	4.200000e+00	4.100000e+00	-1.681000e-04	0.000000e+00	-4.210000e-12	1.681000e-04	0.000000e+00	-1.681000e-04
4.300000000000000e+00	4.300000e+00	4.100000e+00	-1.681000e-04	0.000000e+00	-4.310000e-12	1.681000e-04	0.000000e+00	-1.681000e-04
4.400000000000000e+00	4.400000e+00	4.100000e+00	-1.681000e-04	0.000000e+00	-4.410000e-12	1.681000e-04	0.000000e+00	-1.681000e-04
4.500000000000000e+00	4.500000e+00	4.100000e+00	-1.681000e-04	0.000000e+00	-4.510000e-12	1.681000e-04	0.000000e+00	-1.681000e-04
4.600000000000001e+00	4.600000e+00	4.100000e+00	-1.681000e-04	0.000000e+00	-4.610000e-12	1.681000e-04	0.000000e+00	-1.681000e-04
4.700000000000000e+00	4.700000e+00	4.100000e+00	-1.681000e-04	0.000000e+00	-4.710000e-12	1.681000e-04	0.000000e+00	-1.681000e-04
4.800000000000001e+00	4.800000e+00	4.100000e+00	-1.681000e-04	0.000000e+00	-4.810000e-12	1.681000e-04	0.000000e+00	-1.681000e-04
4.900000000000000e+00	4.900000e+00	4.100000e+00	-1.681000e-04	0.000000e+00	-4.910000e-12	1.681000e-04	0.000000e+00	-1.681000e-04
5.000000000000000e+00	5.000000e+00	4.100000e+00	-1.681000e-04	0.000000e+00	-5.010000e-12	1.681000e-04	0.000000e+00	-1.681000e-04
5.100000000000001e+00	5.100000e+00	4.100000e+00	-1.681000e-04	0.000000e+00	-5.110000e-12	1.681000e-04	0.000000e+00	-1.681000e-04
5.200000000000000e+00	5.200000e+00	4.100000e+00	-1.681000e-04	0.000000e+00	-5.210000e-12	1.681000e-04	0.000000e+00	-1.681000e-04
5.300000000000001e+00	5.300000e+00	4.100000e+00	-1.681000e-04	0.000000e+00	-5.310000e-12	1.681000e-04	0.000000e+00	-1.681000e-04
5.400000000000000e+00	5.400000e+00	4.100000e+00	-1.681000e-04	0.000000e+00	-5.410000e-12	1.681000e-04	0.000000e+00	-1.681000e-04
5.500000000000000e+00	5.500000e+00	4.100000e+00	-1.681000e-04	0.000000e+00	-5.510000e-12	1.681000e-04	0.000000e+00	-1.681000e-04
5.600000000000001e+00	5.600000e+00	4.100000e+00	-1.681000e-04	0.000000e+00	-5.610000e-12	1.681000e-04	0.000000e+00	-1.681000e-04
5.700000000000000e+00	5.700000e+00	4.100000e+00	-1.681000e-04	0.000000e+00	-5.710000e-12	1.681000e-04	0.000000e+00	-1.681000e-04
5.800000000000001e+00	5.800000e+00	4.100000e+00	-1.681000e-04	0.000000e+00	-5.810000e-12	1.681000e-04	0.000000e+00	-1.681000e-04
5.900000000000000e+00	5.900000e+00	4.100000e+00	-1.681000e-04	0.000000e+00	-5.910000e-12	1.681000e-04	0.000000e+00	-1.681000e-04
6.000000000000000e+00	6.000000e+00	4.100000e+00	-1.681000e-04	0.000000e+00	-6.010000e-12	1.681000e-04	0.000000e+00	-1.681000e-04
Step Information: Vin=4.2  (Step: 43/51)
0.000000000000000e+00	0.000000e+00	4.200000e+00	0.000000e+00	0.000000e+00	0.000000e+00	0.000000e+00	0.000000e+00	-0.000000e+00
1.000000000000000e-01	1.000000e-01	4.200000e+00	-8.300000e-06	0.000000e+00	-1.097906e-13	8.300000e-06	0.000000e+00	-8.300000e-06
2.000000000000000e-01	2.000000e-01	4.200000e+00	-1.640000e-05	0.000000e+00	-2.099956e-13	1.640000e-05	0.000000e+00	-1.640000e-05
3.000000000000000e-01	3.000000e-01	4.200000e+00	-2.430000e-05	0.000000e+00	-3.099999e-13	2.430000e-05	0.000000e+00	-2.430000e-05
4.000000000000000e-01	4.000000e-01	4.200000e+00	-3.200000e-05	0.000000e+00	-4.100000e-13	3.200000e-05	0.000000e+00	-3.200000e-05
5.000000000000000e-01	5.000000e-01	4.200000e+00	-3.950000e-05	0.000000e+00	-5.100000e-13	3.950000e-05	0.000000e+00	-3.950000e-05
6.000000000000001e-01	6.000000e-01	4.200000e+00	-4.680000e-05	0.000000e+00	-6.100000e-13	4.680000e-05	0.000000e+00	-4.680000e-05
7.000000000000001e-01	7.000000e-01	4.200000e+00	-5.390000e-05	0.000000e+00	-7.100000e-13	5.390000e-05	0.000000e+00	-5.390000e-05
8.000000000000000e-01	8.000000e-01	4.200000e+00	-6.080000e-05	0.000000e+00	-8.100000e-13	6.080000e-05	0.000000e+00	-6.080000e-05
9.000000000000000e-01	9.000000e-01	4.200000e+00	-6.750000e-05	0.000000e+00	-9.100000e-13	6.750000e-05	0.000000e+00	-6.750000e-05
1.000000000000000e+00	1.000000e+00	4.200000e+00	-7.400000e-05	0.000000e+00	-1.010000e-12	7.400000e-05	0.000000e+00	-7.400000e-05
1.100000000000000e+00	1.100000e+00	4.200000e+00	-8.030000e-05	0.000000e+00	-1.110000e-12	8.030000e-05	0.000000e+00	-8.030000e-05
1.200000000000000e+00	1.200000e+00	4.200000e+00	-8.640000e-05	0.000000e+00	-1.210000e-12	8.640000e-05	0.000000e+00	-8.640000e-05
1.300000000000000e+00	1.300000e+00	4.200000e+00	-9.230000e-05	0.000000e+00	-1.310000e-12	9.230000e-05	0.000000e+00	-9.230000e-05
1.400000000000000e+00	1.400000e+00	4.200000e+00	-9.800000e-05	0.000000e+00	-1.410000e-12	9.800000e-05	0.000000e+00	-9.800000e-05
1.500000000000000e+00	1.500000e+00	4.200000e+00	-1.035000e-04	0.000000e+00	-1.510000e-12	1.035000e-04	0.000000e+00	-1.035000e-04
1.600000000000000e+00	1.600000e+00	4.200000e+00	-1.088000e-04	0.000000e+00	-1.610000e-12	1.088000e-04	0.000000e+00	-1.088000e-04
1.700000000000000e+00	1.700000e+00	4.200000e+00	-1.139000e-04	0.000000e+00	-1.710000e-12	1.139000e-04	0.000000e+00	-1.139000e-04
1.800000000000000e+00	1.800000e+00	4.200000e+00	-1.188000e-04	0.000000e+00	-1.810000e-12	1.188000e-04	0.000000e+00	-1.188000e-04
1.900000000000000e+00	1.900000e+00	4.200000e+00	-1.235000e-04	0.000000e+00	-1.910000e-12	1.235000e-04	0.000000e+00	-1.235000e-04
2.000000000000000e+00	2.000000e+00	4.200000e+00	-1.280000e-04	0.000000e+00	-2.010000e-12	1.280000e-04	0.000000e+00	-1.280000e-04
2.100000000000000e+00	2.100000e+00	4.200000e+00	-1.323000e-04	0.000000e+00	-2.110000e-12	1.323000e-04	0.000000e+00	-1.323000e-04
2.200000000000000e+00	2.200000e+00	4.200000e+00	-1.364000e-04	0.000000e+00	-2.210000e-12	1.364000e-04	0.000000e+00	-1.364000e-04
2.300000000000000e+00	2.300000e+00	4.200000e+00	-1.403000e-04	0.000000e+00	-2.310000e-12	1.403000e-04	0.000000e+00	-1.403000e-04
2.400000000000000e+00	2.400000e+00	4.200000e+00	-1.440000e-04	0.000000e+00	-2.410000e-12	1.440000e-04	0.000000e+00	-1.440000e-04
2.500000000000000e+00	2.500000e+00	4.200000e+00	-1.475000e-04	0.000000e+00	-2.510000e-12	1.475000e-04	0.000000e+00	-1.475000e-04
2.600000000000000e+00	2.600000e+00	4.200000e+00	-1.508000e-04	0.000000e+00	-2.610000e-12	1.508000e-04	0.000000e+00	-1.508000e-04
2.700000000000000e+00	2.700000e+00	4.200000e+00	-1.539000e-04	0.000000e+00	-2.710000e-12	1.539000e-04	0.000000e+00	-1.539000e-04
2.800000000000000e+00	2.800000e+00	4.200000e+00	-1.568000e-04	0.000000e+00	-2.810000e-12	1.568000e-04	0.000000e+00	-1.568000e-04
2.900000000000000e+00	2.900000e+00	4.200000e+00	-1.595000e-04	0.000000e+00	-2.910000e-12	1.595000e-04	0.000000e+00	-1.595000e-04
3.000000000000000e+00	3.000000e+00	4.200000e+00	-1.620000e-04	0.000000e+00	-3.010000e-12	1.620000e-04	0.000000e+00	-1.620000e-04
3.100000000000000e+00	3.100000e+00	4.200000e+00	-1.643000e-04	0.000000e+00	-3.110000e-12	1.643000e-04	0.000000e+00	-1.643000e-04
3.200000000000000e+00	3.200000e+00	4.200000e+00	-1.664000e-04	0.000000e+00	-3.210000e-12	1.664000e-04	0.000000e+00	-1.664000e-04
3.300000000000000e+00	3.300000e+00	4.200000e+00	-1.683000e-04	0.000000e+00	-3.310000e-12	1.683000e-04	0.000000e+00	-1.683000e-04
3.400000000000000e+00	3.400000e+00	4.200000e+00	-1.700000e-04	0.000000e+00	-3.410000e-12	1.700000e-04	0.000000e+00	-1.700000e-04
3.500000000000000e+00	3.500000e+00	4.200000e+00	-1.715000e-04	0.000000e+00	-3.510000e-12	1.715000e-04	0.000000e+00	-1.715000e-04
3.600000000000000e+00	3.600000e+00	4.200000e+00	-1.728000e-04	0.000000e+00	-3.610000e-12	1.728000e-04	0.000000e+00	-1.728000e-04
3.700000000000000e+00	3.700000e+00	4.200000e+00	-1.739000e-04	0.000000e+00	-3.710000e-12	1.739000e-04	0.000000e+00	-1.739000e-04
3.800000000000000e+00	3.800000e+00	4.200000e+00	-1.748000e-04	0.000000e+00	-3.810000e-12	1.748000e-04	0.000000e+00	-1.748000e-04
3.900000000000000e+00	3.900000e+00	4.200000e+00	-1.755000e-04	0.000000e+00	-3.910000e-12	1.755000e-04	0.000000e+00	-1.755000e-04
4.000000000000000e+00	4.000000e+00	4.200000e+00	-1.760000e-04	0.000000e+00	-4.010000e-12	1.760000e-04	0.000000e+00	-1.760000e-04
4.100000000000001e+00	4.100000e+00	4.200000e+00	-1.763000e-04	0.000000e+00	-4.110000e-12	1.763000e-04	0.000000e+00	-1.763000e-04
4.200000000000000e+00	4.200000e+00	4.200000e+00	-1.764000e-04	0.000000e+00	-4.210000e-12	1.764000e-04	0.000000e+00	-1.764000e-04
4.300000000000000e+00	4.300000e+00	4.200000e+00	-1.764000e-04	0.000000e+00	-4.310000e-12	1.764000e-04	0.000000e+00	-1.764000e-04
4.400000000000000e+00	4.400000e+00	4.200000e+00	-1.764000e-04	0.000000e+00	-4.410000e-12	1.764000e-04	0.000000e+00	-1.764000e-04
4.500000000000000e+00	4.500000e+00	4.200000e+00	-1.764000e-04	0.000000e+00	-4.510000e-12	1.764000e-04	0.000000e+00	-1.764000e-04
4.600000000000001e+00	4.600000e+00	4.200000e+00	-1.764000e-04	0.000000e+00	-4.610000e-12	1.764000e-04	0.000000e+00	-1.764000e-04
4.700000000000000e+00	4.700000e+00	4.200000e+00	-1.764000e-04	0.000000e+00	-4.710000e-12	1.764000e-04	0.000000e+00	-1.764000e-04
4.800000000000001e+00	4.800000e+00	4.200000e+00	-1.764000e-04	0.000000e+00	-4.810000e-12	1.764000e-04	0.000000e+00	-1.764000e-04
4.900000000000000e+00	4.900000e+00	4.200000e+00	-1.764000e-04	0.000000e+00	-4.910000e-12	1.764000e-04	0.000000e+00	-1.764000e-04
5.000000000000000e+00	5.000000e+00	4.200000e+00	-1.764000e-04	0.000000e+00	-5.010000e-12	1.764000e-04	0.000000e+00	-1.764000e-04
5.100000000000001e+00	5.100000e+00	4.200000e+00	-1.764000e-04	0.000000e+00	-5.110000e-12	1.764000e-04	0.000000e+00	-1.764000e-04
5.200000000000000e+00	5.200000e+00	4.200000e+00	-1.764000e-04	0.000000e+00	-5.210000e-12	1.764000e-04	0.000000e+00	-1.764000e-04
5.300000000000001e+00	5.300000e+00	4.200000e+00	-1.764000e-04	0.000000e+00	-5.310000e-12	1.764000e-04	0.000000e+00	-1.764000e-04
5.400000000000000e+00	5.400000e+00	4.200000e+00	-1.764000e-04	0.000000e+00	-5.410000e-12	1.764000e-04	0.000000e+00	-1.764000e-04
5.500000000000000e+00	5.500000e+00	4.200000e+00	-1.764000e-04	0.000000e+00	-5.510000e-12	1.764000e-04	0.000000e+00	-1.764000e-04
5.600000000000001e+00	5.600000e+00	4.200000e+00	-1.764000e-04	0.000000e+00	-5.610000e-12	1.764000e-04	0.000000e+00	-1.764000e-04
5.700000000000000e+00	5.700000e+00	4.200000e+00	-1.764000e-04	0.000000e+00	-5.710000e-12	1.764000e-04	0.000000e+00	-1.764000e-04
5.800000000000001e+00	5.800000e+00	4.200000e+00	-1.764000e-04	0.000000e+00	-5.810000e-12	1.764000e-04	0.000000e+00	-1.764000e-04
5.900000000000000e+00	5.900000e+00	4.200000e+00	-1.764000e-04	0.000000e+00	-5.910000e-12	1.764000e-04	0.000000e+00	-1.764000e-04
6.000000000000000e+00	6.000000e+00	4.200000e+00	-1.764000e-04	0.000000e+00	-6.010000e-12	1.764000e-04	0.000000e+00	-1.764000e-04
Step Information: Vin=4.3  (Step: 44/51)
0.000000000000000e+00	0.000000e+00	4.300000e+00	0.000000e+00	0.000000e+00	0.000000e+00	0.000000e+00	0.000000e+00	-0.000000e+00
1.000000000000000e-01	1.000000e-01	4.300000e+00	-8.500000e-06	0.000000e+00	-1.097906e-13	8.500000e-06	0.000000e+00	-8.500000e-06
2.000000000000000e-01	2.000000e-01	4.300000e+00	-1.680000e-05	0.000000e+00	-2.099956e-13	1.680000e-05	0.000000e+00	-1.680000e-05
3.000000000000000e-01	3.000000e-01	4.300000e+00	-2.490000e-05	0.000000e+00	-3.099999e-13	2.490000e-05	0.000000e+00	-2.490000e-05
4.000000000000000e-01	4.000000e-01	4.300000e+00	-3.280000e-05	0.000000e+00	-4.100000e-13	3.280000e-05	0.000000e+00	-3.280000e-05
5.000000000000000e-01	5.000000e-01	4.300000e+00	-4.050000e-05	0.000000e+00	-5.100000e-13	4.050000e-05	0.000000e+00	-4.050000e-05
6.000000000000001e-01	6.000000e-01	4.300000e+00	-4.800000e-05	0.000000e+00	-6.100000e-13	4.800000e-05	0.000000e+00	-4.800000e-05
7.000000000000001e-01	7.000000e-01	4.300000e+00	-5.530000e-05	0.000000e+00	-7.100000e-13	5.530000e-05	0.000000e+00	-5.530000e-05
8.000000000000000e-01	8.000000e-01	4.300000e+00	-6.240000e-05	0.000000e+00	-8.100000e-13	6.240000e-05	0.000000e+00	-6.240000e-05
9.000000000000000e-01	9.000000e-01	4.300000e+00	-6.930000e-05	0.000000e+00	-9.100000e-13	6.930000e-05	0.000000e+00	-6.930000e-05
1.000000000000000e+00	1.000000e+00	4.300000e+00	-7.600000e-05	0.000000e+00	-1.010000e-12	7.600000e-05	0.000000e+00	-7.600000e-05
1.100000000000000e+00	1.100000e+00	4.300000e+00	-8.250000e-05	0.000000e+00	-1.110000e-12	8.250000e-05	0.000000e+00	-8.250000e-05
1.200000000000000e+00	1.200000e+00	4.300000e+00	-8.880000e-05	0.000000e+00	-1.210000e-12	8.880000e-05	0.000000e+00	-8.880000e-05
1.300000000000000e+00	1.300000e+00	4.300000e+00	-9.490000e-05	0.000000e+00	-1.310000e-12	9.490000e-05	0.000000e+00	-9.490000e-05
1.400000000000000e+00	1.400000e+00	4.300000e+00	-1.008000e-04	0.000000e+00	-1.410000e-12	1.008000e-04	0.000000e+00	-1.008000e-04
1.500000000000000e+00	1.500000e+00	4.300000e+00	-1.065000e-04	0.000000e+00	-1.510000e-12	1.065000e-04	0.000000e+00	-1.065000e-04
1.600000000000000e+00	1.600000e+00	4.300000e+00	-1.120000e-04	0.000000e+00	-1.610000e-12	1.120000e-04	0.000000e+00	-1.120000e-04
1.700000000000000e+00	1.700000e+00	4.300000e+00	-1.173000e-04	0.000000e+00	-1.710000e-12	1.173000e-04	0.000000e+00	-1.173000e-04
1.800000000000000e+00	1.800000e+00	4.300000e+00	-1.224000e-04	0.000000e+00	-1.810000e-12	1.224000e-04	0.000000e+00	-1.224000e-04
1.900000000000000e+00	1.900000e+00	4.300000e+00	-1.273000e-04	0.000000e+00	-1.910000e-12	1.273000e-04	0.000000e+00	-1.273000e-04
2.000000000000000e+00	2.000000e+00	4.300000e+00	-1.320000e-04	0.000000e+00	-2.010000e-12	1.320000e-04	0.000000e+00	-1.320000e-04
2.100000000000000e+00	2.100000e+00	4.300000e+00	-1.365000e-04	0.000000e+00	-2.110000e-12	1.365000e-04	0.000000e+00	-1.365000e-04
2.200000000000000e+00	2.200000e+00	4.300000e+00	-1.408000e-04	0.000000e+00	-2.210000e-12	1.408000e-04	0.000000e+00	-1.408000e-04
2.300000000000000e+00	2.300000e+00	4.300000e+00	-1.449000e-04	0.000000e+00	-2.310000e-12	1.449000e-04	0.000000e+00	-1.449000e-04
2.400000000000000e+00	2.400000e+00	4.300000e+00	-1.488000e-04	0.000000e+00	-2.410000e-12	1.488000e-04	0.000000e+00	-1.488000e-04
2.500000000000000e+00	2.500000e+00	4.300000e+00	-1.525000e-04	0.000000e+00	-2.510000e-12	1.525000e-04	0.000000e+00	-1.525000e-04
2.600000000000000e+00	2.600000e+00	4.300000e+00	-1.560000e-04	0.000000e+00	-2.610000e-12	1.560000e-04	0.000000e+00	-1.560000e-04
2.700000000000000e+00	2.700000e+00	4.300000e+00	-1.593000e-04	0.000000e+00	-2.710000e-12	1.593000e-04	0.000000e+00	-1.593000e-04
2.800000000000000e+00	2.800000e+00	4.300000e+00	-1.624000e-04	0.000000e+00	-2.810000e-12	1.624000e-04	0.000000e+00	-1.624000e-04
2.900000000000000e+00	2.900000e+00	4.300000e+00	-1.653000e-04	0.000000e+00	-2.910000e-12	1.653000e-04	0.000000e+00	-1.653000e-04
3.000000000000000e+00	3.000000e+00	4.300000e+00	-1.680000e-04	0.000000e+00	-3.010000e-12	1.680000e-04	0.000000e+00	-1.680000e-04
3.100000000000000e+00	3.100000e+00	4.300000e+00	-1.705000e-04	0.000000e+00	-3.110000e-12	1.705000e-04	0.000000e+00	-1.705000e-04
3.200000000000000e+00	3.200000e+00	4.300000e+00	-1.728000e-04	0.000000e+00	-3.210000e-12	1.728000e-04	0.000000e+00	-1.728000e-04
3.300000000000000e+00	3.300000e+00	4.300000e+00	-1.749000e-04	0.000000e+00	-3.310000e-12	1.749000e-04	0.000000e+00	-1.749000e-04
3.400000000000000e+00	3.400000e+00	4.300000e+00	-1.768000e-04	0.000000e+00	-3.410000e-12	1.768000e-04	0.000000e+00	-1.768000e-04
3.500000000000000e+00	3.500000e+00	4.300000e+00	-1.785000e-04	0.000000e+00	-3.510000e-12	1.785000e-04	0.000000e+00	-1.785000e-04
3.600000000000000e+00	3.600000e+00	4.300000e+00	-1.800000e-04	0.000000e+00	-3.610000e-12	1.800000e-04	0.000000e+00	-1.800000e-04
3.700000000000000e+00	3.700000e+00	4.300000e+00	-1.813000e-04	0.000000e+00	-3.710000e-12	1.813000e-04	0.000000e+00	-1.813000e-04
3.800000000000000e+00	3.800000e+00	4.300000e+00	-1.824000e-04	0.000000e+00	-3.810000e-12	1.824000e-04	0.000000e+00	-1.824000e-04
3.900000000000000e+00	3.900000e+00	4.300000e+00	-1.833000e-04	0.000000e+00	-3.910000e-12	1.833000e-04	0.000000e+00	-1.833000e-04
4.000000000000000e+00	4.000000e+00	4.300000e+00	-1.840000e-04	0.000000e+00	-4.010000e-12	1.840000e-04	0.000000e+00	-1.840000e-04
4.100000000000001e+00	4.100000e+00	4.300000e+00	-1.845000e-04	0.000000e+00	-4.110000e-12	1.845000e-04	0.000000e+00	-1.845000e-04
4.200000000000000e+00	4.200000e+00	4.300000e+00	-1.848000e-04	0.000000e+00	-4.210000e-12	1.848000e-04	0.000000e+00	-1.848000e-04
4.300000000000000e+00	4.300000e+00	4.300000e+00	-1.849000e-04	0.000000e+00	-4.310000e-12	1.849000e-04	0.000000e+00	-1.849000e-04
4.400000000000000e+00	4.400000e+00	4.300000e+00	-1.849000e-04	0.000000e+00	-4.410000e-12	1.849000e-04	0.000000e+00	-1.849000e-04
4.500000000000000e+00	4.500000e+00	4.300000e+00	-1.849000e-04	0.000000e+00	-4.510000e-12	1.849000e-04	0.000000e+00	-1.849000e-04
4.600000000000001e+00	4.600000e+00	4.300000e+00	-1.849000e-04	0.000000e+00	-4.610000e-12	1.849000e-04	0.000000e+00	-1.849000e-04
4.700000000000000e+00	4.700000e+00	4.300000e+00	-1.849000e-04	0.000000e+00	-4.710000e-12	1.849000e-04	0.000000e+00	-1.849000e-04
4.800000000000001e+00	4.800000e+00	4.300000e+00	-1.849000e-04	0.000000e+00	-4.810000e-12	1.849000e-04	0.000000e+00	-1.849000e-04
4.900000000000000e+00	4.900000e+00	4.300000e+00	-1.849000e-04	0.000000e+00	-4.910000e-12	1.849000e-04	0.000000e+00	-1.849000e-04
5.000000000000000e+00	5.000000e+00	4.300000e+00	-1.849000e-04	0.000000e+00	-5.010000e-12	1.849000e-04	0.000000e+00	-1.849000e-04
5.100000000000001e+00	5.100000e+00	4.300000e+00	-1.849000e-04	0.000000e+00	-5.110000e-12	1.849000e-04	0.000000e+00	-1.849000e-04
5.200000000000000e+00	5.200000e+00	4.300000e+00	-1.849000e-04	0.000000e+00	-5.210000e-12	1.849000e-04	0.000000e+00	-1.849000e-04
5.300000000000001e+00	5.300000e+00	4.300000e+00	-1.849000e-04	0.000000e+00	-5.310000e-12	1.849000e-04	0.000000e+00	-1.849000e-04
5.400000000000000e+00	5.400000e+00	4.300000e+00	-1.849000e-04	0.000000e+00	-5.410000e-12	1.849000e-04	0.000000e+00	-1.849000e-04
5.500000000000000e+00	5.500000e+00	4.300000e+00	-1.849000e-04	0.000000e+00	-5.510000e-12	1.849000e-04	0.000000e+00	-1.849000e-04
5.600000000000001e+00	5.600000e+00	4.300000e+00	-1.849000e-04	0.000000e+00	-5.610000e-12	1.849000e-04	0.000000e+00	-1.849000e-04
5.700000000000000e+00	5.700000e+00	4.300000e+00	-1.849000e-04	0.000000e+00	-5.710000e-12	1.849000e-04	0.000000e+00	-1.849000e-04
5.800000000000001e+00	5.800000e+00	4.300000e+00	-1.849000e-04	0.000000e+00	-5.810000e-12	1.849000e-04	0.000000e+00	-1.849000e-04
5.900000000000000e+00	5.900000e+00	4.300000e+00	-1.849000e-04	0.000000e+00	-5.910000e-12	1.849000e-04	0.000000e+00	-1.849000e-04
6.000000000000000e+00	6.000000e+00	4.300000e+00	-1.849000e-04	0.000000e+00	-6.010000e-12	1.849000e-04	0.000000e+00	-1.849000e-04
Step Information: Vin=4.4  (Step: 45/51)
0.000000000000000e+00	0.000000e+00	4.400000e+00	0.000000e+00	0.000000e+00	0.000000e+00	0.000000e+00	0.000000e+00	-0.000000e+00
1.000000000000000e-01	1.000000e-01	4.400000e+00	-8.700000e-06	0.000000e+00	-1.097906e-13	8.700000e-06	0.000000e+00	-8.700000e-06
2.000000000000000e-01	2.000000e-01	4.400000e+00	-1.720000e-05	0.000000e+00	-2.099956e-13	1.720000e-05	0.000000e+00	-1.720000e-05
3.000000000000000e-01	3.000000e-01	4.400000e+00	-2.550000e-05	0.000000e+00	-3.099999e-13	2.550000e-05	0.000000e+00	-2.550000e-05
4.000000000000000e-01	4.000000e-01	4.400000e+00	-3.360000e-05	0.000000e+00	-4.100000e-13	3.360000e-05	0.000000e+00	-3.360000e-05
5.000000000000000e-01	5.000000e-01	4.400000e+00	-4.150000e-05	0.000000e+00	-5.100000e-13	4.150000e-05	0.000000e+00	-4.150000e-05
6.000000000000001e-01	6.000000e-01	4.400000e+00	-4.920000e-05	0.000000e+00	-6.100000e-13	4.920000e-05	0.000000e+00	-4.920000e-05
7.000000000000001e-01	7.000000e-01	4.400000e+00	-5.670000e-05	0.000000e+00	-7.100000e-13	5.670000e-05	0.000000e+00	-5.670000e-05
8.000000000000000e-01	8.000000e-01	4.400000e+00	-6.400000e-05	0.000000e+00	-8.100000e-13	6.400000e-05	0.000000e+00	-6.400000e-05
9.000000000000000e-01	9.000000e-01	4.400000e+00	-7.110000e-05	0.000000e+00	-9.100000e-13	7.110000e-05	0.000000e+00	-7.110000e-05
1.000000000000000e+00	1.000000e+00	4.400000e+00	-7.800000e-05	0.000000e+00	-1.010000e-12	7.800000e-05	0.000000e+00	-7.800000e-05
1.100000000000000e+00	1.100000e+00	4.400000e+00	-8.470000e-05	0.000000e+00	-1.110000e-12	8.470000e-05	0.000000e+00	-8.470000e-05
1.200000000000000e+00	1.200000e+00	4.400000e+00	-9.120000e-05	0.000000e+00	-1.210000e-12	9.120000e-05	0.000000e+00	-9.120000e-05
1.300000000000000e+00	1.300000e+00	4.400000e+00	-9.750000e-05	0.000000e+00	-1.310000e-12	9.750000e-05	0.000000e+00	-9.750000e-05
1.400000000000000e+00	1.400000e+00	4.400000e+00	-1.036000e-04	0.000000e+00	-1.410000e-12	1.036000e-04	0.000000e+00	-1.036000e-04
1.500000000000000e+00	1.500000e+00	4.400000e+00	-1.095000e-04	0.000000e+00	-1.510000e-12	1.095000e-04	0.000000e+00	-1.095000e-04
1.600000000000000e+00	1.600000e+00	4.400000e+00	-1.152000e-04	0.000000e+00	-1.610000e-12	1.152000e-04	0.000000e+00	-1.152000e-04
1.700000000000000e+00	1.700000e+00	4.400000e+00	-1.207000e-04	0.000000e+00	-1.710000e-12	1.207000e-04	0.000000e+00	-1.207000e-04
1.800000000000000e+00	1.800000e+00	4.400000e+00	-1.260000e-04	0.000000e+00	-1.810000e-12	1.260000e-04	0.000000e+00	-1.260000e-04
1.900000000000000e+00	1.900000e+00	4.400000e+00	-1.311000e-04	0.000000e+00	-1.910000e-12	1.311000e-04	0.000000e+00	-1.311000e-04
2.000000000000000e+00	2.000000e+00	4.400000e+00	-1.360000e-04	0.000000e+00	-2.010000e-12	1.360000e-04	0.000000e+00	-1.360000e-04
2.100000000000000e+00	2.100000e+00	4.400000e+00	-1.407000e-04	0.000000e+00	-2.110000e-12	1.407000e-04	0.000000e+00	-1.407000e-04
2.200000000000000e+00	2.200000e+00	4.400000e+00	-1.452000e-04	0.000000e+00	-2.210000e-12	1.452000e-04	0.000000e+00	-1.452000e-04
2.300000000000000e+00	2.300000e+00	4.400000e+00	-1.495000e-04	0.000000e+00	-2.310000e-12	1.495000e-04	0.000000e+00	-1.495000e-04
2.400000000000000e+00	2.400000e+00	4.400000e+00	-1.536000e-04	0.000000e+00	-2.410000e-12	1.536000e-04	0.000000e+00	-1.536000e-04
2.500000000000000e+00	2.500000e+00	4.400000e+00	-1.575000e-04	0.000000e+00	-2.510000e-12	1.575000e-04	0.000000e+00	-1.575000e-04
2.600000000000000e+00	2.600000e+00	4.400000e+00	-1.612000e-04	0.000000e+00	-2.610000e-12	1.612000e-04	0.000000e+00	-1.612000e-04
2.700000000000000e+00	2.700000e+00	4.400000e+00	-1.647000e-04	0.000000e+00	-2.710000e-12	1.647000e-04	0.000000e+00	-1.647000e-04
2.800000000000000e+00	2.800000e+00	4.400000e+00	-1.680000e-04	0.000000e+00	-2.810000e-12	1.680000e-04	0.000000e+00	-1.680000e-04
2.900000000000000e+00	2.900000e+00	4.400000e+00	-1.711000e-04	0.000000e+00	-2.910000e-12	1.711000e-04	0.000000e+00	-1.711000e-04
3.000000000000000e+00	3.000000e+00	4.400000e+00	-1.740000e-04	0.000000e+00	-3.010000e-12	1.740000e-04	0.000000e+00	-1.740000e-04
3.100000000000000e+00	3.100000e+00	4.400000e+00	-1.767000e-04	0.000000e+00	-3.110000e-12	1.767000e-04	0.000000e+00	-1.767000e-04
3.200000000000000e+00	3.200000e+00	4.400000e+00	-1.792000e-04	0.000000e+00	-3.210000e-12	1.792000e-04	0.000000e+00	-1.792000e-04
3.300000000000000e+00	3.300000e+00	4.400000e+00	-1.815000e-04	0.000000e+00	-3.310000e-12	1.815000e-04	0.000000e+00	-1.815000e-04
3.400000000000000e+00	3.400000e+00	4.400000e+00	-1.836000e-04	0.000000e+00	-3.410000e-12	1.836000e-04	0.000000e+00	-1.836000e-04
3.500000000000000e+00	3.500000e+00	4.400000e+00	-1.855000e-04	0.000000e+00	-3.510000e-12	1.855000e-04	0.000000e+00	-1.855000e-04
3.600000000000000e+00	3.600000e+00	4.400000e+00	-1.872000e-04	0.000000e+00	-3.610000e-12	1.872000e-04	0.000000e+00	-1.872000e-04
3.700000000000000e+00	3.700000e+00	4.400000e+00	-1.887000e-04	0.000000e+00	-3.710000e-12	1.887000e-04	0.000000e+00	-1.887000e-04
3.800000000000000e+00	3.800000e+00	4.400000e+00	-1.900000e-04	0.000000e+00	-3.810000e-12	1.900000e-04	0.000000e+00	-1.900000e-04
3.900000000000000e+00	3.900000e+00	4.400000e+00	-1.911000e-04	0.000000e+00	-3.910000e-12	1.911000e-04	0.000000e+00	-1.911000e-04
4.000000000000000e+00	4.000000e+00	4.400000e+00	-1.920000e-04	0.000000e+00	-4.010000e-12	1.920000e-04	0.000000e+00	-1.920000e-04
4.100000000000001e+00	4.100000e+00	4.400000e+00	-1.927000e-04	0.000000e+00	-4.110000e-12	1.927000e-04	0.000000e+00	-1.927000e-04
4.200000000000000e+00	4.200000e+00	4.400000e+00	-1.932000e-04	0.000000e+00	-4.210000e-12	1.932000e-04	0.000000e+00	-1.932000e-04
4.300000000000000e+00	4.300000e+00	4.400000e+00	-1.935000e-04	0.000000e+00	-4.310000e-12	1.935000e-04	0.000000e+00	-1.935000e-04
4.400000000000000e+00	4.400000e+00	4.400000e+00	-1.936000e-04	0.000000e+00	-4.410000e-12	1.936000e-04	0.000000e+00	-1.936000e-04
4.500000000000000e+00	4.500000e+00	4.400000e+00	-1.936000e-04	0.000000e+00	-4.510000e-12	1.936000e-04	0.000000e+00	-1.936000e-04
4.600000000000001e+00	4.600000e+00	4.400000e+00	-1.936000e-04	0.000000e+00	-4.610000e-12	1.936000e-04	0.000000e+00	-1.936000e-04
4.700000000000000e+00	4.700000e+00	4.400000e+00	-1.936000e-04	0.000000e+00	-4.710000e-12	1.936000e-04	0.000000e+00	-1.936000e-04
4.800000000000001e+00	4.800000e+00	4.400000e+00	-1.936000e-04	0.000000e+00	-4.810000e-12	1.936000e-04	0.000000e+00	-1.936000e-04
4.900000000000000e+00	4.900000e+00	4.400000e+00	-1.936000e-04	0.000000e+00	-4.910000e-12	1.936000e-04	0.000000e+00	-1.936000e-04
5.000000000000000e+00	5.000000e+00	4.400000e+00	-1.936000e-04	0.000000e+00	-5.010000e-12	1.936000e-04	0.000000e+00	-1.936000e-04
5.100000000000001e+00	5.100000e+00	4.400000e+00	-1.936000e-04	0.000000e+00	-5.110000e-12	1.936000e-04	0.000000e+00	-1.936000e-04
5.200000000000000e+00	5.200000e+00	4.400000e+00	-1.936000e-04	0.000000e+00	-5.210000e-12	1.936000e-04	0.000000e+00	-1.936000e-04
5.300000000000001e+00	5.300000e+00	4.400000e+00	-1.936000e-04	0.000000e+00	-5.310000e-12	1.936000e-04	0.000000e+00	-1.936000e-04
5.400000000000000e+00	5.400000e+00	4.400000e+00	-1.936000e-04	0.000000e+00	-5.410000e-12	1.936000e-04	0.000000e+00	-1.936000e-04
5.500000000000000e+00	5.500000e+00	4.400000e+00	-1.936000e-04	0.000000e+00	-5.510000e-12	1.936000e-04	0.000000e+00	-1.936000e-04
5.600000000000001e+00	5.600000e+00	4.400000e+00	-1.936000e-04	0.000000e+00	-5.610000e-12	1.936000e-04	0.000000e+00	-1.936000e-04
5.700000000000000e+00	5.700000e+00	4.400000e+00	-1.936000e-04	0.000000e+00	-5.710000e-12	1.936000e-04	0.000000e+00	-1.936000e-04
5.800000000000001e+00	5.800000e+00	4.400000e+00	-1.936000e-04	0.000000e+00	-5.810000e-12	1.936000e-04	0.000000e+00	-1.936000e-04
5.900000000000000e+00	5.900000e+00	4.400000e+00	-1.936000e-04	0.000000e+00	-5.910000e-12	1.936000e-04	0.000000e+00	-1.936000e-04
6.000000000000000e+00	6.000000e+00	4.400000e+00	-1.936000e-04	0.000000e+00	-6.010000e-12	1.936000e-04	0.000000e+00	-1.936000e-04
Step Information: Vin=4.5  (Step: 46/51)
0.000000000000000e+00	0.000000e+00	4.500000e+00	0.000000e+00	0.000000e+00	0.000000e+00	0.000000e+00	0.000000e+00	-0.000000e+00
1.000000000000000e-01	1.000000e-01	4.500000e+00	-8.900000e-06	0.000000e+00	-1.097906e-13	8.900000e-06	0.000000e+00	-8.900000e-06
2.000000000000000e-01	2.000000e-01	4.500000e+00	-1.760000e-05	0.000000e+00	-2.099956e-13	1.760000e-05	0.000000e+00	-1.760000e-05
3.000000000000000e-01	3.000000e-01	4.500000e+00	-2.610000e-05	0.000000e+00	-3.099999e-13	2.610000e-05	0.000000e+00	-2.610000e-05
4.000000000000000e-01	4.000000e-01	4.500000e+00	-3.440000e-05	0.000000e+00	-4.100000e-13	3.440000e-05	0.000000e+00	-3.440000e-05
5.000000000000000e-01	5.000000e-01	4.500000e+00	-4.250000e-05	0.000000e+00	-5.100000e-13	4.250000e-05	0.000000e+00	-4.250000e-05
6.000000000000001e-01	6.000000e-01	4.500000e+00	-5.040000e-05	0.000000e+00	-6.100000e-13	5.040000e-05	0.000000e+00	-5.040000e-05
7.000000000000001e-01	7.000000e-01	4.500000e+00	-5.810000e-05	0.000000e+00	-7.100000e-13	5.810000e-05	0.000000e+00	-5.810000e-05
8.000000000000000e-01	8.000000e-01	4.500000e+00	-6.560000e-05	0.000000e+00	-8.100000e-13	6.560000e-05	0.000000e+00	-6.560000e-05
9.000000000000000e-01	9.000000e-01	4.500000e+00	-7.290000e-05	0.000000e+00	-9.100000e-13	7.290000e-05	0.000000e+00	-7.290000e-05
1.000000000000000e+00	1.000000e+00	4.500000e+00	-8.000001e-05	0.000000e+00	-1.010000e-12	8.000001e-05	0.000000e+00	-8.000000e-05
1.100000000000000e+00	1.100000e+00	4.500000e+00	-8.690000e-05	0.000000e+00	-1.110000e-12	8.690000e-05	0.000000e+00	-8.690000e-05
1.200000000000000e+00	1.200000e+00	4.500000e+00	-9.360000e-05	0.000000e+00	-1.210000e-12	9.360000e-05	0.000000e+00	-9.360000e-05
1.300000000000000e+00	1.300000e+00	4.500000e+00	-1.001000e-04	0.000000e+00	-1.310000e-12	1.001000e-04	0.000000e+00	-1.001000e-04
1.400000000000000e+00	1.400000e+00	4.500000e+00	-1.064000e-04	0.000000e+00	-1.410000e-12	1.064000e-04	0.000000e+00	-1.064000e-04
1.500000000000000e+00	1.500000e+00	4.500000e+00	-1.125000e-04	0.000000e+00	-1.510000e-12	1.125000e-04	0.000000e+00	-1.125000e-04
1.600000000000000e+00	1.600000e+00	4.500000e+00	-1.184000e-04	0.000000e+00	-1.610000e-12	1.184000e-04	0.000000e+00	-1.184000e-04
1.700000000000000e+00	1.700000e+00	4.500000e+00	-1.241000e-04	0.000000e+00	-1.710000e-12	1.241000e-04	0.000000e+00	-1.241000e-04
1.800000000000000e+00	1.800000e+00	4.500000e+00	-1.296000e-04	0.000000e+00	-1.810000e-12	1.296000e-04	0.000000e+00	-1.296000e-04
1.900000000000000e+00	1.900000e+00	4.500000e+00	-1.349000e-04	0.000000e+00	-1.910000e-12	1.349000e-04	0.000000e+00	-1.349000e-04
2.000000000000000e+00	2.000000e+00	4.500000e+00	-1.400000e-04	0.000000e+00	-2.010000e-12	1.400000e-04	0.000000e+00	-1.400000e-04
2.100000000000000e+00	2.100000e+00	4.500000e+00	-1.449000e-04	0.000000e+00	-2.110000e-12	1.449000e-04	0.000000e+00	-1.449000e-04
2.200000000000000e+00	2.200000e+00	4.500000e+00	-1.496000e-04	0.000000e+00	-2.210000e-12	1.496000e-04	0.000000e+00	-1.496000e-04
2.300000000000000e+00	2.300000e+00	4.500000e+00	-1.541000e-04	0.000000e+00	-2.310000e-12	1.541000e-04	0.000000e+00	-1.541000e-04
2.400000000000000e+00	2.400000e+00	4.500000e+00	-1.584000e-04	0.000000e+00	-2.410000e-12	1.584000e-04	0.000000e+00	-1.584000e-04
2.500000000000000e+00	2.500000e+00	4.500000e+00	-1.625000e-04	0.000000e+00	-2.510000e-12	1.625000e-04	0.000000e+00	-1.625000e-04
2.600000000000000e+00	2.600000e+00	4.500000e+00	-1.664000e-04	0.000000e+00	-2.610000e-12	1.664000e-04	0.000000e+00	-1.664000e-04
2.700000000000000e+00	2.700000e+00	4.500000e+00	-1.701000e-04	0.000000e+00	-2.710000e-12	1.701000e-04	0.000000e+00	-1.701000e-04
2.800000000000000e+00	2.800000e+00	4.500000e+00	-1.736000e-04	0.000000e+00	-2.810000e-12	1.736000e-04	0.000000e+00	-1.736000e-04
2.900000000000000e+00	2.900000e+00	4.500000e+00	-1.769000e-04	0.000000e+00	-2.910000e-12	1.769000e-04	0.000000e+00	-1.769000e-04
3.000000000000000e+00	3.000000e+00	4.500000e+00	-1.800000e-04	0.000000e+00	-3.010000e-12	1.800000e-04	0.000000e+00	-1.800000e-04
3.100000000000000e+00	3.100000e+00	4.500000e+00	-1.829000e-04	0.000000e+00	-3.110000e-12	1.829000e-04	0.000000e+00	-1.829000e-04
3.200000000000000e+00	3.200000e+00	4.500000e+00	-1.856000e-04	0.000000e+00	-3.210000e-12	1.856000e-04	0.000000e+00	-1.856000e-04
3.300000000000000e+00	3.300000e+00	4.500000e+00	-1.881000e-04	0.000000e+00	-3.310000e-12	1.881000e-04	0.000000e+00	-1.881000e-04
3.400000000000000e+00	3.400000e+00	4.500000e+00	-1.904000e-04	0.000000e+00	-3.410000e-12	1.904000e-04	0.000000e+00	-1.904000e-04
3.500000000000000e+00	3.500000e+00	4.500000e+00	-1.925000e-04	0.000000e+00	-3.510000e-12	1.925000e-04	0.000000e+00	-1.925000e-04
3.600000000000000e+00	3.600000e+00	4.500000e+00	-1.944000e-04	0.000000e+00	-3.610000e-12	1.944000e-04	0.000000e+00	-1.944000e-04
3.700000000000000e+00	3.700000e+00	4.500000e+00	-1.961000e-04	0.000000e+00	-3.710000e-12	1.961000e-04	0.000000e+00	-1.961000e-04
3.800000000000000e+00	3.800000e+00	4.500000e+00	-1.976000e-04	0.000000e+00	-3.810000e-12	1.976000e-04	0.000000e+00	-1.976000e-04
3.900000000000000e+00	3.900000e+00	4.500000e+00	-1.989000e-04	0.000000e+00	-3.910000e-12	1.989000e-04	0.000000e+00	-1.989000e-04
4.000000000000000e+00	4.000000e+00	4.500000e+00	-2.000000e-04	0.000000e+00	-4.010000e-12	2.000000e-04	0.000000e+00	-2.000000e-04
4.100000000000001e+00	4.100000e+00	4.500000e+00	-2.009000e-04	0.000000e+00	-4.110000e-12	2.009000e-04	0.000000e+00	-2.009000e-04
4.200000000000000e+00	4.200000e+00	4.500000e+00	-2.016000e-04	0.000000e+00	-4.210000e-12	2.016000e-04	0.000000e+00	-2.016000e-04
4.300000000000000e+00	4.300000e+00	4.500000e+00	-2.021000e-04	0.000000e+00	-4.310000e-12	2.021000e-04	0.000000e+00	-2.021000e-04
4.400000000000000e+00	4.400000e+00	4.500000e+00	-2.024000e-04	0.000000e+00	-4.410000e-12	2.024000e-04	0.000000e+00	-2.024000e-04
4.500000000000000e+00	4.500000e+00	4.500000e+00	-2.025000e-04	0.000000e+00	-4.510000e-12	2.025000e-04	0.000000e+00	-2.025000e-04
4.600000000000001e+00	4.600000e+00	4.500000e+00	-2.025000e-04	0.000000e+00	-4.610000e-12	2.025000e-04	0.000000e+00	-2.025000e-04
4.700000000000000e+00	4.700000e+00	4.500000e+00	-2.025000e-04	0.000000e+00	-4.710000e-12	2.025000e-04	0.000000e+00	-2.025000e-04
4.800000000000001e+00	4.800000e+00	4.500000e+00	-2.025000e-04	0.000000e+00	-4.810000e-12	2.025000e-04	0.000000e+00	-2.025000e-04
4.900000000000000e+00	4.900000e+00	4.500000e+00	-2.025000e-04	0.000000e+00	-4.910000e-12	2.025000e-04	0.000000e+00	-2.025000e-04
5.000000000000000e+00	5.000000e+00	4.500000e+00	-2.025000e-04	0.000000e+00	-5.010000e-12	2.025000e-04	0.000000e+00	-2.025000e-04
5.100000000000001e+00	5.100000e+00	4.500000e+00	-2.025000e-04	0.000000e+00	-5.110000e-12	2.025000e-04	0.000000e+00	-2.025000e-04
5.200000000000000e+00	5.200000e+00	4.500000e+00	-2.025000e-04	0.000000e+00	-5.210000e-12	2.025000e-04	0.000000e+00	-2.025000e-04
5.300000000000001e+00	5.300000e+00	4.500000e+00	-2.025000e-04	0.000000e+00	-5.310000e-12	2.025000e-04	0.000000e+00	-2.025000e-04
5.400000000000000e+00	5.400000e+00	4.500000e+00	-2.025000e-04	0.000000e+00	-5.410000e-12	2.025000e-04	0.000000e+00	-2.025000e-04
5.500000000000000e+00	5.500000e+00	4.500000e+00	-2.025000e-04	0.000000e+00	-5.510000e-12	2.025000e-04	0.000000e+00	-2.025000e-04
5.600000000000001e+00	5.600000e+00	4.500000e+00	-2.025000e-04	0.000000e+00	-5.610000e-12	2.025000e-04	0.000000e+00	-2.025000e-04
5.700000000000000e+00	5.700000e+00	4.500000e+00	-2.025000e-04	0.000000e+00	-5.710000e-12	2.025000e-04	0.000000e+00	-2.025000e-04
5.800000000000001e+00	5.800000e+00	4.500000e+00	-2.025000e-04	0.000000e+00	-5.810000e-12	2.025000e-04	0.000000e+00	-2.025000e-04
5.900000000000000e+00	5.900000e+00	4.500000e+00	-2.025000e-04	0.000000e+00	-5.910000e-12	2.025000e-04	0.000000e+00	-2.025000e-04
6.000000000000000e+00	6.000000e+00	4.500000e+00	-2.025000e-04	0.000000e+00	-6.010000e-12	2.025000e-04	0.000000e+00	-2.025000e-04
Step Information: Vin=4.6  (Step: 47/51)
0.000000000000000e+00	0.000000e+00	4.600000e+00	0.000000e+00	0.000000e+00	0.000000e+00	0.000000e+00	0.000000e+00	-0.000000e+00
1.000000000000000e-01	1.000000e-01	4.600000e+00	-9.100000e-06	0.000000e+00	-1.097906e-13	9.100000e-06	0.000000e+00	-9.100000e-06
2.000000000000000e-01	2.000000e-01	4.600000e+00	-1.800000e-05	0.000000e+00	-2.099956e-13	1.800000e-05	0.000000e+00	-1.800000e-05
3.000000000000000e-01	3.000000e-01	4.600000e+00	-2.670000e-05	0.000000e+00	-3.099999e-13	2.670000e-05	0.000000e+00	-2.670000e-05
4.000000000000000e-01	4.000000e-01	4.600000e+00	-3.520000e-05	0.000000e+00	-4.100000e-13	3.520000e-05	0.000000e+00	-3.520000e-05
5.000000000000000e-01	5.000000e-01	4.600000e+00	-4.350000e-05	0.000000e+00	-5.100000e-13	4.350000e-05	0.000000e+00	-4.350000e-05
6.000000000000001e-01	6.000000e-01	4.600000e+00	-5.160000e-05	0.000000e+00	-6.100000e-13	5.160000e-05	0.000000e+00	-5.160000e-05
7.000000000000001e-01	7.000000e-01	4.600000e+00	-5.950000e-05	0.000000e+00	-7.100000e-13	5.950000e-05	0.000000e+00	-5.950000e-05
8.000000000000000e-01	8.000000e-01	4.600000e+00	-6.720000e-05	0.000000e+00	-8.100000e-13	6.720000e-05	0.000000e+00	-6.720000e-05
9.000000000000000e-01	9.000000e-01	4.600000e+00	-7.470000e-05	0.000000e+00	-9.100000e-13	7.470000e-05	0.000000e+00	-7.470000e-05
1.000000000000000e+00	1.000000e+00	4.600000e+00	-8.200000e-05	0.000000e+00	-1.010000e-12	8.200000e-05	0.000000e+00	-8.200000e-05
1.100000000000000e+00	1.100000e+00	4.600000e+00	-8.910000e-05	0.000000e+00	-1.110000e-12	8.910000e-05	0.000000e+00	-8.910000e-05
1.200000000000000e+00	1.200000e+00	4.600000e+00	-9.600000e-05	0.000000e+00	-1.210000e-12	9.600000e-05	0.000000e+00	-9.600000e-05
1.300000000000000e+00	1.300000e+00	4.600000e+00	-1.027000e-04	0.000000e+00	-1.310000e-12	1.027000e-04	0.000000e+00	-1.027000e-04
1.400000000000000e+00	1.400000e+00	4.600000e+00	-1.092000e-04	0.000000e+00	-1.410000e-12	1.092000e-04	0.000000e+00	-1.092000e-04
1.500000000000000e+00	1.500000e+00	4.600000e+00	-1.155000e-04	0.000000e+00	-1.510000e-12	1.155000e-04	0.000000e+00	-1.155000e-04
1.600000000000000e+00	1.600000e+00	4.600000e+00	-1.216000e-04	0.000000e+00	-1.610000e-12	1.216000e-04	0.000000e+00	-1.216000e-04
1.700000000000000e+00	1.700000e+00	4.600000e+00	-1.275000e-04	0.000000e+00	-1.710000e-12	1.275000e-04	0.000000e+00	-1.275000e-04
1.800000000000000e+00	1.800000e+00	4.600000e+00	-1.332000e-04	0.000000e+00	-1.810000e-12	1.332000e-04	0.000000e+00	-1.332000e-04
1.900000000000000e+00	1.900000e+00	4.600000e+00	-1.387000e-04	0.000000e+00	-1.910000e-12	1.387000e-04	0.000000e+00	-1.387000e-04
2.000000000000000e+00	2.000000e+00	4.600000e+00	-1.440000e-04	0.000000e+00	-2.010000e-12	1.440000e-04	0.000000e+00	-1.440000e-04
2.100000000000000e+00	2.100000e+00	4.600000e+00	-1.491000e-04	0.000000e+00	-2.110000e-12	1.491000e-04	0.000000e+00	-1.491000e-04
2.200000000000000e+00	2.200000e+00	4.600000e+00	-1.540000e-04	0.000000e+00	-2.210000e-12	1.540000e-04	0.000000e+00	-1.540000e-04
2.300000000000000e+00	2.300000e+00	4.600000e+00	-1.587000e-04	0.000000e+00	-2.310000e-12	1.587000e-04	0.000000e+00	-1.587000e-04
2.400000000000000e+00	2.400000e+00	4.600000e+00	-1.632000e-04	0.000000e+00	-2.410000e-12	1.632000e-04	0.000000e+00	-1.632000e-04
2.500000000000000e+00	2.500000e+00	4.600000e+00	-1.675000e-04	0.000000e+00	-2.510000e-12	1.675000e-04	0.000000e+00	-1.675000e-04
2.600000000000000e+00	2.600000e+00	4.600000e+00	-1.716000e-04	0.000000e+00	-2.610000e-12	1.716000e-04	0.000000e+00	-1.716000e-04
2.700000000000000e+00	2.700000e+00	4.600000e+00	-1.755000e-04	0.000000e+00	-2.710000e-12	1.755000e-04	0.000000e+00	-1.755000e-04
2.800000000000000e+00	2.800000e+00	4.600000e+00	-1.792000e-04	0.000000e+00	-2.810000e-12	1.792000e-04	0.000000e+00	-1.792000e-04
2.900000000000000e+00	2.900000e+00	4.600000e+00	-1.827000e-04	0.000000e+00	-2.910000e-12	1.827000e-04	0.000000e+00	-1.827000e-04
3.000000000000000e+00	3.000000e+00	4.600000e+00	-1.860000e-04	0.000000e+00	-3.010000e-12	1.860000e-04	0.000000e+00	-1.860000e-04
3.100000000000000e+00	3.100000e+00	4.600000e+00	-1.891000e-04	0.000000e+00	-3.110000e-12	1.891000e-04	0.000000e+00	-1.891000e-04
3.200000000000000e+00	3.200000e+00	4.600000e+00	-1.920000e-04	0.000000e+00	-3.210000e-12	1.920000e-04	0.000000e+00	-1.920000e-04
3.300000000000000e+00	3.300000e+00	4.600000e+00	-1.947000e-04	0.000000e+00	-3.310000e-12	1.947000e-04	0.000000e+00	-1.947000e-04
3.400000000000000e+00	3.400000e+00	4.600000e+00	-1.972000e-04	0.000000e+00	-3.410000e-12	1.972000e-04	0.000000e+00	-1.972000e-04
3.500000000000000e+00	3.500000e+00	4.600000e+00	-1.995000e-04	0.000000e+00	-3.510000e-12	1.995000e-04	0.000000e+00	-1.995000e-04
3.600000000000000e+00	3.600000e+00	4.600000e+00	-2.016000e-04	0.000000e+00	-3.610000e-12	2.016000e-04	0.000000e+00	-2.016000e-04
3.700000000000000e+00	3.700000e+00	4.600000e+00	-2.035000e-04	0.000000e+00	-3.710000e-12	2.035000e-04	0.000000e+00	-2.035000e-04
3.800000000000000e+00	3.800000e+00	4.600000e+00	-2.052000e-04	0.000000e+00	-3.810000e-12	2.052000e-04	0.000000e+00	-2.052000e-04
3.900000000000000e+00	3.900000e+00	4.600000e+00	-2.067000e-04	0.000000e+00	-3.910000e-12	2.067000e-04	0.000000e+00	-2.067000e-04
4.000000000000000e+00	4.000000e+00	4.600000e+00	-2.080000e-04	0.000000e+00	-4.010000e-12	2.080000e-04	0.000000e+00	-2.080000e-04
4.100000000000001e+00	4.100000e+00	4.600000e+00	-2.091000e-04	0.000000e+00	-4.110000e-12	2.091000e-04	0.000000e+00	-2.091000e-04
4.200000000000000e+00	4.200000e+00	4.600000e+00	-2.100000e-04	0.000000e+00	-4.210000e-12	2.100000e-04	0.000000e+00	-2.100000e-04
4.300000000000000e+00	4.300000e+00	4.600000e+00	-2.107000e-04	0.000000e+00	-4.310000e-12	2.107000e-04	0.000000e+00	-2.107000e-04
4.400000000000000e+00	4.400000e+00	4.600000e+00	-2.112000e-04	0.000000e+00	-4.410000e-12	2.112000e-04	0.000000e+00	-2.112000e-04
4.500000000000000e+00	4.500000e+00	4.600000e+00	-2.115000e-04	0.000000e+00	-4.510000e-12	2.115000e-04	0.000000e+00	-2.115000e-04
4.600000000000001e+00	4.600000e+00	4.600000e+00	-2.116000e-04	0.000000e+00	-4.610000e-12	2.116000e-04	0.000000e+00	-2.116000e-04
4.700000000000000e+00	4.700000e+00	4.600000e+00	-2.116000e-04	0.000000e+00	-4.710000e-12	2.116000e-04	0.000000e+00	-2.116000e-04
4.800000000000001e+00	4.800000e+00	4.600000e+00	-2.116000e-04	0.000000e+00	-4.810000e-12	2.116000e-04	0.000000e+00	-2.116000e-04
4.900000000000000e+00	4.900000e+00	4.600000e+00	-2.116000e-04	0.000000e+00	-4.910000e-12	2.116000e-04	0.000000e+00	-2.116000e-04
5.000000000000000e+00	5.000000e+00	4.600000e+00	-2.116000e-04	0.000000e+00	-5.010000e-12	2.116000e-04	0.000000e+00	-2.116000e-04
5.100000000000001e+00	5.100000e+00	4.600000e+00	-2.116000e-04	0.000000e+00	-5.110000e-12	2.116000e-04	0.000000e+00	-2.116000e-04
5.200000000000000e+00	5.200000e+00	4.600000e+00	-2.116000e-04	0.000000e+00	-5.210000e-12	2.116000e-04	0.000000e+00	-2.116000e-04
5.300000000000001e+00	5.300000e+00	4.600000e+00	-2.116000e-04	0.000000e+00	-5.310000e-12	2.116000e-04	0.000000e+00	-2.116000e-04
5.400000000000000e+00	5.400000e+00	4.600000e+00	-2.116000e-04	0.000000e+00	-5.410000e-12	2.116000e-04	0.000000e+00	-2.116000e-04
5.500000000000000e+00	5.500000e+00	4.600000e+00	-2.116000e-04	0.000000e+00	-5.510000e-12	2.116000e-04	0.000000e+00	-2.116000e-04
5.600000000000001e+00	5.600000e+00	4.600000e+00	-2.116000e-04	0.000000e+00	-5.610000e-12	2.116000e-04	0.000000e+00	-2.116000e-04
5.700000000000000e+00	5.700000e+00	4.600000e+00	-2.116000e-04	0.000000e+00	-5.710000e-12	2.116000e-04	0.000000e+00	-2.116000e-04
5.800000000000001e+00	5.800000e+00	4.600000e+00	-2.116000e-04	0.000000e+00	-5.810000e-12	2.116000e-04	0.000000e+00	-2.116000e-04
5.900000000000000e+00	5.900000e+00	4.600000e+00	-2.116000e-04	0.000000e+00	-5.910000e-12	2.116000e-04	0.000000e+00	-2.116000e-04
6.000000000000000e+00	6.000000e+00	4.600000e+00	-2.116000e-04	0.000000e+00	-6.010000e-12	2.116000e-04	0.000000e+00	-2.116000e-04
Step Information: Vin=4.7  (Step: 48/51)
0.000000000000000e+00	0.000000e+00	4.700000e+00	0.000000e+00	0.000000e+00	0.000000e+00	0.000000e+00	0.000000e+00	-0.000000e+00
1.000000000000000e-01	1.000000e-01	4.700000e+00	-9.300000e-06	0.000000e+00	-1.097906e-13	9.300000e-06	0.000000e+00	-9.300000e-06
2.000000000000000e-01	2.000000e-01	4.700000e+00	-1.840000e-05	0.000000e+00	-2.099956e-13	1.840000e-05	0.000000e+00	-1.840000e-05
3.000000000000000e-01	3.000000e-01	4.700000e+00	-2.730000e-05	0.000000e+00	-3.099999e-13	2.730000e-05	0.000000e+00	-2.730000e-05
4.000000000000000e-01	4.000000e-01	4.700000e+00	-3.600000e-05	0.000000e+00	-4.100000e-13	3.600000e-05	0.000000e+00	-3.600000e-05
5.000000000000000e-01	5.000000e-01	4.700000e+00	-4.450000e-05	0.000000e+00	-5.100000e-13	4.450000e-05	0.000000e+00	-4.450000e-05
6.000000000000001e-01	6.000000e-01	4.700000e+00	-5.280000e-05	0.000000e+00	-6.100000e-13	5.280000e-05	0.000000e+00	-5.280000e-05
7.000000000000001e-01	7.000000e-01	4.700000e+00	-6.090000e-05	0.000000e+00	-7.100000e-13	6.090000e-05	0.000000e+00	-6.090000e-05
8.000000000000000e-01	8.000000e-01	4.700000e+00	-6.880000e-05	0.000000e+00	-8.100000e-13	6.880000e-05	0.000000e+00	-6.880000e-05
9.000000000000000e-01	9.000000e-01	4.700000e+00	-7.650000e-05	0.000000e+00	-9.100000e-13	7.650000e-05	0.000000e+00	-7.650000e-05
1.000000000000000e+00	1.000000e+00	4.700000e+00	-8.400000e-05	0.000000e+00	-1.010000e-12	8.400000e-05	0.000000e+00	-8.400000e-05
1.100000000000000e+00	1.100000e+00	4.700000e+00	-9.130000e-05	0.000000e+00	-1.110000e-12	9.130000e-05	0.000000e+00	-9.130000e-05
1.200000000000000e+00	1.200000e+00	4.700000e+00	-9.840000e-05	0.000000e+00	-1.210000e-12	9.840000e-05	0.000000e+00	-9.840000e-05
1.300000000000000e+00	1.300000e+00	4.700000e+00	-1.053000e-04	0.000000e+00	-1.310000e-12	1.053000e-04	0.000000e+00	-1.053000e-04
1.400000000000000e+00	1.400000e+00	4.700000e+00	-1.120000e-04	0.000000e+00	-1.410000e-12	1.120000e-04	0.000000e+00	-1.120000e-04
1.500000000000000e+00	1.500000e+00	4.700000e+00	-1.185000e-04	0.000000e+00	-1.510000e-12	1.185000e-04	0.000000e+00	-1.185000e-04
1.600000000000000e+00	1.600000e+00	4.700000e+00	-1.248000e-04	0.000000e+00	-1.610000e-12	1.248000e-04	0.000000e+00	-1.248000e-04
1.700000000000000e+00	1.700000e+00	4.700000e+00	-1.309000e-04	0.000000e+00	-1.710000e-12	1.309000e-04	0.000000e+00	-1.309000e-04
1.800000000000000e+00	1.800000e+00	4.700000e+00	-1.368000e-04	0.000000e+00	-1.810000e-12	1.368000e-04	0.000000e+00	-1.368000e-04
1.900000000000000e+00	1.900000e+00	4.700000e+00	-1.425000e-04	0.000000e+00	-1.910000e-12	1.425000e-04	0.000000e+00	-1.425000e-04
2.000000000000000e+00	2.000000e+00	4.700000e+00	-1.480000e-04	0.000000e+00	-2.010000e-12	1.480000e-04	0.000000e+00	-1.480000e-04
2.100000000000000e+00	2.100000e+00	4.700000e+00	-1.533000e-04	0.000000e+00	-2.110000e-12	1.533000e-04	0.000000e+00	-1.533000e-04
2.200000000000000e+00	2.200000e+00	4.700000e+00	-1.584000e-04	0.000000e+00	-2.210000e-12	1.584000e-04	0.000000e+00	-1.584000e-04
2.300000000000000e+00	2.300000e+00	4.700000e+00	-1.633000e-04	0.000000e+00	-2.310000e-12	1.633000e-04	0.000000e+00	-1.633000e-04
2.400000000000000e+00	2.400000e+00	4.700000e+00	-1.680000e-04	0.000000e+00	-2.410000e-12	1.680000e-04	0.000000e+00	-1.680000e-04
2.500000000000000e+00	2.500000e+00	4.700000e+00	-1.725000e-04	0.000000e+00	-2.510000e-12	1.725000e-04	0.000000e+00	-1.725000e-04
2.600000000000000e+00	2.600000e+00	4.700000e+00	-1.768000e-04	0.000000e+00	-2.610000e-12	1.768000e-04	0.000000e+00	-1.768000e-04
2.700000000000000e+00	2.700000e+00	4.700000e+00	-1.809000e-04	0.000000e+00	-2.710000e-12	1.809000e-04	0.000000e+00	-1.809000e-04
2.800000000000000e+00	2.800000e+00	4.700000e+00	-1.848000e-04	0.000000e+00	-2.810000e-12	1.848000e-04	0.000000e+00	-1.848000e-04
2.900000000000000e+00	2.900000e+00	4.700000e+00	-1.885000e-04	0.000000e+00	-2.910000e-12	1.885000e-04	0.000000e+00	-1.885000e-04
3.000000000000000e+00	3.000000e+00	4.700000e+00	-1.920000e-04	0.000000e+00	-3.010000e-12	1.920000e-04	0.000000e+00	-1.920000e-04
3.100000000000000e+00	3.100000e+00	4.700000e+00	-1.953000e-04	0.000000e+00	-3.110000e-12	1.953000e-04	0.000000e+00	-1.953000e-04
3.200000000000000e+00	3.200000e+00	4.700000e+00	-1.984000e-04	0.000000e+00	-3.210000e-12	1.984000e-04	0.000000e+00	-1.984000e-04
3.300000000000000e+00	3.300000e+00	4.700000e+00	-2.013000e-04	0.000000e+00	-3.310000e-12	2.013000e-04	0.000000e+00	-2.013000e-04
3.400000000000000e+00	3.400000e+00	4.700000e+00	-2.040000e-04	0.000000e+00	-3.410000e-12	2.040000e-04	0.000000e+00	-2.040000e-04
3.500000000000000e+00	3.500000e+00	4.700000e+00	-2.065000e-04	0.000000e+00	-3.510000e-12	2.065000e-04	0.000000e+00	-2.065000e-04
3.600000000000000e+00	3.600000e+00	4.700000e+00	-2.088000e-04	0.000000e+00	-3.610000e-12	2.088000e-04	0.000000e+00	-2.088000e-04
3.700000000000000e+00	3.700000e+00	4.700000e+00	-2.109000e-04	0.000000e+00	-3.710000e-12	2.109000e-04	0.000000e+00	-2.109000e-04
3.800000000000000e+00	3.800000e+00	4.700000e+00	-2.128000e-04	0.000000e+00	-3.810000e-12	2.128000e-04	0.000000e+00	-2.128000e-04
3.900000000000000e+00	3.900000e+00	4.700000e+00	-2.145000e-04	0.000000e+00	-3.910000e-12	2.145000e-04	0.000000e+00	-2.145000e-04
4.000000000000000e+00	4.000000e+00	4.700000e+00	-2.160000e-04	0.000000e+00	-4.010000e-12	2.160000e-04	0.000000e+00	-2.160000e-04
4.100000000000001e+00	4.100000e+00	4.700000e+00	-2.173000e-04	0.000000e+00	-4.110000e-12	2.173000e-04	0.000000e+00	-2.173000e-04
4.200000000000000e+00	4.200000e+00	4.700000e+00	-2.184000e-04	0.000000e+00	-4.210000e-12	2.184000e-04	0.000000e+00	-2.184000e-04
4.300000000000000e+00	4.300000e+00	4.700000e+00	-2.193000e-04	0.000000e+00	-4.310000e-12	2.193000e-04	0.000000e+00	-2.193000e-04
4.400000000000000e+00	4.400000e+00	4.700000e+00	-2.200000e-04	0.000000e+00	-4.410000e-12	2.200000e-04	0.000000e+00	-2.200000e-04
4.500000000000000e+00	4.500000e+00	4.700000e+00	-2.205000e-04	0.000000e+00	-4.510000e-12	2.205000e-04	0.000000e+00	-2.205000e-04
4.600000000000001e+00	4.600000e+00	4.700000e+00	-2.208000e-04	0.000000e+00	-4.610000e-12	2.208000e-04	0.000000e+00	-2.208000e-04
4.700000000000000e+00	4.700000e+00	4.700000e+00	-2.209000e-04	0.000000e+00	-4.710000e-12	2.209000e-04	0.000000e+00	-2.209000e-04
4.800000000000001e+00	4.800000e+00	4.700000e+00	-2.209000e-04	0.000000e+00	-4.810000e-12	2.209000e-04	0.000000e+00	-2.209000e-04
4.900000000000000e+00	4.900000e+00	4.700000e+00	-2.209000e-04	0.000000e+00	-4.910000e-12	2.209000e-04	0.000000e+00	-2.209000e-04
5.000000000000000e+00	5.000000e+00	4.700000e+00	-2.209000e-04	0.000000e+00	-5.010000e-12	2.209000e-04	0.000000e+00	-2.209000e-04
5.100000000000001e+00	5.100000e+00	4.700000e+00	-2.209000e-04	0.000000e+00	-5.110000e-12	2.209000e-04	0.000000e+00	-2.209000e-04
5.200000000000000e+00	5.200000e+00	4.700000e+00	-2.209000e-04	0.000000e+00	-5.210000e-12	2.209000e-04	0.000000e+00	-2.209000e-04
5.300000000000001e+00	5.300000e+00	4.700000e+00	-2.209000e-04	0.000000e+00	-5.310000e-12	2.209000e-04	0.000000e+00	-2.209000e-04
5.400000000000000e+00	5.400000e+00	4.700000e+00	-2.209000e-04	0.000000e+00	-5.410000e-12	2.209000e-04	0.000000e+00	-2.209000e-04
5.500000000000000e+00	5.500000e+00	4.700000e+00	-2.209000e-04	0.000000e+00	-5.510000e-12	2.209000e-04	0.000000e+00	-2.209000e-04
5.600000000000001e+00	5.600000e+00	4.700000e+00	-2.209000e-04	0.000000e+00	-5.610000e-12	2.209000e-04	0.000000e+00	-2.209000e-04
5.700000000000000e+00	5.700000e+00	4.700000e+00	-2.209000e-04	0.000000e+00	-5.710000e-12	2.209000e-04	0.000000e+00	-2.209000e-04
5.800000000000001e+00	5.800000e+00	4.700000e+00	-2.209000e-04	0.000000e+00	-5.810000e-12	2.209000e-04	0.000000e+00	-2.209000e-04
5.900000000000000e+00	5.900000e+00	4.700000e+00	-2.209000e-04	0.000000e+00	-5.910000e-12	2.209000e-04	0.000000e+00	-2.209000e-04
6.000000000000000e+00	6.000000e+00	4.700000e+00	-2.209000e-04	0.000000e+00	-6.010000e-12	2.209000e-04	0.000000e+00	-2.209000e-04
Step Information: Vin=4.8  (Step: 49/51)
0.000000000000000e+00	0.000000e+00	4.800000e+00	0.000000e+00	0.000000e+00	0.000000e+00	0.000000e+00	0.000000e+00	-0.000000e+00
1.000000000000000e-01	1.000000e-01	4.800000e+00	-9.500000e-06	0.000000e+00	-1.097906e-13	9.500000e-06	0.000000e+00	-9.500000e-06
2.000000000000000e-01	2.000000e-01	4.800000e+00	-1.880000e-05	0.000000e+00	-2.099956e-13	1.880000e-05	0.000000e+00	-1.880000e-05
3.000000000000000e-01	3.000000e-01	4.800000e+00	-2.790000e-05	0.000000e+00	-3.099999e-13	2.790000e-05	0.000000e+00	-2.790000e-05
4.000000000000000e-01	4.000000e-01	4.800000e+00	-3.680000e-05	0.000000e+00	-4.100000e-13	3.680000e-05	0.000000e+00	-3.680000e-05
5.000000000000000e-01	5.000000e-01	4.800000e+00	-4.550000e-05	0.000000e+00	-5.100000e-13	4.550000e-05	0.000000e+00	-4.550000e-05
6.000000000000001e-01	6.000000e-01	4.800000e+00	-5.400000e-05	0.000000e+00	-6.100000e-13	5.400000e-05	0.000000e+00	-5.400000e-05
7.000000000000001e-01	7.000000e-01	4.800000e+00	-6.230000e-05	0.000000e+00	-7.100000e-13	6.230000e-05	0.000000e+00	-6.230000e-05
8.000000000000000e-01	8.000000e-01	4.800000e+00	-7.040000e-05	0.000000e+00	-8.100000e-13	7.040000e-05	0.000000e+00	-7.040000e-05
9.000000000000000e-01	9.000000e-01	4.800000e+00	-7.830000e-05	0.000000e+00	-9.100000e-13	7.830000e-05	0.000000e+00	-7.830000e-05
1.000000000000000e+00	1.000000e+00	4.800000e+00	-8.600000e-05	0.000000e+00	-1.010000e-12	8.600000e-05	0.000000e+00	-8.600000e-05
1.100000000000000e+00	1.100000e+00	4.800000e+00	-9.350000e-05	0.000000e+00	-1.110000e-12	9.350000e-05	0.000000e+00	-9.350000e-05
1.200000000000000e+00	1.200000e+00	4.800000e+00	-1.008000e-04	0.000000e+00	-1.210000e-12	1.008000e-04	0.000000e+00	-1.008000e-04
1.300000000000000e+00	1.300000e+00	4.800000e+00	-1.079000e-04	0.000000e+00	-1.310000e-12	1.079000e-04	0.000000e+00	-1.079000e-04
1.400000000000000e+00	1.400000e+00	4.800000e+00	-1.148000e-04	0.000000e+00	-1.410000e-12	1.148000e-04	0.000000e+00	-1.148000e-04
1.500000000000000e+00	1.500000e+00	4.800000e+00	-1.215000e-04	0.000000e+00	-1.510000e-12	1.215000e-04	0.000000e+00	-1.215000e-04
1.600000000000000e+00	1.600000e+00	4.800000e+00	-1.280000e-04	0.000000e+00	-1.610000e-12	1.280000e-04	0.000000e+00	-1.280000e-04
1.700000000000000e+00	1.700000e+00	4.800000e+00	-1.343000e-04	0.000000e+00	-1.710000e-12	1.343000e-04	0.000000e+00	-1.343000e-04
1.800000000000000e+00	1.800000e+00	4.800000e+00	-1.404000e-04	0.000000e+00	-1.810000e-12	1.404000e-04	0.000000e+00	-1.404000e-04
1.900000000000000e+00	1.900000e+00	4.800000e+00	-1.463000e-04	0.000000e+00	-1.910000e-12	1.463000e-04	0.000000e+00	-1.463000e-04
2.000000000000000e+00	2.000000e+00	4.800000e+00	-1.520000e-04	0.000000e+00	-2.010000e-12	1.520000e-04	0.000000e+00	-1.520000e-04
2.100000000000000e+00	2.100000e+00	4.800000e+00	-1.575000e-04	0.000000e+00	-2.110000e-12	1.575000e-04	0.000000e+00	-1.575000e-04
2.200000000000000e+00	2.200000e+00	4.800000e+00	-1.628000e-04	0.000000e+00	-2.210000e-12	1.628000e-04	0.000000e+00	-1.628000e-04
2.300000000000000e+00	2.300000e+00	4.800000e+00	-1.679000e-04	0.000000e+00	-2.310000e-12	1.679000e-04	0.000000e+00	-1.679000e-04
2.400000000000000e+00	2.400000e+00	4.800000e+00	-1.728000e-04	0.000000e+00	-2.410000e-12	1.728000e-04	0.000000e+00	-1.728000e-04
2.500000000000000e+00	2.500000e+00	4.800000e+00	-1.775000e-04	0.000000e+00	-2.510000e-12	1.775000e-04	0.000000e+00	-1.775000e-04
2.600000000000000e+00	2.600000e+00	4.800000e+00	-1.820000e-04	0.000000e+00	-2.610000e-12	1.820000e-04	0.000000e+00	-1.820000e-04
2.700000000000000e+00	2.700000e+00	4.800000e+00	-1.863000e-04	0.000000e+00	-2.710000e-12	1.863000e-04	0.000000e+00	-1.863000e-04
2.800000000000000e+00	2.800000e+00	4.800000e+00	-1.904000e-04	0.000000e+00	-2.810000e-12	1.904000e-04	0.000000e+00	-1.904000e-04
2.900000000000000e+00	2.900000e+00	4.800000e+00	-1.943000e-04	0.000000e+00	-2.910000e-12	1.943000e-04	0.000000e+00	-1.943000e-04
3.000000000000000e+00	3.000000e+00	4.800000e+00	-1.980000e-04	0.000000e+00	-3.010000e-12	1.980000e-04	0.000000e+00	-1.980000e-04
3.100000000000000e+00	3.100000e+00	4.800000e+00	-2.015000e-04	0.000000e+00	-3.110000e-12	2.015000e-04	0.000000e+00	-2.015000e-04
3.200000000000000e+00	3.200000e+00	4.800000e+00	-2.048000e-04	0.000000e+00	-3.210000e-12	2.048000e-04	0.000000e+00	-2.048000e-04
3.300000000000000e+00	3.300000e+00	4.800000e+00	-2.079000e-04	0.000000e+00	-3.310000e-12	2.079000e-04	0.000000e+00	-2.079000e-04
3.400000000000000e+00	3.400000e+00	4.800000e+00	-2.108000e-04	0.000000e+00	-3.410000e-12	2.108000e-04	0.000000e+00	-2.108000e-04
3.500000000000000e+00	3.500000e+00	4.800000e+00	-2.135000e-04	0.000000e+00	-3.510000e-12	2.135000e-04	0.000000e+00	-2.135000e-04
3.600000000000000e+00	3.600000e+00	4.800000e+00	-2.160000e-04	0.000000e+00	-3.610000e-12	2.160000e-04	0.000000e+00	-2.160000e-04
3.700000000000000e+00	3.700000e+00	4.800000e+00	-2.183000e-04	0.000000e+00	-3.710000e-12	2.183000e-04	0.000000e+00	-2.183000e-04
3.800000000000000e+00	3.800000e+00	4.800000e+00	-2.204000e-04	0.000000e+00	-3.810000e-12	2.204000e-04	0.000000e+00	-2.204000e-04
3.900000000000000e+00	3.900000e+00	4.800000e+00	-2.223000e-04	0.000000e+00	-3.910000e-12	2.223000e-04	0.000000e+00	-2.223000e-04
4.000000000000000e+00	4.000000e+00	4.800000e+00	-2.240000e-04	0.000000e+00	-4.010000e-12	2.240000e-04	0.000000e+00	-2.240000e-04
4.100000000000001e+00	4.100000e+00	4.800000e+00	-2.255000e-04	0.000000e+00	-4.110000e-12	2.255000e-04	0.000000e+00	-2.255000e-04
4.200000000000000e+00	4.200000e+00	4.800000e+00	-2.268000e-04	0.000000e+00	-4.210000e-12	2.268000e-04	0.000000e+00	-2.268000e-04
4.300000000000000e+00	4.300000e+00	4.800000e+00	-2.279000e-04	0.000000e+00	-4.310000e-12	2.279000e-04	0.000000e+00	-2.279000e-04
4.400000000000000e+00	4.400000e+00	4.800000e+00	-2.288000e-04	0.000000e+00	-4.410000e-12	2.288000e-04	0.000000e+00	-2.288000e-04
4.500000000000000e+00	4.500000e+00	4.800000e+00	-2.295000e-04	0.000000e+00	-4.510000e-12	2.295000e-04	0.000000e+00	-2.295000e-04
4.600000000000001e+00	4.600000e+00	4.800000e+00	-2.300000e-04	0.000000e+00	-4.610000e-12	2.300000e-04	0.000000e+00	-2.300000e-04
4.700000000000000e+00	4.700000e+00	4.800000e+00	-2.303000e-04	0.000000e+00	-4.710000e-12	2.303000e-04	0.000000e+00	-2.303000e-04
4.800000000000001e+00	4.800000e+00	4.800000e+00	-2.304000e-04	0.000000e+00	-4.810000e-12	2.304000e-04	0.000000e+00	-2.304000e-04
4.900000000000000e+00	4.900000e+00	4.800000e+00	-2.304000e-04	0.000000e+00	-4.910000e-12	2.304000e-04	0.000000e+00	-2.304000e-04
5.000000000000000e+00	5.000000e+00	4.800000e+00	-2.304000e-04	0.000000e+00	-5.010000e-12	2.304000e-04	0.000000e+00	-2.304000e-04
5.100000000000001e+00	5.100000e+00	4.800000e+00	-2.304000e-04	0.000000e+00	-5.110000e-12	2.304000e-04	0.000000e+00	-2.304000e-04
5.200000000000000e+00	5.200000e+00	4.800000e+00	-2.304000e-04	0.000000e+00	-5.210000e-12	2.304000e-04	0.000000e+00	-2.304000e-04
5.300000000000001e+00	5.300000e+00	4.800000e+00	-2.304000e-04	0.000000e+00	-5.310000e-12	2.304000e-04	0.000000e+00	-2.304000e-04
5.400000000000000e+00	5.400000e+00	4.800000e+00	-2.304000e-04	0.000000e+00	-5.410000e-12	2.304000e-04	0.000000e+00	-2.304000e-04
5.500000000000000e+00	5.500000e+00	4.800000e+00	-2.304000e-04	0.000000e+00	-5.510000e-12	2.304000e-04	0.000000e+00	-2.304000e-04
5.600000000000001e+00	5.600000e+00	4.800000e+00	-2.304000e-04	0.000000e+00	-5.610000e-12	2.304000e-04	0.000000e+00	-2.304000e-04
5.700000000000000e+00	5.700000e+00	4.800000e+00	-2.304000e-04	0.000000e+00	-5.710000e-12	2.304000e-04	0.000000e+00	-2.304000e-04
5.800000000000001e+00	5.800000e+00	4.800000e+00	-2.304000e-04	0.000000e+00	-5.810000e-12	2.304000e-04	0.000000e+00	-2.304000e-04
5.900000000000000e+00	5.900000e+00	4.800000e+00	-2.304000e-04	0.000000e+00	-5.910000e-12	2.304000e-04	0.000000e+00	-2.304000e-04
6.000000000000000e+00	6.000000e+00	4.800000e+00	-2.304000e-04	0.000000e+00	-6.010000e-12	2.304000e-04	0.000000e+00	-2.304000e-04
Step Information: Vin=4.9  (Step: 50/51)
0.000000000000000e+00	0.000000e+00	4.900000e+00	0.000000e+00	0.000000e+00	0.000000e+00	0.000000e+00	0.000000e+00	-0.000000e+00
1.000000000000000e-01	1.000000e-01	4.900000e+00	-9.700000e-06	0.000000e+00	-1.097906e-13	9.700000e-06	0.000000e+00	-9.700000e-06
2.000000000000000e-01	2.000000e-01	4.900000e+00	-1.920000e-05	0.000000e+00	-2.099956e-13	1.920000e-05	0.000000e+00	-1.920000e-05
3.000000000000000e-01	3.000000e-01	4.900000e+00	-2.850000e-05	0.000000e+00	-3.099999e-13	2.850000e-05	0.000000e+00	-2.850000e-05
4.000000000000000e-01	4.000000e-01	4.900000e+00	-3.760000e-05	0.000000e+00	-4.100000e-13	3.760000e-05	0.000000e+00	-3.760000e-05
5.000000000000000e-01	5.000000e-01	4.900000e+00	-4.650000e-05	0.000000e+00	-5.100000e-13	4.650000e-05	0.000000e+00	-4.650000e-05
6.000000000000001e-01	6.000000e-01	4.900000e+00	-5.520000e-05	0.000000e+00	-6.100000e-13	5.520000e-05	0.000000e+00	-5.520000e-05
7.000000000000001e-01	7.000000e-01	4.900000e+00	-6.370000e-05	0.000000e+00	-7.100000e-13	6.370000e-05	0.000000e+00	-6.370000e-05
8.000000000000000e-01	8.000000e-01	4.900000e+00	-7.200000e-05	0.000000e+00	-8.100000e-13	7.200000e-05	0.000000e+00	-7.200000e-05
9.000000000000000e-01	9.000000e-01	4.900000e+00	-8.010000e-05	0.000000e+00	-9.100000e-13	8.010000e-05	0.000000e+00	-8.010000e-05
1.000000000000000e+00	1.000000e+00	4.900000e+00	-8.800000e-05	0.000000e+00	-1.010000e-12	8.800000e-05	0.000000e+00	-8.800000e-05
1.100000000000000e+00	1.100000e+00	4.900000e+00	-9.570000e-05	0.000000e+00	-1.110000e-12	9.570000e-05	0.000000e+00	-9.570000e-05
1.200000000000000e+00	1.200000e+00	4.900000e+00	-1.032000e-04	0.000000e+00	-1.210000e-12	1.032000e-04	0.000000e+00	-1.032000e-04
1.300000000000000e+00	1.300000e+00	4.900000e+00	-1.105000e-04	0.000000e+00	-1.310000e-12	1.105000e-04	0.000000e+00	-1.105000e-04
1.400000000000000e+00	1.400000e+00	4.900000e+00	-1.176000e-04	0.000000e+00	-1.410000e-12	1.176000e-04	0.000000e+00	-1.176000e-04
1.500000000000000e+00	1.500000e+00	4.900000e+00	-1.245000e-04	0.000000e+00	-1.510000e-12	1.245000e-04	0.000000e+00	-1.245000e-04
1.600000000000000e+00	1.600000e+00	4.900000e+00	-1.312000e-04	0.000000e+00	-1.610000e-12	1.312000e-04	0.000000e+00	-1.312000e-04
1.700000000000000e+00	1.700000e+00	4.900000e+00	-1.377000e-04	0.000000e+00	-1.710000e-12	1.377000e-04	0.000000e+00	-1.377000e-04
1.800000000000000e+00	1.800000e+00	4.900000e+00	-1.440000e-04	0.000000e+00	-1.810000e-12	1.440000e-04	0.000000e+00	-1.440000e-04
1.900000000000000e+00	1.900000e+00	4.900000e+00	-1.501000e-04	0.000000e+00	-1.910000e-12	1.501000e-04	0.000000e+00	-1.501000e-04
2.000000000000000e+00	2.000000e+00	4.900000e+00	-1.560000e-04	0.000000e+00	-2.010000e-12	1.560000e-04	0.000000e+00	-1.560000e-04
2.100000000000000e+00	2.100000e+00	4.900000e+00	-1.617000e-04	0.000000e+00	-2.110000e-12	1.617000e-04	0.000000e+00	-1.617000e-04
2.200000000000000e+00	2.200000e+00	4.900000e+00	-1.672000e-04	0.000000e+00	-2.210000e-12	1.672000e-04	0.000000e+00	-1.672000e-04
2.300000000000000e+00	2.300000e+00	4.900000e+00	-1.725000e-04	0.000000e+00	-2.310000e-12	1.725000e-04	0.000000e+00	-1.725000e-04
2.400000000000000e+00	2.400000e+00	4.900000e+00	-1.776000e-04	0.000000e+00	-2.410000e-12	1.776000e-04	0.000000e+00	-1.776000e-04
2.500000000000000e+00	2.500000e+00	4.900000e+00	-1.825000e-04	0.000000e+00	-2.510000e-12	1.825000e-04	0.000000e+00	-1.825000e-04
2.600000000000000e+00	2.600000e+00	4.900000e+00	-1.872000e-04	0.000000e+00	-2.610000e-12	1.872000e-04	0.000000e+00	-1.872000e-04
2.700000000000000e+00	2.700000e+00	4.900000e+00	-1.917000e-04	0.000000e+00	-2.710000e-12	1.917000e-04	0.000000e+00	-1.917000e-04
2.800000000000000e+00	2.800000e+00	4.900000e+00	-1.960000e-04	0.000000e+00	-2.810000e-12	1.960000e-04	0.000000e+00	-1.960000e-04
2.900000000000000e+00	2.900000e+00	4.900000e+00	-2.001000e-04	0.000000e+00	-2.910000e-12	2.001000e-04	0.000000e+00	-2.001000e-04
3.000000000000000e+00	3.000000e+00	4.900000e+00	-2.040000e-04	0.000000e+00	-3.010000e-12	2.040000e-04	0.000000e+00	-2.040000e-04
3.100000000000000e+00	3.100000e+00	4.900000e+00	-2.077000e-04	0.000000e+00	-3.110000e-12	2.077000e-04	0.000000e+00	-2.077000e-04
3.200000000000000e+00	3.200000e+00	4.900000e+00	-2.112000e-04	0.000000e+00	-3.210000e-12	2.112000e-04	0.000000e+00	-2.112000e-04
3.300000000000000e+00	3.300000e+00	4.900000e+00	-2.145000e-04	0.000000e+00	-3.310000e-12	2.145000e-04	0.000000e+00	-2.145000e-04
3.400000000000000e+00	3.400000e+00	4.900000e+00	-2.176000e-04	0.000000e+00	-3.410000e-12	2.176000e-04	0.000000e+00	-2.176000e-04
3.500000000000000e+00	3.500000e+00	4.900000e+00	-2.205000e-04	0.000000e+00	-3.510000e-12	2.205000e-04	0.000000e+00	-2.205000e-04
3.600000000000000e+00	3.600000e+00	4.900000e+00	-2.232000e-04	0.000000e+00	-3.610000e-12	2.232000e-04	0.000000e+00	-2.232000e-04
3.700000000000000e+00	3.700000e+00	4.900000e+00	-2.257000e-04	0.000000e+00	-3.710000e-12	2.257000e-04	0.000000e+00	-2.257000e-04
3.800000000000000e+00	3.800000e+00	4.900000e+00	-2.280000e-04	0.000000e+00	-3.810000e-12	2.280000e-04	0.000000e+00	-2.280000e-04
3.900000000000000e+00	3.900000e+00	4.900000e+00	-2.301000e-04	0.000000e+00	-3.910000e-12	2.301000e-04	0.000000e+00	-2.301000e-04
4.000000000000000e+00	4.000000e+00	4.900000e+00	-2.320000e-04	0.000000e+00	-4.010000e-12	2.320000e-04	0.000000e+00	-2.320000e-04
4.100000000000001e+00	4.100000e+00	4.900000e+00	-2.337000e-04	0.000000e+00	-4.110000e-12	2.337000e-04	0.000000e+00	-2.337000e-04
4.200000000000000e+00	4.200000e+00	4.900000e+00	-2.352000e-04	0.000000e+00	-4.210000e-12	2.352000e-04	0.000000e+00	-2.352000e-04
4.300000000000000e+00	4.300000e+00	4.900000e+00	-2.365000e-04	0.000000e+00	-4.310000e-12	2.365000e-04	0.000000e+00	-2.365000e-04
4.400000000000000e+00	4.400000e+00	4.900000e+00	-2.376000e-04	0.000000e+00	-4.410000e-12	2.376000e-04	0.000000e+00	-2.376000e-04
4.500000000000000e+00	4.500000e+00	4.900000e+00	-2.385000e-04	0.000000e+00	-4.510000e-12	2.385000e-04	0.000000e+00	-2.385000e-04
4.600000000000001e+00	4.600000e+00	4.900000e+00	-2.392000e-04	0.000000e+00	-4.610000e-12	2.392000e-04	0.000000e+00	-2.392000e-04
4.700000000000000e+00	4.700000e+00	4.900000e+00	-2.397000e-04	0.000000e+00	-4.710000e-12	2.397000e-04	0.000000e+00	-2.397000e-04
4.800000000000001e+00	4.800000e+00	4.900000e+00	-2.400000e-04	0.000000e+00	-4.810000e-12	2.400000e-04	0.000000e+00	-2.400000e-04
4.900000000000000e+00	4.900000e+00	4.900000e+00	-2.401000e-04	0.000000e+00	-4.910000e-12	2.401000e-04	0.000000e+00	-2.401000e-04
5.000000000000000e+00	5.000000e+00	4.900000e+00	-2.401000e-04	0.000000e+00	-5.010000e-12	2.401000e-04	0.000000e+00	-2.401000e-04
5.100000000000001e+00	5.100000e+00	4.900000e+00	-2.401000e-04	0.000000e+00	-5.110000e-12	2.401000e-04	0.000000e+00	-2.401000e-04
5.200000000000000e+00	5.200000e+00	4.900000e+00	-2.401000e-04	0.000000e+00	-5.210000e-12	2.401000e-04	0.000000e+00	-2.401000e-04
5.300000000000001e+00	5.300000e+00	4.900000e+00	-2.401000e-04	0.000000e+00	-5.310000e-12	2.401000e-04	0.000000e+00	-2.401000e-04
5.400000000000000e+00	5.400000e+00	4.900000e+00	-2.401000e-04	0.000000e+00	-5.410000e-12	2.401000e-04	0.000000e+00	-2.401000e-04
5.500000000000000e+00	5.500000e+00	4.900000e+00	-2.401000e-04	0.000000e+00	-5.510000e-12	2.401000e-04	0.000000e+00	-2.401000e-04
5.600000000000001e+00	5.600000e+00	4.900000e+00	-2.401000e-04	0.000000e+00	-5.610000e-12	2.401000e-04	0.000000e+00	-2.401000e-04
5.700000000000000e+00	5.700000e+00	4.900000e+00	-2.401000e-04	0.000000e+00	-5.710000e-12	2.401000e-04	0.000000e+00	-2.401000e-04
5.800000000000001e+00	5.800000e+00	4.900000e+00	-2.401000e-04	0.000000e+00	-5.810000e-12	2.401000e-04	0.000000e+00	-2.401000e-04
5.900000000000000e+00	5.900000e+00	4.900000e+00	-2.401000e-04	0.000000e+00	-5.910000e-12	2.401000e-04	0.000000e+00	-2.401000e-04
6.000000000000000e+00	6.000000e+00	4.900000e+00	-2.401000e-04	0.000000e+00	-6.010000e-12	2.401000e-04	0.000000e+00	-2.401000e-04
Step Information: Vin=5  (Step: 51/51)
0.000000000000000e+00	0.000000e+00	5.000000e+00	0.000000e+00	0.000000e+00	0.000000e+00	0.000000e+00	0.000000e+00	-0.000000e+00
1.000000000000000e-01	1.000000e-01	5.000000e+00	-9.900000e-06	0.000000e+00	-1.097906e-13	9.900000e-06	0.000000e+00	-9.900000e-06
2.000000000000000e-01	2.000000e-01	5.000000e+00	-1.960000e-05	0.000000e+00	-2.099956e-13	1.960000e-05	0.000000e+00	-1.960000e-05
3.000000000000000e-01	3.000000e-01	5.000000e+00	-2.910000e-05	0.000000e+00	-3.099999e-13	2.910000e-05	0.000000e+00	-2.910000e-05
4.000000000000000e-01	4.000000e-01	5.000000e+00	-3.840000e-05	0.000000e+00	-4.100000e-13	3.840000e-05	0.000000e+00	-3.840000e-05
5.000000000000000e-01	5.000000e-01	5.000000e+00	-4.750000e-05	0.000000e+00	-5.100000e-13	4.750000e-05	0.000000e+00	-4.750000e-05
6.000000000000001e-01	6.000000e-01	5.000000e+00	-5.640000e-05	0.000000e+00	-6.100000e-13	5.640000e-05	0.000000e+00	-5.640000e-05
7.000000000000001e-01	7.000000e-01	5.000000e+00	-6.510000e-05	0.000000e+00	-7.100000e-13	6.510000e-05	0.000000e+00	-6.510000e-05
8.000000000000000e-01	8.000000e-01	5.000000e+00	-7.360000e-05	0.000000e+00	-8.100000e-13	7.360000e-05	0.000000e+00	-7.360000e-05
9.000000000000000e-01	9.000000e-01	5.000000e+00	-8.190001e-05	0.000000e+00	-9.100000e-13	8.190001e-05	0.000000e+00	-8.190000e-05
1.000000000000000e+00	1.000000e+00	5.000000e+00	-9.000000e-05	0.000000e+00	-1.010000e-12	9.000000e-05	0.000000e+00	-9.000000e-05
1.100000000000000e+00	1.100000e+00	5.000000e+00	-9.790000e-05	0.000000e+00	-1.110000e-12	9.790000e-05	0.000000e+00	-9.790000e-05
1.200000000000000e+00	1.200000e+00	5.000000e+00	-1.056000e-04	0.000000e+00	-1.210000e-12	1.056000e-04	0.000000e+00	-1.056000e-04
1.300000000000000e+00	1.300000e+00	5.000000e+00	-1.131000e-04	0.000000e+00	-1.310000e-12	1.131000e-04	0.000000e+00	-1.131000e-04
1.400000000000000e+00	1.400000e+00	5.000000e+00	-1.204000e-04	0.000000e+00	-1.410000e-12	1.204000e-04	0.000000e+00	-1.204000e-04
1.500000000000000e+00	1.500000e+00	5.000000e+00	-1.275000e-04	0.000000e+00	-1.510000e-12	1.275000e-04	0.000000e+00	-1.275000e-04
1.600000000000000e+00	1.600000e+00	5.000000e+00	-1.344000e-04	0.000000e+00	-1.610000e-12	1.344000e-04	0.000000e+00	-1.344000e-04
1.700000000000000e+00	1.700000e+00	5.000000e+00	-1.411000e-04	0.000000e+00	-1.710000e-12	1.411000e-04	0.000000e+00	-1.411000e-04
1.800000000000000e+00	1.800000e+00	5.000000e+00	-1.476000e-04	0.000000e+00	-1.810000e-12	1.476000e-04	0.000000e+00	-1.476000e-04
1.900000000000000e+00	1.900000e+00	5.000000e+00	-1.539000e-04	0.000000e+00	-1.910000e-12	1.539000e-04	0.000000e+00	-1.539000e-04
2.000000000000000e+00	2.000000e+00	5.000000e+00	-1.600000e-04	0.000000e+00	-2.010000e-12	1.600000e-04	0.000000e+00	-1.600000e-04
2.100000000000000e+00	2.100000e+00	5.000000e+00	-1.659000e-04	0.000000e+00	-2.110000e-12	1.659000e-04	0.000000e+00	-1.659000e-04
2.200000000000000e+00	2.200000e+00	5.000000e+00	-1.716000e-04	0.000000e+00	-2.210000e-12	1.716000e-04	0.000000e+00	-1.716000e-04
2.300000000000000e+00	2.300000e+00	5.000000e+00	-1.771000e-04	0.000000e+00	-2.310000e-12	1.771000e-04	0.000000e+00	-1.771000e-04
2.400000000000000e+00	2.400000e+00	5.000000e+00	-1.824000e-04	0.000000e+00	-2.410000e-12	1.824000e-04	0.000000e+00	-1.824000e-04
2.500000000000000e+00	2.500000e+00	5.000000e+00	-1.875000e-04	0.000000e+00	-2.510000e-12	1.875000e-04	0.000000e+00	-1.875000e-04
2.600000000000000e+00	2.600000e+00	5.000000e+00	-1.924000e-04	0.000000e+00	-2.610000e-12	1.924000e-04	0.000000e+00	-1.924000e-04
2.700000000000000e+00	2.700000e+00	5.000000e+00	-1.971000e-04	0.000000e+00	-2.710000e-12	1.971000e-04	0.000000e+00	-1.971000e-04
2.800000000000000e+00	2.800000e+00	5.000000e+00	-2.016000e-04	0.000000e+00	-2.810000e-12	2.016000e-04	0.000000e+00	-2.016000e-04
2.900000000000000e+00	2.900000e+00	5.000000e+00	-2.059000e-04	0.000000e+00	-2.910000e-12	2.059000e-04	0.000000e+00	-2.059000e-04
3.000000000000000e+00	3.000000e+00	5.000000e+00	-2.100000e-04	0.000000e+00	-3.010000e-12	2.100000e-04	0.000000e+00	-2.100000e-04
3.100000000000000e+00	3.100000e+00	5.000000e+00	-2.139000e-04	0.000000e+00	-3.110000e-12	2.139000e-04	0.000000e+00	-2.139000e-04
3.200000000000000e+00	3.200000e+00	5.000000e+00	-2.176000e-04	0.000000e+00	-3.210000e-12	2.176000e-04	0.000000e+00	-2.176000e-04
3.300000000000000e+00	3.300000e+00	5.000000e+00	-2.211000e-04	0.000000e+00	-3.310000e-12	2.211000e-04	0.000000e+00	-2.211000e-04
3.400000000000000e+00	3.400000e+00	5.000000e+00	-2.244000e-04	0.000000e+00	-3.410000e-12	2.244000e-04	0.000000e+00	-2.244000e-04
3.500000000000000e+00	3.500000e+00	5.000000e+00	-2.275000e-04	0.000000e+00	-3.510000e-12	2.275000e-04	0.000000e+00	-2.275000e-04
3.600000000000000e+00	3.600000e+00	5.000000e+00	-2.304000e-04	0.000000e+00	-3.610000e-12	2.304000e-04	0.000000e+00	-2.304000e-04
3.700000000000000e+00	3.700000e+00	5.000000e+00	-2.331000e-04	0.000000e+00	-3.710000e-12	2.331000e-04	0.000000e+00	-2.331000e-04
3.800000000000000e+00	3.800000e+00	5.000000e+00	-2.356000e-04	0.000000e+00	-3.810000e-12	2.356000e-04	0.000000e+00	-2.356000e-04
3.900000000000000e+00	3.900000e+00	5.000000e+00	-2.379000e-04	0.000000e+00	-3.910000e-12	2.379000e-04	0.000000e+00	-2.379000e-04
4.000000000000000e+00	4.000000e+00	5.000000e+00	-2.400000e-04	0.000000e+00	-4.010000e-12	2.400000e-04	0.000000e+00	-2.400000e-04
4.100000000000001e+00	4.100000e+00	5.000000e+00	-2.419000e-04	0.000000e+00	-4.110000e-12	2.419000e-04	0.000000e+00	-2.419000e-04
4.200000000000000e+00	4.200000e+00	5.000000e+00	-2.436000e-04	0.000000e+00	-4.210000e-12	2.436000e-04	0.000000e+00	-2.436000e-04
4.300000000000000e+00	4.300000e+00	5.000000e+00	-2.451000e-04	0.000000e+00	-4.310000e-12	2.451000e-04	0.000000e+00	-2.451000e-04
4.400000000000000e+00	4.400000e+00	5.000000e+00	-2.464000e-04	0.000000e+00	-4.410000e-12	2.464000e-04	0.000000e+00	-2.464000e-04
4.500000000000000e+00	4.500000e+00	5.000000e+00	-2.475000e-04	0.000000e+00	-4.510000e-12	2.475000e-04	0.000000e+00	-2.475000e-04
4.600000000000001e+00	4.600000e+00	5.000000e+00	-2.484000e-04	0.000000e+00	-4.610000e-12	2.484000e-04	0.000000e+00	-2.484000e-04
4.700000000000000e+00	4.700000e+00	5.000000e+00	-2.491000e-04	0.000000e+00	-4.710000e-12	2.491000e-04	0.000000e+00	-2.491000e-04
4.800000000000001e+00	4.800000e+00	5.000000e+00	-2.496000e-04	0.000000e+00	-4.810000e-12	2.496000e-04	0.000000e+00	-2.496000e-04
4.900000000000000e+00	4.900000e+00	5.000000e+00	-2.499000e-04	0.000000e+00	-4.910000e-12	2.499000e-04	0.000000e+00	-2.499000e-04
5.000000000000000e+00	5.000000e+00	5.000000e+00	-2.500000e-04	0.000000e+00	-5.010000e-12	2.500000e-04	0.000000e+00	-2.500000e-04
5.100000000000001e+00	5.100000e+00	5.000000e+00	-2.500000e-04	0.000000e+00	-5.110000e-12	2.500000e-04	0.000000e+00	-2.500000e-04
5.200000000000000e+00	5.200000e+00	5.000000e+00	-2.500000e-04	0.000000e+00	-5.210000e-12	2.500000e-04	0.000000e+00	-2.500000e-04
5.300000000000001e+00	5.300000e+00	5.000000e+00	-2.500000e-04	0.000000e+00	-5.310000e-12	2.500000e-04	0.000000e+00	-2.500000e-04
5.400000000000000e+00	5.400000e+00	5.000000e+00	-2.500000e-04	0.000000e+00	-5.410000e-12	2.500000e-04	0.000000e+00	-2.500000e-04
5.500000000000000e+00	5.500000e+00	5.000000e+00	-2.500000e-04	0.000000e+00	-5.510000e-12	2.500000e-04	0.000000e+00	-2.500000e-04
5.600000000000001e+00	5.600000e+00	5.000000e+00	-2.500000e-04	0.000000e+00	-5.610000e-12	2.500000e-04	0.000000e+00	-2.500000e-04
5.700000000000000e+00	5.700000e+00	5.000000e+00	-2.500000e-04	0.000000e+00	-5.710000e-12	2.500000e-04	0.000000e+00	-2.500000e-04
5.800000000000001e+00	5.800000e+00	5.000000e+00	-2.500000e-04	0.000000e+00	-5.810000e-12	2.500000e-04	0.000000e+00	-2.500000e-04
5.900000000000000e+00	5.900000e+00	5.000000e+00	-2.500000e-04	0.000000e+00	-5.910000e-12	2.500000e-04	0.000000e+00	-2.500000e-04
6.000000000000000e+00	6.000000e+00	5.000000e+00	-2.500000e-04	0.000000e+00	-6.010000e-12	2.500000e-04	0.000000e+00	-2.500000e-04
